id,task_id,agent_id,step,timestamp,action,duration_ms,is_loop
9251d884-1efd-4ee8-bb40-063f7fd82928,9621a3e4-c911-42b9-a04c-7f0bcd40da75,coder-01,1,2026-02-06 20:52:19.141,file_write,7,f
eb9d9af9-a79c-483c-98b4-961410c3bfd5,9621a3e4-c911-42b9-a04c-7f0bcd40da75,coder-01,2,2026-02-06 20:52:20.858,shell_run,0,f
ce31d394-c7a2-4e16-a019-c8fe94422348,9621a3e4-c911-42b9-a04c-7f0bcd40da75,coder-01,3,2026-02-06 20:52:23.643,shell_run,0,f
ae3ca738-aaa3-4bd1-995e-c072bb7e53db,9621a3e4-c911-42b9-a04c-7f0bcd40da75,coder-01,4,2026-02-06 20:52:27.064,file_write,9,f
38c5dada-a2f4-41c0-86df-e3ae8529c4b1,9621a3e4-c911-42b9-a04c-7f0bcd40da75,coder-01,5,2026-02-06 20:52:29.229,shell_run,57,f
5115d19c-8347-45f1-8279-615b955308e7,9621a3e4-c911-42b9-a04c-7f0bcd40da75,coder-01,6,2026-02-06 20:52:31.313,shell_run,0,f
250be6da-9452-4ed6-9f78-38056d2c2dd2,9621a3e4-c911-42b9-a04c-7f0bcd40da75,coder-01,7,2026-02-06 20:52:33.802,file_read,6,f
69555607-b97d-4937-abca-fd34fdfb955b,9621a3e4-c911-42b9-a04c-7f0bcd40da75,coder-01,8,2026-02-06 20:52:39.162,"the action to take, only one name of [file_read, file_write, file_edit, file_list, shell_run, code_search, find_file], just the name, exactly as it's written.",,f
6efebc56-6c71-46cf-a5f8-21ec432d9605,9621a3e4-c911-42b9-a04c-7f0bcd40da75,coder-01,9,2026-02-06 20:52:39.17,unknown,,f
8fc723f3-d0eb-4d4b-bd64-f6364e6d0cea,9621a3e4-c911-42b9-a04c-7f0bcd40da75,coder-01,10,2026-02-06 20:52:39.18,"the action to take, only one name of [file_read, file_write, file_edit, file_list, shell_run, code_search, find_file], just the name, exactly as it's written.",,f
b264b720-9c46-4da2-867c-a806d0837348,9621a3e4-c911-42b9-a04c-7f0bcd40da75,coder-01,11,2026-02-06 20:52:39.187,unknown,,f
5bcba0f7-8222-48bb-8e2d-0e476c28d5b7,9621a3e4-c911-42b9-a04c-7f0bcd40da75,coder-01,12,2026-02-06 20:52:43.114,file_list,12,f
9d88a374-5f19-4a44-bc4a-1f8e67b7031f,aa60af2a-e036-4e95-ab63-dbd0c24ae4dd,coder-01,78,2026-02-07 15:06:54.357,file_write,7,f
5d9272b5-b37f-4a9d-abb3-2b85a13106ca,9621a3e4-c911-42b9-a04c-7f0bcd40da75,coder-01,13,2026-02-06 20:52:45.159,file_read,3,f
a92b358a-32d5-4365-9155-3438febba22f,a8ac446c-320e-4316-8b9b-62a329824eb4,coder-01,83,2026-02-07 15:06:54.364,file_write,16,f
4feeeb41-ad55-4b5f-a1d7-aedc16aa91a5,9621a3e4-c911-42b9-a04c-7f0bcd40da75,coder-01,14,2026-02-06 20:52:47.572,file_list,281,f
d6429166-12dd-4b68-9393-38c78704fcd6,1038a222-f5a4-4478-a33d-6f8600c39cf9,coder-01,59,2026-02-07 15:06:54.371,file_write,23,f
8a7156b8-7c99-4329-aec3-1e277fe2915f,9621a3e4-c911-42b9-a04c-7f0bcd40da75,coder-01,15,2026-02-06 20:52:51.003,code_search,699,f
2ac4cfec-c868-49c9-a375-100187863803,e5e43ce0-c924-4e6e-8024-309237a67457,coder-01,52,2026-02-07 15:14:00.922,find_file,136,f
c99a05cf-537a-4cc3-a867-225586e5e0cc,084ef220-e275-4a6c-b06c-1a260e534ac8,coder-01,75,2026-02-07 15:06:54.377,file_write,29,f
26d961f8-b8d5-4016-9906-88bbbf479be3,9621a3e4-c911-42b9-a04c-7f0bcd40da75,coder-01,16,2026-02-06 20:52:54.647,code_search,757,f
c580b245-3370-416a-aefa-71e145e26932,6f1c08c4-4c4d-4b1d-b633-03e4cb19959f,coder-01,52,2026-02-07 15:06:54.382,file_write,35,f
beafc026-ef19-481c-876f-cd56c9143be2,6f1c08c4-4c4d-4b1d-b633-03e4cb19959f,coder-01,66,2026-02-07 15:10:04.143,file_list,50,f
198b62e8-9144-4295-8120-eadb7a5506a0,beed8ccf-2c5d-441f-95dd-806b872fe53c,coder-01,60,2026-02-07 15:10:04.148,file_list,55,f
ceeed402-3c1c-4ee0-a2c0-a861ecba8ff2,9417edd2-7b5f-49ca-89a5-82d6fee8a352,coder-01,55,2026-02-07 15:10:04.155,file_list,60,f
e4f3e150-9c84-4ec5-8040-1f351f468b67,81e1c774-e480-4e12-8c75-69a7c8c3ef0d,coder-01,48,2026-02-07 15:10:04.161,file_list,68,f
713a8035-c6b3-4cec-9ca9-19bb921ec5cf,5fa9383e-1a10-40e6-b969-413b49a03701,coder-01,57,2026-02-07 15:10:04.167,file_list,73,f
fa6f59b0-e2e1-4f75-878f-adf60115f906,6e518895-3fd2-4603-9656-84d8d69024ad,coder-01,42,2026-02-07 15:10:04.173,file_list,79,f
8e7dd7d7-a089-481b-af42-85da82e3cc02,a8ac446c-320e-4316-8b9b-62a329824eb4,coder-01,101,2026-02-07 15:10:52.818,shell_run,2072,f
b67195ea-4e39-4117-b3a4-e314f7c3a743,1038a222-f5a4-4478-a33d-6f8600c39cf9,coder-01,77,2026-02-07 15:10:52.824,shell_run,2077,f
123a7e96-8589-4c73-911a-2a5348b7cf66,5d77aefc-529c-4e39-97f6-fac611c88a2d,coder-01,1,2026-02-07 15:11:18.55,file_write,128,f
c5d1fb21-d679-47ba-b0d3-43b1d66505bd,aa60af2a-e036-4e95-ab63-dbd0c24ae4dd,coder-01,98,2026-02-07 15:11:20.889,shell_run,0,f
0c9b21ad-d5db-400b-b03e-68ef2c47a641,9621a3e4-c911-42b9-a04c-7f0bcd40da75,coder-01,17,2026-02-06 20:52:58.89,code_search,872,f
da840f6c-c588-4796-92e3-6c041b424dbf,aa60af2a-e036-4e95-ab63-dbd0c24ae4dd,coder-01,81,2026-02-07 15:07:15.333,shell_run,0,f
f265234d-0ac8-4364-b0c6-e2c79266ce46,9621a3e4-c911-42b9-a04c-7f0bcd40da75,coder-01,18,2026-02-06 20:54:01.595,file_write,7,f
0adda01a-82cd-43d1-beeb-8b0749d03a36,a8ac446c-320e-4316-8b9b-62a329824eb4,coder-01,86,2026-02-07 15:07:15.344,shell_run,11,f
61dc9236-c551-4922-ba88-1c01407ec5c4,19be0f37-dd2a-4c97-80f5-47b4114c7841,coder-01,1,2026-02-06 20:54:01.621,file_write,40,f
88692531-fdb1-4ae0-80b8-fc4fba369feb,9621a3e4-c911-42b9-a04c-7f0bcd40da75,coder-01,19,2026-02-06 20:54:03.351,shell_run,0,f
88f2b2fe-855f-4faf-9efb-2b90a1fc15e0,1038a222-f5a4-4478-a33d-6f8600c39cf9,coder-01,62,2026-02-07 15:07:15.351,shell_run,17,f
2843e140-b680-4ae6-adf7-2b89324da301,19be0f37-dd2a-4c97-80f5-47b4114c7841,coder-01,2,2026-02-06 20:54:03.366,shell_run,14,f
d8b1db64-ca21-4676-b1fd-a91e32d49bb5,9621a3e4-c911-42b9-a04c-7f0bcd40da75,coder-01,20,2026-02-06 20:54:08.158,file_write,10,f
83956378-9116-4d21-8158-488427fe2255,084ef220-e275-4a6c-b06c-1a260e534ac8,coder-01,78,2026-02-07 15:07:15.36,shell_run,27,f
848dc944-ef0a-4203-bd25-db9ce0c85f1d,19be0f37-dd2a-4c97-80f5-47b4114c7841,coder-01,3,2026-02-06 20:54:08.178,file_write,30,f
97cba68e-7ef8-440c-a7db-fe99063a774f,9621a3e4-c911-42b9-a04c-7f0bcd40da75,coder-01,21,2026-02-06 20:54:13.068,shell_run,2063,f
afd0bb8d-6a94-4775-8cae-8b6b2e29d95c,6f1c08c4-4c4d-4b1d-b633-03e4cb19959f,coder-01,55,2026-02-07 15:07:15.366,shell_run,33,f
7642e904-9c64-4c66-9b65-af000ccb2650,19be0f37-dd2a-4c97-80f5-47b4114c7841,coder-01,4,2026-02-06 20:54:13.081,shell_run,2076,f
f88e6a80-ac70-4639-a9a0-acd930419860,19be0f37-dd2a-4c97-80f5-47b4114c7841,coder-01,5,2026-02-06 20:54:19.98,"the action to take, only one name of [file_read, file_write, file_edit, file_list, shell_run, code_search, find_file], just the name, exactly as it's written.",,f
718772cb-32b9-4112-b4e0-efa48f08f182,19be0f37-dd2a-4c97-80f5-47b4114c7841,coder-01,6,2026-02-06 20:54:19.987,unknown,,f
e0125198-a5c5-49ef-972c-9b47f80505a7,9621a3e4-c911-42b9-a04c-7f0bcd40da75,coder-01,22,2026-02-06 20:54:22.781,file_write,7,f
47311a29-d0c4-4051-bf2d-6cd45b72e096,beed8ccf-2c5d-441f-95dd-806b872fe53c,coder-01,49,2026-02-07 15:07:15.371,shell_run,38,f
1a74b05d-98c3-4f11-a8b1-9ea7bf8e5c41,19be0f37-dd2a-4c97-80f5-47b4114c7841,coder-01,7,2026-02-06 20:54:22.799,file_write,27,f
a712385a-bd45-46b8-906b-c717cf0749e5,9d80c84d-00c5-4f33-a7c6-71aba09fa63a,coder-01,5,2026-02-06 20:59:50.342,file_read,37,f
a90f8b80-035e-4d8d-aeeb-bcd1326129ca,9417edd2-7b5f-49ca-89a5-82d6fee8a352,coder-01,44,2026-02-07 15:07:15.376,shell_run,43,f
754261d6-3c8b-4df7-ad36-2f2c287a2f24,19be0f37-dd2a-4c97-80f5-47b4114c7841,coder-01,1,2026-02-06 20:54:22.806,file_write,33,f
6a823fc5-15dc-4b47-b85a-46b1fc7e3cc7,9621a3e4-c911-42b9-a04c-7f0bcd40da75,coder-01,23,2026-02-06 20:54:25.382,shell_run,0,f
2adb08be-1410-49c4-9182-8b27831c553a,81e1c774-e480-4e12-8c75-69a7c8c3ef0d,coder-01,37,2026-02-07 15:07:15.381,shell_run,48,f
bebe39b2-e923-4b49-b444-8bd134d1e2e4,19be0f37-dd2a-4c97-80f5-47b4114c7841,coder-01,8,2026-02-06 20:54:25.401,shell_run,19,f
5c660edf-f028-4766-9b02-f9017e1a2eb2,19be0f37-dd2a-4c97-80f5-47b4114c7841,coder-01,2,2026-02-06 20:54:25.41,shell_run,29,f
c1d77605-bf71-40ec-9a42-a4c50deec6af,9621a3e4-c911-42b9-a04c-7f0bcd40da75,coder-01,24,2026-02-06 20:54:27.578,shell_run,0,f
7d399a7e-9bbb-44cb-9fc8-259696eff7d1,5fa9383e-1a10-40e6-b969-413b49a03701,coder-01,46,2026-02-07 15:07:15.386,shell_run,53,f
985f5ba3-e9ac-444a-9786-9deb5a5ab4ae,19be0f37-dd2a-4c97-80f5-47b4114c7841,coder-01,9,2026-02-06 20:54:27.593,shell_run,17,f
33e0ac51-9a36-4ca0-9f5d-1206e2252bcf,19be0f37-dd2a-4c97-80f5-47b4114c7841,coder-01,3,2026-02-06 20:54:27.6,shell_run,25,f
7a6f44d8-c88a-41d7-9d7c-bab3267e1c23,9621a3e4-c911-42b9-a04c-7f0bcd40da75,coder-01,25,2026-02-06 20:54:31.435,file_write,10,f
c434df20-bda4-4c60-979a-d82fe76833fc,6e518895-3fd2-4603-9656-84d8d69024ad,coder-01,31,2026-02-07 15:07:15.39,shell_run,57,f
68b14c93-b09b-4e45-be39-c92f64c773d8,19be0f37-dd2a-4c97-80f5-47b4114c7841,coder-01,10,2026-02-06 20:54:31.453,file_write,28,f
9b14ee04-ab8e-4356-a268-23cb4b8cec40,19be0f37-dd2a-4c97-80f5-47b4114c7841,coder-01,4,2026-02-06 20:54:31.459,file_write,34,f
02a4c7e9-0139-485d-b54c-145d24a87c88,9621a3e4-c911-42b9-a04c-7f0bcd40da75,coder-01,26,2026-02-06 20:54:33.474,shell_run,75,f
2824fc0b-120b-4297-ab87-4bd152e4e913,ef9983a2-ffea-4066-a718-01dfc5d3cb91,coder-01,25,2026-02-07 15:07:15.396,shell_run,63,f
bdcfdd0c-b0e5-466b-8ab5-e5a6cdfd8f67,19be0f37-dd2a-4c97-80f5-47b4114c7841,coder-01,11,2026-02-06 20:54:33.489,shell_run,91,f
680bfb02-1a07-4693-bf59-95228e0d7b9b,55dca8b0-41ac-485a-bd87-c5c7073bc1a1,coder-01,27,2026-02-07 15:07:15.401,shell_run,68,f
5f96a598-31e6-4aab-8a7f-38d6a71331fd,a8ac446c-320e-4316-8b9b-62a329824eb4,coder-01,102,2026-02-07 15:11:18.444,file_write,22,f
2b3ea985-04d6-40c1-9637-32f95bfc08ca,19be0f37-dd2a-4c97-80f5-47b4114c7841,coder-01,5,2026-02-06 20:54:33.498,shell_run,99,f
6104116b-7c3e-474f-a846-b6c283c99da5,9621a3e4-c911-42b9-a04c-7f0bcd40da75,coder-01,27,2026-02-06 20:54:37.284,shell_run,1616,f
c8728fb4-b0b0-445f-95e8-a1d192de8030,e5e43ce0-c924-4e6e-8024-309237a67457,coder-01,22,2026-02-07 15:07:15.408,shell_run,75,f
6251a5cf-046c-4a77-b016-653fc26759af,19be0f37-dd2a-4c97-80f5-47b4114c7841,coder-01,12,2026-02-06 20:54:37.3,shell_run,1632,f
8348c162-f808-43a1-a01e-56a65bd728f9,19be0f37-dd2a-4c97-80f5-47b4114c7841,coder-01,6,2026-02-06 20:54:37.307,shell_run,1641,f
25d3b13d-5bcb-4580-ba10-e23706925092,9621a3e4-c911-42b9-a04c-7f0bcd40da75,coder-01,29,2026-02-06 20:54:46.925,file_list,2,f
a85b54d4-578b-460b-b659-7e57a8217463,d32011bb-9a16-4348-9df1-0b7570d92386,coder-01,22,2026-02-07 15:07:15.414,shell_run,80,f
e9affd98-fbd9-4a5e-bea7-4b475c0aa4c6,19be0f37-dd2a-4c97-80f5-47b4114c7841,coder-01,14,2026-02-06 20:54:46.958,file_list,35,f
53685522-e724-4e6e-9962-225e9dfb0b90,19be0f37-dd2a-4c97-80f5-47b4114c7841,coder-01,12,2026-02-06 20:54:46.967,file_list,45,f
78be9821-7735-4a4a-98e0-47ca7bfd4dc8,9b4c5680-5387-4823-ad60-f8236ac00905,qa-01,1,2026-02-06 20:54:46.977,file_list,54,f
576ed9a0-d825-4587-8498-11277b21ff1b,02fe5464-ccc8-418c-8722-7301fb22420f,coder-01,12,2026-02-07 15:07:15.419,shell_run,86,f
0a906ee3-7fb8-476b-8723-d9ffd6859cf4,ebada532-ce60-4b9e-bbc6-3df28145bda2,coder-01,8,2026-02-07 15:07:15.425,shell_run,92,f
a85058b3-ea29-45a9-8e95-dc00b2a8e5da,c7f2d586-beb7-4040-991f-c36846d6682f,coder-01,2,2026-02-07 15:07:15.43,shell_run,97,f
af26c9d5-d2bb-40f5-b1f8-a566cdb444fe,aa60af2a-e036-4e95-ab63-dbd0c24ae4dd,coder-01,82,2026-02-07 15:07:19.902,file_write,7,f
2942ee10-cd12-4556-a1c3-c4308d8b6540,a8ac446c-320e-4316-8b9b-62a329824eb4,coder-01,87,2026-02-07 15:07:19.912,file_write,17,f
736401bc-0176-48cd-8d1a-a92e573fbd40,1038a222-f5a4-4478-a33d-6f8600c39cf9,coder-01,63,2026-02-07 15:07:19.917,file_write,22,f
40359920-28c4-4b61-b685-39ab1a390178,084ef220-e275-4a6c-b06c-1a260e534ac8,coder-01,79,2026-02-07 15:07:19.921,file_write,27,f
b6901638-6215-4096-b268-8f1c619af8c5,6f1c08c4-4c4d-4b1d-b633-03e4cb19959f,coder-01,56,2026-02-07 15:07:19.926,file_write,31,f
c2aa0fb2-9c7b-4c1c-9616-18bbc360fa18,d32011bb-9a16-4348-9df1-0b7570d92386,coder-01,52,2026-02-07 15:14:00.928,find_file,143,f
b01fcb53-c9ae-4795-a26f-cb7241e3a7f1,9621a3e4-c911-42b9-a04c-7f0bcd40da75,coder-01,28,2026-02-06 20:54:39.513,file_read,5,f
c517f4c1-325e-4643-b769-2d8581fbb634,beed8ccf-2c5d-441f-95dd-806b872fe53c,coder-01,50,2026-02-07 15:07:19.931,file_write,37,f
18a0a5ff-97c4-4c45-bb28-af06e3d895eb,19be0f37-dd2a-4c97-80f5-47b4114c7841,coder-01,13,2026-02-06 20:54:39.534,file_read,27,f
39e9e1e8-f58e-46c7-9f1b-8f5cec96f0f6,19be0f37-dd2a-4c97-80f5-47b4114c7841,coder-01,7,2026-02-06 20:54:39.541,file_read,34,f
19dab33b-0318-43cb-87dd-69648b44a6b4,19be0f37-dd2a-4c97-80f5-47b4114c7841,coder-01,8,2026-02-06 20:54:44.613,"the action to take, only one name of [file_read, file_write, file_edit, file_list, shell_run, code_search, find_file], just the name, exactly as it's written.",,f
5396542d-d204-4ac3-9679-6b1a9720a758,19be0f37-dd2a-4c97-80f5-47b4114c7841,coder-01,9,2026-02-06 20:54:44.619,unknown,,f
4c39cd7b-21b7-4d35-8c0b-8c7dfe4a4ce6,19be0f37-dd2a-4c97-80f5-47b4114c7841,coder-01,10,2026-02-06 20:54:44.627,"the action to take, only one name of [file_read, file_write, file_edit, file_list, shell_run, code_search, find_file], just the name, exactly as it's written.",,f
5967936b-b168-4703-b04a-65ab10c3663f,19be0f37-dd2a-4c97-80f5-47b4114c7841,coder-01,11,2026-02-06 20:54:44.634,unknown,,f
94fb85b9-19d2-4975-a8f9-7c745f2d0e32,9621a3e4-c911-42b9-a04c-7f0bcd40da75,coder-01,30,2026-02-06 20:54:48.673,file_list,14,f
97d214c7-37cf-4ccd-95ec-5bc1693b4ad1,9417edd2-7b5f-49ca-89a5-82d6fee8a352,coder-01,45,2026-02-07 15:07:19.936,file_write,42,f
ad737fbf-c0d8-42c0-ae62-0ba8281524f7,19be0f37-dd2a-4c97-80f5-47b4114c7841,coder-01,15,2026-02-06 20:54:48.693,file_list,34,f
211c2457-227c-48d6-8942-61f3834197dd,19be0f37-dd2a-4c97-80f5-47b4114c7841,coder-01,13,2026-02-06 20:54:48.699,file_list,41,f
3dd3e8ae-677a-42a4-acea-3157f7d4d43c,9b4c5680-5387-4823-ad60-f8236ac00905,qa-01,2,2026-02-06 20:54:48.707,file_list,48,f
3cf1cc9f-be0c-469d-89ea-d3977dcb1e01,9621a3e4-c911-42b9-a04c-7f0bcd40da75,coder-01,31,2026-02-06 20:54:51.35,file_list,333,f
14285236-c52d-42f6-a114-10bf1c71cae9,81e1c774-e480-4e12-8c75-69a7c8c3ef0d,coder-01,38,2026-02-07 15:07:19.941,file_write,46,f
32ab7bf3-bb67-412c-9fe8-f99fc7da93b0,9d80c84d-00c5-4f33-a7c6-71aba09fa63a,coder-01,3,2026-02-06 20:59:44.214,shell_run,40,f
776252a6-791c-44af-b5a3-9f7e8c1da0a4,5fa9383e-1a10-40e6-b969-413b49a03701,coder-01,47,2026-02-07 15:07:19.946,file_write,51,f
48a3983f-a820-4574-be71-a71dc876c16f,19be0f37-dd2a-4c97-80f5-47b4114c7841,coder-01,16,2026-02-06 20:54:51.364,file_list,346,f
838e4266-ee26-44ad-b7ba-818c78a81a6d,19be0f37-dd2a-4c97-80f5-47b4114c7841,coder-01,14,2026-02-06 20:54:51.372,file_list,354,f
c8311df5-ca2a-4075-a87e-671225baf99c,9b4c5680-5387-4823-ad60-f8236ac00905,qa-01,3,2026-02-06 20:54:51.381,file_list,363,f
50d52dae-e68d-4876-b73b-dc4bbc55f98d,9621a3e4-c911-42b9-a04c-7f0bcd40da75,coder-01,33,2026-02-06 20:54:59.991,file_read,6,f
33379ef0-b15a-41e4-899c-102adbe7318f,6e518895-3fd2-4603-9656-84d8d69024ad,coder-01,32,2026-02-07 15:07:19.952,file_write,57,f
e60aba66-93dc-4a41-85f1-f246c4f3caf2,19be0f37-dd2a-4c97-80f5-47b4114c7841,coder-01,18,2026-02-06 20:55:00.007,file_read,22,f
3cfde023-4718-4e38-ba83-b37ce2c508c2,b5cc4f23-e790-4d60-8a48-c674cedd962b,coder-01,2,2026-02-06 20:59:44.221,shell_run,47,f
72a9bdf9-a1e0-417a-9a10-bfa056391efa,b5cc4f23-e790-4d60-8a48-c674cedd962b,coder-01,4,2026-02-06 20:59:50.348,file_read,44,f
9044f776-9dbb-496e-8e72-117904ea0156,9621a3e4-c911-42b9-a04c-7f0bcd40da75,coder-01,40,2026-02-06 21:00:02.752,find_file,42,f
61a6272e-1275-42bd-bf4c-5d59fe89b603,ef9983a2-ffea-4066-a718-01dfc5d3cb91,coder-01,26,2026-02-07 15:07:19.956,file_write,62,f
a26eede6-0441-4983-92af-4c3d432d2a61,02fe5464-ccc8-418c-8722-7301fb22420f,coder-01,42,2026-02-07 15:14:00.934,find_file,149,f
cb41bbdb-55ea-4d7a-9d94-b6b07f07a712,9621a3e4-c911-42b9-a04c-7f0bcd40da75,coder-01,32,2026-02-06 20:54:57.288,code_search,1235,f
9111a037-8d98-4b5a-9350-b97a80ce23f4,55dca8b0-41ac-485a-bd87-c5c7073bc1a1,coder-01,28,2026-02-07 15:07:19.961,file_write,67,f
88c91819-8bd1-40b1-a74c-1ef86270e51a,19be0f37-dd2a-4c97-80f5-47b4114c7841,coder-01,17,2026-02-06 20:54:57.314,code_search,1262,f
30d64916-e067-4bc0-b1d2-5d8b38f826ff,19be0f37-dd2a-4c97-80f5-47b4114c7841,coder-01,15,2026-02-06 20:54:57.324,code_search,1272,f
d1b23e1b-ea6b-420a-82e8-ac50b0ab8893,9b4c5680-5387-4823-ad60-f8236ac00905,qa-01,4,2026-02-06 20:54:57.334,code_search,1281,f
5b6a8ce5-a416-4210-8c74-6c9a566eb28a,e5e43ce0-c924-4e6e-8024-309237a67457,coder-01,23,2026-02-07 15:07:19.967,file_write,72,f
14001fe9-dbc8-4d92-8db1-3c3fb2feb45f,d32011bb-9a16-4348-9df1-0b7570d92386,coder-01,23,2026-02-07 15:07:19.972,file_write,77,f
01dab020-3412-4f87-8e2c-ae78f0742f56,02fe5464-ccc8-418c-8722-7301fb22420f,coder-01,13,2026-02-07 15:07:19.977,file_write,82,f
ae72d019-c105-4c95-b799-21951cb871f7,ebada532-ce60-4b9e-bbc6-3df28145bda2,coder-01,9,2026-02-07 15:07:19.982,file_write,88,f
5e0abc1f-8e80-4b33-9a97-39245df31d86,c7f2d586-beb7-4040-991f-c36846d6682f,coder-01,3,2026-02-07 15:07:19.987,file_write,93,f
a8cb0f9b-ca6d-48f5-84c8-5884c141a023,aa60af2a-e036-4e95-ab63-dbd0c24ae4dd,coder-01,83,2026-02-07 15:07:22.178,shell_run,21,f
f52625d7-9621-4613-a6e6-246f0459e187,a8ac446c-320e-4316-8b9b-62a329824eb4,coder-01,88,2026-02-07 15:07:22.189,shell_run,31,f
c1e8883f-e553-438b-8366-1ce1a1523e68,1038a222-f5a4-4478-a33d-6f8600c39cf9,coder-01,64,2026-02-07 15:07:22.194,shell_run,38,f
814a6428-5244-42f0-88c9-f692233170f0,084ef220-e275-4a6c-b06c-1a260e534ac8,coder-01,80,2026-02-07 15:07:22.2,shell_run,43,f
abd07fc0-78aa-4f6f-ab43-9ff09f00bab7,6f1c08c4-4c4d-4b1d-b633-03e4cb19959f,coder-01,57,2026-02-07 15:07:22.205,shell_run,48,f
ad79c10f-18ee-4baf-bd6c-0be7e60dcfc1,beed8ccf-2c5d-441f-95dd-806b872fe53c,coder-01,51,2026-02-07 15:07:22.21,shell_run,53,f
6dc6075b-291e-48fa-afd4-12bee620321b,9417edd2-7b5f-49ca-89a5-82d6fee8a352,coder-01,46,2026-02-07 15:07:22.215,shell_run,59,f
e672f9dd-2e6f-43dd-a2b5-4289d939cd44,19be0f37-dd2a-4c97-80f5-47b4114c7841,coder-01,16,2026-02-06 20:55:00.015,file_read,30,f
77d51547-d02a-4f98-9a50-d46c72a728d3,9b4c5680-5387-4823-ad60-f8236ac00905,qa-01,5,2026-02-06 20:55:00.022,file_read,37,f
d1ad52a5-ea77-4429-90cf-84168279e267,9621a3e4-c911-42b9-a04c-7f0bcd40da75,coder-01,34,2026-02-06 20:59:30.936,file_write,8,f
1bea3523-a830-4446-8995-935c14bb819c,81e1c774-e480-4e12-8c75-69a7c8c3ef0d,coder-01,39,2026-02-07 15:07:22.221,shell_run,64,f
367b4f9d-110a-4c11-9079-a32497002d3a,19be0f37-dd2a-4c97-80f5-47b4114c7841,coder-01,19,2026-02-06 20:59:30.956,file_write,29,f
2a2858eb-dc64-451b-872d-741a686231ca,19be0f37-dd2a-4c97-80f5-47b4114c7841,coder-01,17,2026-02-06 20:59:30.965,file_write,36,f
e6950fd6-a6e3-4fca-99e0-69e7e0c71696,9b4c5680-5387-4823-ad60-f8236ac00905,qa-01,6,2026-02-06 20:59:30.971,file_write,44,f
574fcf7d-3a0a-4e1b-831b-ae409dfb3b00,9d80c84d-00c5-4f33-a7c6-71aba09fa63a,coder-01,1,2026-02-06 20:59:30.977,file_write,50,f
6622d543-82be-414f-af0a-49e2de897013,9621a3e4-c911-42b9-a04c-7f0bcd40da75,coder-01,35,2026-02-06 20:59:41.65,file_write,7,f
9952fbd1-18f5-4f7d-a423-a30863f37c70,5fa9383e-1a10-40e6-b969-413b49a03701,coder-01,48,2026-02-07 15:07:22.226,shell_run,69,f
629044f9-1481-4f55-8ff7-4637053081a6,19be0f37-dd2a-4c97-80f5-47b4114c7841,coder-01,20,2026-02-06 20:59:41.669,file_write,27,f
96b610cf-57e6-4a5b-b8fc-e3819fcebb02,19be0f37-dd2a-4c97-80f5-47b4114c7841,coder-01,18,2026-02-06 20:59:41.676,file_write,34,f
a975280b-3ecf-4232-9c4d-bacec35809bf,9b4c5680-5387-4823-ad60-f8236ac00905,qa-01,7,2026-02-06 20:59:41.683,file_write,41,f
a4548fb1-49eb-4f2e-b0b1-998cc3cf5801,9d80c84d-00c5-4f33-a7c6-71aba09fa63a,coder-01,2,2026-02-06 20:59:41.689,file_write,47,f
9a82c745-1c8f-4d5f-880a-0fae34b8f967,b5cc4f23-e790-4d60-8a48-c674cedd962b,coder-01,1,2026-02-06 20:59:41.696,file_write,54,f
396351cb-a5f9-43a2-9ad8-7836b9a4bba6,9621a3e4-c911-42b9-a04c-7f0bcd40da75,coder-01,36,2026-02-06 20:59:44.174,shell_run,0,f
2e824387-414a-4238-8fcc-3b768167651f,19be0f37-dd2a-4c97-80f5-47b4114c7841,coder-01,21,2026-02-06 20:59:44.193,shell_run,19,f
d4344044-b6a1-4560-8eaa-8766af8120ce,19be0f37-dd2a-4c97-80f5-47b4114c7841,coder-01,19,2026-02-06 20:59:44.2,shell_run,26,f
b947c8c1-c590-4de8-93c4-0e4343e15670,9b4c5680-5387-4823-ad60-f8236ac00905,qa-01,8,2026-02-06 20:59:44.207,shell_run,34,f
993fd1bb-173b-4111-afef-4df625c65bc4,3298345d-4158-4f96-86ae-91ce84816b98,cto-01,2,2026-02-06 20:59:50.335,file_read,31,f
27e3a9e6-04e9-40ee-903b-74cb77880f32,9621a3e4-c911-42b9-a04c-7f0bcd40da75,coder-01,37,2026-02-06 20:59:46.268,file_list,276,f
bad17a59-6667-4954-aa01-a09660dc70a7,6e518895-3fd2-4603-9656-84d8d69024ad,coder-01,33,2026-02-07 15:07:22.232,shell_run,75,f
81bfdc1d-f3f0-424e-95e3-95da0c4b21c5,9621a3e4-c911-42b9-a04c-7f0bcd40da75,coder-01,39,2026-02-06 20:59:54.722,find_file,14,f
ff0ec334-17e0-4995-8b5f-b32a01d2b92a,ef9983a2-ffea-4066-a718-01dfc5d3cb91,coder-01,27,2026-02-07 15:07:22.239,shell_run,83,f
c39c2637-94b3-4f54-8676-8f1c3bd8eab9,19be0f37-dd2a-4c97-80f5-47b4114c7841,coder-01,24,2026-02-06 20:59:54.739,find_file,31,f
d24955a0-a349-46c6-a7a4-958ff98863c0,19be0f37-dd2a-4c97-80f5-47b4114c7841,coder-01,22,2026-02-06 20:59:54.745,find_file,37,f
8be75d70-4b19-48f8-a04f-5bcd1c476fb2,55dca8b0-41ac-485a-bd87-c5c7073bc1a1,coder-01,29,2026-02-07 15:07:22.245,shell_run,88,f
f3d8fedd-5d7c-4915-8fbb-007bd6ff483f,19be0f37-dd2a-4c97-80f5-47b4114c7841,coder-01,25,2026-02-06 21:00:02.77,find_file,60,f
9552d1bc-1c16-450d-aadf-427fa9d1cc2b,19be0f37-dd2a-4c97-80f5-47b4114c7841,coder-01,23,2026-02-06 21:00:02.777,find_file,66,f
26a9302e-5b95-4e9b-b8db-44e6e0c3e461,9b4c5680-5387-4823-ad60-f8236ac00905,qa-01,12,2026-02-06 21:00:02.784,find_file,73,f
1e86c8cb-d32d-4b46-9a95-77475c945dbc,e5e43ce0-c924-4e6e-8024-309237a67457,coder-01,24,2026-02-07 15:07:22.25,shell_run,93,f
7f957f85-4139-4ca0-8d9d-4c8b32a013bb,d32011bb-9a16-4348-9df1-0b7570d92386,coder-01,24,2026-02-07 15:07:22.255,shell_run,99,f
68264337-8b60-4a4e-8735-58f614c5974a,02fe5464-ccc8-418c-8722-7301fb22420f,coder-01,14,2026-02-07 15:07:22.261,shell_run,104,f
e3772082-f472-44f2-bef2-2ce15758ea74,ebada532-ce60-4b9e-bbc6-3df28145bda2,coder-01,38,2026-02-07 15:14:00.94,find_file,155,f
963ebe1f-1fe0-4044-952e-dedcc8210fc3,19be0f37-dd2a-4c97-80f5-47b4114c7841,coder-01,22,2026-02-06 20:59:46.282,file_list,290,f
556a9b3d-b228-4163-b98f-82ab635e9637,19be0f37-dd2a-4c97-80f5-47b4114c7841,coder-01,20,2026-02-06 20:59:46.293,file_list,300,f
909245ed-f735-4311-81e5-8cab61b4e74b,9b4c5680-5387-4823-ad60-f8236ac00905,qa-01,9,2026-02-06 20:59:46.302,file_list,309,f
42175b14-d5b7-4959-b637-c5a2a244e011,3298345d-4158-4f96-86ae-91ce84816b98,cto-01,1,2026-02-06 20:59:46.315,file_list,323,f
f9ae19ef-1638-4692-957f-6d04bf71b503,9d80c84d-00c5-4f33-a7c6-71aba09fa63a,coder-01,4,2026-02-06 20:59:46.323,file_list,330,f
91746084-8bdd-49ec-92d8-ae3dbafc4ca9,b5cc4f23-e790-4d60-8a48-c674cedd962b,coder-01,3,2026-02-06 20:59:46.33,file_list,338,f
403106c4-2df1-4715-880f-33590f9d2089,9621a3e4-c911-42b9-a04c-7f0bcd40da75,coder-01,38,2026-02-06 20:59:50.305,file_read,0,f
a8e31993-7226-4b3a-8f20-49154c2406e2,c7f2d586-beb7-4040-991f-c36846d6682f,coder-01,48,2026-02-07 15:14:00.949,find_file,161,f
ba36d705-4b1c-41fe-b562-18e55b5bd3fa,19be0f37-dd2a-4c97-80f5-47b4114c7841,coder-01,23,2026-02-06 20:59:50.317,file_read,13,f
51616d9e-9941-470c-bde5-b304d03ca8b4,19be0f37-dd2a-4c97-80f5-47b4114c7841,coder-01,21,2026-02-06 20:59:50.323,file_read,19,f
cb8d4a43-ba30-448d-bb30-1605f5db1fa4,9b4c5680-5387-4823-ad60-f8236ac00905,qa-01,10,2026-02-06 20:59:50.329,file_read,25,f
d11fd255-9b34-4ca2-b03b-2bae02b40822,9b4c5680-5387-4823-ad60-f8236ac00905,qa-01,11,2026-02-06 20:59:54.751,find_file,43,f
edcc7a55-2cc8-4bf1-89c3-45454b1fae43,9d80c84d-00c5-4f33-a7c6-71aba09fa63a,coder-01,6,2026-02-06 20:59:54.758,find_file,50,f
063e3365-4e36-4aca-bf56-86de0f9a5882,b5cc4f23-e790-4d60-8a48-c674cedd962b,coder-01,5,2026-02-06 20:59:54.764,find_file,56,f
6b9e20cf-2e43-482a-bae7-1a0160236172,ebada532-ce60-4b9e-bbc6-3df28145bda2,coder-01,10,2026-02-07 15:07:22.267,shell_run,110,f
9446a3a3-ac65-4b97-83d5-7b2dd603452a,c7f2d586-beb7-4040-991f-c36846d6682f,coder-01,4,2026-02-07 15:07:22.272,shell_run,116,f
06b515b3-923a-4be4-a7cd-110f9a8cfc09,aa60af2a-e036-4e95-ab63-dbd0c24ae4dd,coder-01,88,2026-02-07 15:09:27.167,file_edit,9,f
cb2694c3-bf3f-4398-bfea-3fc77ad77766,a8ac446c-320e-4316-8b9b-62a329824eb4,coder-01,93,2026-02-07 15:09:27.174,file_edit,16,f
679cbfe3-b9b7-40ba-aba1-63947e640a4f,1038a222-f5a4-4478-a33d-6f8600c39cf9,coder-01,69,2026-02-07 15:09:27.179,file_edit,22,f
9f0a4864-8ab0-4bdd-9659-00e48f11b2c0,084ef220-e275-4a6c-b06c-1a260e534ac8,coder-01,85,2026-02-07 15:09:27.184,file_edit,27,f
94ea60a2-76cf-46db-8e24-1afa6abf1acc,6f1c08c4-4c4d-4b1d-b633-03e4cb19959f,coder-01,62,2026-02-07 15:09:27.19,file_edit,33,f
f6ff02eb-4896-42ac-8316-cda0ec85faca,beed8ccf-2c5d-441f-95dd-806b872fe53c,coder-01,56,2026-02-07 15:09:27.195,file_edit,38,f
ab579d61-75c9-4644-a7ea-5d353aa6d330,9417edd2-7b5f-49ca-89a5-82d6fee8a352,coder-01,51,2026-02-07 15:09:27.2,file_edit,43,f
47522d63-9ace-4b84-a42c-1f869250f42d,70634f1e-2098-42ac-8937-d458ecbf3c7f,coder-01,32,2026-02-07 15:14:00.956,find_file,170,f
d0764f1d-efe1-4293-b6d7-45da33a09798,9d80c84d-00c5-4f33-a7c6-71aba09fa63a,coder-01,7,2026-02-06 21:00:02.79,find_file,80,f
645354dc-9a22-4c6d-9eea-be646f6ffc5f,b5cc4f23-e790-4d60-8a48-c674cedd962b,coder-01,6,2026-02-06 21:00:02.797,find_file,87,f
9bd22428-cec9-4e32-bb89-1209b34f1875,9621a3e4-c911-42b9-a04c-7f0bcd40da75,coder-01,41,2026-02-06 21:00:07.021,find_file,68,f
7d4f1bb8-660d-48e1-afd6-4909f55f2794,aa60af2a-e036-4e95-ab63-dbd0c24ae4dd,coder-01,84,2026-02-07 15:07:24.878,file_edit,9,f
5991da41-1b85-4894-8fb0-5c2ee72e92cf,19be0f37-dd2a-4c97-80f5-47b4114c7841,coder-01,26,2026-02-06 21:00:07.042,find_file,90,f
73be4964-e4c8-4ea4-a2ac-d348f679349e,19be0f37-dd2a-4c97-80f5-47b4114c7841,coder-01,24,2026-02-06 21:00:07.053,find_file,98,f
87fda996-8a2c-47bc-8ffe-be80d8ee4f18,9b4c5680-5387-4823-ad60-f8236ac00905,qa-01,13,2026-02-06 21:00:07.063,find_file,110,f
bbfa51eb-4125-4d18-9645-b63da6b5a0bf,9d80c84d-00c5-4f33-a7c6-71aba09fa63a,coder-01,8,2026-02-06 21:00:07.07,find_file,119,f
f59329b0-3da2-443d-9138-7f476169a041,b5cc4f23-e790-4d60-8a48-c674cedd962b,coder-01,7,2026-02-06 21:00:07.078,find_file,126,f
3c00a7ee-f033-4deb-9714-3af966f244e5,b5cc4f23-e790-4d60-8a48-c674cedd962b,coder-01,8,2026-02-06 21:00:11.499,"the action to take, only one name of [file_read, file_write, file_edit, file_list, shell_run, code_search, find_file], just the name, exactly as it's written.",,f
a5022e47-c407-4101-8bbe-a9ca476b8646,b5cc4f23-e790-4d60-8a48-c674cedd962b,coder-01,9,2026-02-06 21:00:11.508,unknown,,f
d17ff0c8-c89b-4e8a-8c7b-ae8e30f0abc3,b5cc4f23-e790-4d60-8a48-c674cedd962b,coder-01,10,2026-02-06 21:00:11.521,"the action to take, only one name of [file_read, file_write, file_edit, file_list, shell_run, code_search, find_file], just the name, exactly as it's written.",,f
5b916193-e00f-49d2-8de2-12d7645f03f8,b5cc4f23-e790-4d60-8a48-c674cedd962b,coder-01,11,2026-02-06 21:00:11.529,unknown,,f
c741f419-59d8-4497-8409-12ea6e7d51a6,9621a3e4-c911-42b9-a04c-7f0bcd40da75,coder-01,42,2026-02-06 21:00:26.365,file_write,7,f
ecdb8a79-db37-43d0-bd7f-92066ada6e05,a8ac446c-320e-4316-8b9b-62a329824eb4,coder-01,89,2026-02-07 15:07:24.884,file_edit,15,f
192cd673-8ce1-42f0-9296-0cc32a73f227,19be0f37-dd2a-4c97-80f5-47b4114c7841,coder-01,27,2026-02-06 21:00:26.386,file_write,28,f
54ebfff1-f14c-4427-b2f3-9257b2a22385,19be0f37-dd2a-4c97-80f5-47b4114c7841,coder-01,25,2026-02-06 21:00:26.393,file_write,36,f
1f1a9af3-a312-4885-b78e-483e92473377,9b4c5680-5387-4823-ad60-f8236ac00905,qa-01,14,2026-02-06 21:00:26.401,file_write,44,f
efa2fd2e-670b-4685-9a95-48ad2056f653,9d80c84d-00c5-4f33-a7c6-71aba09fa63a,coder-01,9,2026-02-06 21:00:26.408,file_write,51,f
e94de1c5-2a67-45bc-b5ef-c1b0f996468c,b5cc4f23-e790-4d60-8a48-c674cedd962b,coder-01,12,2026-02-06 21:00:26.415,file_write,58,f
74feb695-0152-407d-995a-3888837082c7,8b10f425-5e90-4ef6-8055-03e0ce3e7e12,coder-01,1,2026-02-06 21:00:26.422,file_write,65,f
1f51713e-c7e6-4d95-8115-a45fcdaa451a,9621a3e4-c911-42b9-a04c-7f0bcd40da75,coder-01,43,2026-02-06 21:00:28.551,shell_run,0,f
39c63c93-49a2-4040-92c9-c2b4d2fcc809,5d77aefc-529c-4e39-97f6-fac611c88a2d,coder-01,15,2026-02-07 15:14:00.965,find_file,179,f
cf22d35d-3f77-4b75-a0b7-4f5f610f6c17,19be0f37-dd2a-4c97-80f5-47b4114c7841,coder-01,28,2026-02-06 21:00:28.563,shell_run,11,f
135672b2-c061-4454-bf5d-8b7a94cfc5d9,19be0f37-dd2a-4c97-80f5-47b4114c7841,coder-01,26,2026-02-06 21:00:28.569,shell_run,18,f
e43ff2eb-9d62-4957-a5cf-ac5edb69c887,9b4c5680-5387-4823-ad60-f8236ac00905,qa-01,15,2026-02-06 21:00:28.575,shell_run,23,f
017ecd0d-fe08-4bd6-bff6-7088b03cf0bb,9d80c84d-00c5-4f33-a7c6-71aba09fa63a,coder-01,10,2026-02-06 21:00:28.581,shell_run,29,f
5d23de91-6946-4b66-a4bd-f09571c9b5b1,b5cc4f23-e790-4d60-8a48-c674cedd962b,coder-01,13,2026-02-06 21:00:28.587,shell_run,35,f
1668e10c-99cc-492f-a7cf-5307fff61aeb,8b10f425-5e90-4ef6-8055-03e0ce3e7e12,coder-01,2,2026-02-06 21:00:28.593,shell_run,42,f
00752337-3c5f-4b3d-b4cc-be25ef406589,9621a3e4-c911-42b9-a04c-7f0bcd40da75,coder-01,44,2026-02-06 21:00:32.469,file_write,8,f
afe2d918-92b2-4103-830f-b10ea25d98ff,1038a222-f5a4-4478-a33d-6f8600c39cf9,coder-01,65,2026-02-07 15:07:24.889,file_edit,20,f
1f45c837-1580-44c0-a1c2-8806619f0cf5,19be0f37-dd2a-4c97-80f5-47b4114c7841,coder-01,29,2026-02-06 21:00:32.485,file_write,26,f
07a429dd-1da7-4ac9-9279-bde3338976ba,19be0f37-dd2a-4c97-80f5-47b4114c7841,coder-01,27,2026-02-06 21:00:32.491,file_write,32,f
63ef562b-42e5-4fa8-8a11-7044837b6598,9b4c5680-5387-4823-ad60-f8236ac00905,qa-01,16,2026-02-06 21:00:32.498,file_write,37,f
6bd617b6-7133-4ff5-9428-85c1bb335227,9d80c84d-00c5-4f33-a7c6-71aba09fa63a,coder-01,11,2026-02-06 21:00:32.503,file_write,43,f
b9a50d4d-4307-4dc6-a0f7-2ab36bf28a6d,b5cc4f23-e790-4d60-8a48-c674cedd962b,coder-01,14,2026-02-06 21:00:32.509,file_write,50,f
27bef366-c442-4088-b4f3-310d9996adba,8b10f425-5e90-4ef6-8055-03e0ce3e7e12,coder-01,3,2026-02-06 21:00:32.515,file_write,55,f
c19bfe4d-a3ff-4b7a-ab76-4e4232fa6d66,9621a3e4-c911-42b9-a04c-7f0bcd40da75,coder-01,45,2026-02-06 21:00:35.998,shell_run,1273,f
c2685931-1b72-478f-9358-52e4b03e5cab,084ef220-e275-4a6c-b06c-1a260e534ac8,coder-01,81,2026-02-07 15:07:24.896,file_edit,27,f
eaf389d6-1272-4afd-9689-23dbbe7e5b0d,19be0f37-dd2a-4c97-80f5-47b4114c7841,coder-01,30,2026-02-06 21:00:36.012,shell_run,1287,f
f0290b19-8532-4123-92f4-f932955adb24,19be0f37-dd2a-4c97-80f5-47b4114c7841,coder-01,28,2026-02-06 21:00:36.019,shell_run,1293,f
f8f0634e-48aa-4d1c-9d02-5e7eb5e123cf,9b4c5680-5387-4823-ad60-f8236ac00905,qa-01,17,2026-02-06 21:00:36.025,shell_run,1300,f
f7d48498-a56f-431c-a976-31a76b37a3a1,9d80c84d-00c5-4f33-a7c6-71aba09fa63a,coder-01,12,2026-02-06 21:00:36.032,shell_run,1306,f
8518e257-70b7-4d1a-a084-824ab5557bdb,6f1c08c4-4c4d-4b1d-b633-03e4cb19959f,coder-01,58,2026-02-07 15:07:24.901,file_edit,32,f
f1a8ce2a-5efd-4608-8cf9-38691ad5e7d8,beed8ccf-2c5d-441f-95dd-806b872fe53c,coder-01,52,2026-02-07 15:07:24.906,file_edit,37,f
4d7216cb-d5c9-4d03-b1a8-3f143c0c60c1,b5cc4f23-e790-4d60-8a48-c674cedd962b,coder-01,15,2026-02-06 21:00:36.038,shell_run,1313,f
66ce6415-abb1-46f6-b32b-a8873f1056c5,8b10f425-5e90-4ef6-8055-03e0ce3e7e12,coder-01,4,2026-02-06 21:00:36.045,shell_run,1319,f
a1b42ae4-0c8b-4f9f-bebe-b46de7b26f4f,8b10f425-5e90-4ef6-8055-03e0ce3e7e12,coder-01,5,2026-02-06 21:00:39.61,"the action to take, only one name of [file_read, file_write, file_edit, file_list, shell_run, code_search, find_file], just the name, exactly as it's written.",,f
29bef95e-f43f-49aa-9015-04475e310964,8b10f425-5e90-4ef6-8055-03e0ce3e7e12,coder-01,6,2026-02-06 21:00:39.618,unknown,,f
119bb26f-bb74-447c-abf2-5d4f434ae235,9621a3e4-c911-42b9-a04c-7f0bcd40da75,coder-01,46,2026-02-06 21:00:47.983,file_write,7,f
c383285a-d184-4659-a804-4137aa6617a4,9417edd2-7b5f-49ca-89a5-82d6fee8a352,coder-01,47,2026-02-07 15:07:24.912,file_edit,43,f
f90a2738-65b2-4bae-b242-00db57b9572b,19be0f37-dd2a-4c97-80f5-47b4114c7841,coder-01,31,2026-02-06 21:00:48.004,file_write,29,f
3939f0f4-baa7-40e7-a4e5-d56e9301e7c8,19be0f37-dd2a-4c97-80f5-47b4114c7841,coder-01,29,2026-02-06 21:00:48.011,file_write,36,f
55956a57-972b-40e7-9a07-ab7a2547c290,9b4c5680-5387-4823-ad60-f8236ac00905,qa-01,18,2026-02-06 21:00:48.017,file_write,43,f
31e3fe37-80cc-418d-b3d8-7fa5bf1c4177,9d80c84d-00c5-4f33-a7c6-71aba09fa63a,coder-01,13,2026-02-06 21:00:48.024,file_write,49,f
d679fbad-67ff-49b4-9a0e-d7af8e9626ed,b5cc4f23-e790-4d60-8a48-c674cedd962b,coder-01,16,2026-02-06 21:00:48.03,file_write,56,f
1aae3959-3b60-431d-9a01-b9115ca79ef7,8b10f425-5e90-4ef6-8055-03e0ce3e7e12,coder-01,7,2026-02-06 21:00:48.036,file_write,62,f
32a29be7-011a-48d2-a2be-2bba76246440,3d4a1143-ee74-4508-8a3c-d00d2ebbf6a5,coder-01,1,2026-02-06 21:00:48.043,file_write,68,f
93dc2cab-6e69-4770-bed0-1f8c5fb85a82,9621a3e4-c911-42b9-a04c-7f0bcd40da75,coder-01,47,2026-02-06 21:01:00.987,file_write,7,f
99021a56-e98d-48c4-8e38-98dce1206d1b,81e1c774-e480-4e12-8c75-69a7c8c3ef0d,coder-01,40,2026-02-07 15:07:24.917,file_edit,48,f
7524246a-f7f7-48a7-a6bf-3eb17392491b,19be0f37-dd2a-4c97-80f5-47b4114c7841,coder-01,32,2026-02-06 21:01:01.005,file_write,26,f
17e77370-87ba-45b6-8eed-1d46be93593b,19be0f37-dd2a-4c97-80f5-47b4114c7841,coder-01,30,2026-02-06 21:01:01.012,file_write,32,f
b9376dc6-47e9-4587-bd6c-f9344fd18579,9b4c5680-5387-4823-ad60-f8236ac00905,qa-01,19,2026-02-06 21:01:01.019,file_write,40,f
db6d7f58-0656-4880-b9d4-c181accfb6da,9d80c84d-00c5-4f33-a7c6-71aba09fa63a,coder-01,14,2026-02-06 21:01:01.025,file_write,47,f
3b689726-a147-4a52-bf4c-182491e84e6b,b5cc4f23-e790-4d60-8a48-c674cedd962b,coder-01,17,2026-02-06 21:01:01.032,file_write,53,f
b26e65cf-cae6-4eae-bbe1-5e3f8a1ac1b2,8b10f425-5e90-4ef6-8055-03e0ce3e7e12,coder-01,8,2026-02-06 21:01:01.039,file_write,60,f
9c792559-eaa2-4616-ba0f-6c95bc38b773,3d4a1143-ee74-4508-8a3c-d00d2ebbf6a5,coder-01,2,2026-02-06 21:01:01.046,file_write,67,f
db4bc704-8ae2-4620-8477-e77faf9085dd,aeb47297-0ef8-40c2-a1c0-7c630224d049,coder-01,1,2026-02-06 21:01:01.052,file_write,74,f
d48aa246-d580-4eb0-b4dc-ad55ae37c66d,9621a3e4-c911-42b9-a04c-7f0bcd40da75,coder-01,48,2026-02-06 21:01:03.534,shell_run,0,f
75a9cd02-3f16-49cf-bee7-2fd0791158e8,5fa9383e-1a10-40e6-b969-413b49a03701,coder-01,49,2026-02-07 15:07:24.923,file_edit,54,f
b80da9cd-b83b-4403-8a1c-11e467faa876,19be0f37-dd2a-4c97-80f5-47b4114c7841,coder-01,33,2026-02-06 21:01:03.557,shell_run,22,f
4e599c18-cee6-4774-91b9-81ac9de89fe8,19be0f37-dd2a-4c97-80f5-47b4114c7841,coder-01,31,2026-02-06 21:01:03.567,shell_run,32,f
c8ae9887-5281-454f-9668-f93d988d2b4a,9b4c5680-5387-4823-ad60-f8236ac00905,qa-01,20,2026-02-06 21:01:03.575,shell_run,40,f
26ff46d1-ebbf-4a26-8d9d-ab20c4d35df4,9d80c84d-00c5-4f33-a7c6-71aba09fa63a,coder-01,15,2026-02-06 21:01:03.583,shell_run,48,f
63fb01bb-419e-4c84-8666-2c946c8df65f,b5cc4f23-e790-4d60-8a48-c674cedd962b,coder-01,18,2026-02-06 21:01:03.592,shell_run,57,f
e8b0284e-ad6b-4948-b6ed-fa52807d4bfc,8b10f425-5e90-4ef6-8055-03e0ce3e7e12,coder-01,9,2026-02-06 21:01:03.6,shell_run,65,f
74af416d-400d-40c0-96d3-d37f644f36a6,3d4a1143-ee74-4508-8a3c-d00d2ebbf6a5,coder-01,3,2026-02-06 21:01:03.608,shell_run,73,f
4014e9ba-3f4e-4583-8080-5e1bfe45bcfc,aeb47297-0ef8-40c2-a1c0-7c630224d049,coder-01,2,2026-02-06 21:01:03.617,shell_run,82,f
a0ff9a86-35aa-4e11-8092-5326415e2d05,9621a3e4-c911-42b9-a04c-7f0bcd40da75,coder-01,51,2026-02-06 21:01:18.174,shell_run,1386,f
570e8f1e-6a32-4e0e-ad0e-be9b3cdda6a2,6e518895-3fd2-4603-9656-84d8d69024ad,coder-01,34,2026-02-07 15:07:24.927,file_edit,59,f
2e52efef-4516-455e-8814-fee8fa0634d3,19be0f37-dd2a-4c97-80f5-47b4114c7841,coder-01,36,2026-02-06 21:01:18.187,shell_run,1400,f
4992cc4b-26c3-4e3d-9c96-3059bc5a6b50,19be0f37-dd2a-4c97-80f5-47b4114c7841,coder-01,34,2026-02-06 21:01:18.194,shell_run,1406,f
5225afb4-ddcc-46d9-88a1-799106768829,9b4c5680-5387-4823-ad60-f8236ac00905,qa-01,23,2026-02-06 21:01:18.2,shell_run,1413,f
23b52a6e-fae4-4d9e-87ee-fa8f4f34611a,9d80c84d-00c5-4f33-a7c6-71aba09fa63a,coder-01,18,2026-02-06 21:01:18.207,shell_run,1420,f
f3de5baf-5332-49d5-b327-91fc1f91df9a,ef9983a2-ffea-4066-a718-01dfc5d3cb91,coder-01,28,2026-02-07 15:07:24.932,file_edit,63,f
e440796a-02c0-4000-ba9d-9deaeed4e03f,55dca8b0-41ac-485a-bd87-c5c7073bc1a1,coder-01,30,2026-02-07 15:07:24.937,file_edit,68,f
acf4774c-ef7b-46c6-9fdd-4596d93eb920,aa60af2a-e036-4e95-ab63-dbd0c24ae4dd,coder-01,119,2026-02-07 15:15:40.897,file_read,6,f
83ca5aba-1823-42c4-8898-9d17d943f702,9621a3e4-c911-42b9-a04c-7f0bcd40da75,coder-01,49,2026-02-06 21:01:05.394,find_file,39,f
a8450e84-ae17-440f-aeb9-bb411dcc4dc0,e5e43ce0-c924-4e6e-8024-309237a67457,coder-01,25,2026-02-07 15:07:24.942,file_edit,73,f
95050a95-3bbd-4856-814d-41b705e5c3e4,19be0f37-dd2a-4c97-80f5-47b4114c7841,coder-01,34,2026-02-06 21:01:05.408,find_file,54,f
bded616f-c897-4579-aa77-a35d2dd1911d,19be0f37-dd2a-4c97-80f5-47b4114c7841,coder-01,32,2026-02-06 21:01:05.416,find_file,61,f
6474f4bc-2002-4480-8098-07591f24ab76,9b4c5680-5387-4823-ad60-f8236ac00905,qa-01,21,2026-02-06 21:01:05.424,find_file,69,f
fd1064ed-1a63-4028-8a55-c251c20f453b,9d80c84d-00c5-4f33-a7c6-71aba09fa63a,coder-01,16,2026-02-06 21:01:05.433,find_file,79,f
5fb28224-e4dc-415b-9a1a-8cbe59f2631a,b5cc4f23-e790-4d60-8a48-c674cedd962b,coder-01,20,2026-02-06 21:01:14.563,file_write,48,f
13a94f45-251c-473e-8e08-0f42d4cdc15c,19be0f37-dd2a-4c97-80f5-47b4114c7841,coder-01,38,2026-02-06 21:01:46.83,shell_run,15,f
da06a664-0d49-4b20-affa-2241597b1107,d32011bb-9a16-4348-9df1-0b7570d92386,coder-01,25,2026-02-07 15:07:24.946,file_edit,77,f
6e63024c-7c7b-4bc2-98ef-cd952f5794ed,02fe5464-ccc8-418c-8722-7301fb22420f,coder-01,15,2026-02-07 15:07:24.951,file_edit,82,f
08e9dcff-f11d-43d7-a7c7-ec01de42d26a,ebada532-ce60-4b9e-bbc6-3df28145bda2,coder-01,11,2026-02-07 15:07:24.956,file_edit,87,f
d4120260-cc3f-44a8-ae2c-f86eedea7815,b5cc4f23-e790-4d60-8a48-c674cedd962b,coder-01,19,2026-02-06 21:01:05.442,find_file,87,f
4af535b0-c2d1-42e2-90ab-fc540891367f,8b10f425-5e90-4ef6-8055-03e0ce3e7e12,coder-01,10,2026-02-06 21:01:05.45,find_file,96,f
30035802-8147-411a-825e-fd0549f89cb3,3d4a1143-ee74-4508-8a3c-d00d2ebbf6a5,coder-01,4,2026-02-06 21:01:05.459,find_file,104,f
595bb795-695f-418d-b3b9-c3c9f8bdcf41,aeb47297-0ef8-40c2-a1c0-7c630224d049,coder-01,3,2026-02-06 21:01:05.465,find_file,110,f
d40ac4da-eae3-4ab8-813a-8b0539244f3b,9621a3e4-c911-42b9-a04c-7f0bcd40da75,coder-01,50,2026-02-06 21:01:14.523,file_write,8,f
54a06acb-06d7-4eaf-b307-caf0473dbc8e,c7f2d586-beb7-4040-991f-c36846d6682f,coder-01,5,2026-02-07 15:07:24.961,file_edit,92,f
8daa68b7-f3e9-43ea-8f28-e5502cb6663c,19be0f37-dd2a-4c97-80f5-47b4114c7841,coder-01,35,2026-02-06 21:01:14.539,file_write,25,f
b6062255-f518-44c2-a66c-de4015f5fc41,19be0f37-dd2a-4c97-80f5-47b4114c7841,coder-01,33,2026-02-06 21:01:14.545,file_write,30,f
e18acbc4-6f71-4fab-a2ce-2c11f45ddf9d,9b4c5680-5387-4823-ad60-f8236ac00905,qa-01,22,2026-02-06 21:01:14.551,file_write,36,f
62f55deb-f217-4145-834b-ab53b71b28a4,9d80c84d-00c5-4f33-a7c6-71aba09fa63a,coder-01,17,2026-02-06 21:01:14.557,file_write,42,f
4e450d22-ee88-4364-bb73-146821926f49,808c47cf-a553-4d59-acdf-bee2fce91972,coder-01,6,2026-02-06 21:02:01.873,unknown,,f
c41fa81a-4d8e-4bb3-b147-27f141b08e39,3935adc1-fbd7-4c68-b91d-79b864437873,qa-01,1,2026-02-12 14:54:19.558,file_list,19,f
60105d40-5558-4e5d-ba07-135ecfc04960,8b10f425-5e90-4ef6-8055-03e0ce3e7e12,coder-01,11,2026-02-06 21:01:14.569,file_write,55,f
a5325ed3-6cae-4413-86b4-28f8399cbc6b,3d4a1143-ee74-4508-8a3c-d00d2ebbf6a5,coder-01,5,2026-02-06 21:01:14.575,file_write,61,f
e7335b58-3393-4b83-b6ba-e2b8d3023323,aeb47297-0ef8-40c2-a1c0-7c630224d049,coder-01,4,2026-02-06 21:01:14.581,file_write,66,f
050c1666-2cea-4318-8d2b-3aae8e3f5473,aa60af2a-e036-4e95-ab63-dbd0c24ae4dd,coder-01,85,2026-02-07 15:07:29.109,file_read,9,f
b3705738-4e51-4a70-add0-9c1888e04413,a8ac446c-320e-4316-8b9b-62a329824eb4,coder-01,90,2026-02-07 15:07:29.118,file_read,19,f
781ba922-78d8-46ec-9890-ba44d24ff728,1038a222-f5a4-4478-a33d-6f8600c39cf9,coder-01,66,2026-02-07 15:07:29.124,file_read,24,f
12047920-a235-48db-bba6-edd3afa53690,084ef220-e275-4a6c-b06c-1a260e534ac8,coder-01,82,2026-02-07 15:07:29.129,file_read,30,f
4a3d0886-d0d1-4d42-97d2-a300419b4d00,6f1c08c4-4c4d-4b1d-b633-03e4cb19959f,coder-01,59,2026-02-07 15:07:29.135,file_read,36,f
55042c38-e220-4a49-b4bf-447de83356c2,beed8ccf-2c5d-441f-95dd-806b872fe53c,coder-01,53,2026-02-07 15:07:29.14,file_read,41,f
61131d10-942d-4529-920e-45217b07c846,9417edd2-7b5f-49ca-89a5-82d6fee8a352,coder-01,48,2026-02-07 15:07:29.145,file_read,46,f
a1ff927d-b4c4-4edf-ae5e-0f1124865d17,81e1c774-e480-4e12-8c75-69a7c8c3ef0d,coder-01,41,2026-02-07 15:07:29.15,file_read,51,f
46e04bae-98e3-47cc-a919-fd86c1142e2c,5fa9383e-1a10-40e6-b969-413b49a03701,coder-01,50,2026-02-07 15:07:29.156,file_read,56,f
a21c7714-fb94-4398-8987-9a6c16d11796,6e518895-3fd2-4603-9656-84d8d69024ad,coder-01,35,2026-02-07 15:07:29.16,file_read,61,f
3da622eb-aaad-4ff6-9a3c-d7f91db19fd8,ef9983a2-ffea-4066-a718-01dfc5d3cb91,coder-01,29,2026-02-07 15:07:29.165,file_read,66,f
877fade1-73f0-4e56-98e7-e928e503354b,55dca8b0-41ac-485a-bd87-c5c7073bc1a1,coder-01,31,2026-02-07 15:07:29.17,file_read,70,f
24b2629a-c824-4602-9efa-097e136a39a3,e5e43ce0-c924-4e6e-8024-309237a67457,coder-01,26,2026-02-07 15:07:29.175,file_read,75,f
c7760ae6-6baa-4fdd-a28f-fabe30a1ae56,d32011bb-9a16-4348-9df1-0b7570d92386,coder-01,26,2026-02-07 15:07:29.18,file_read,80,f
cc1e4770-dd6c-4f10-8482-a95ce88818eb,956e66fa-23f1-4952-b266-52271af032c1,coder-01,14,2026-02-12 16:09:43.517,unknown,,f
9138613d-d26a-4cec-94b6-d8bc33b49978,b5cc4f23-e790-4d60-8a48-c674cedd962b,coder-01,21,2026-02-06 21:01:18.214,shell_run,1426,f
a8785720-fb56-42e6-98f2-7eda28cba9c5,8b10f425-5e90-4ef6-8055-03e0ce3e7e12,coder-01,12,2026-02-06 21:01:18.22,shell_run,1433,f
50d62f58-7aad-4e12-86f7-b3ff004698e0,3d4a1143-ee74-4508-8a3c-d00d2ebbf6a5,coder-01,6,2026-02-06 21:01:18.228,shell_run,1440,f
19d4e5e2-9879-420e-ac47-1ea9d1cab45b,aeb47297-0ef8-40c2-a1c0-7c630224d049,coder-01,5,2026-02-06 21:01:18.236,shell_run,1448,f
36e5010e-1bfb-4f75-a3cc-a19c5fec6095,aeb47297-0ef8-40c2-a1c0-7c630224d049,coder-01,6,2026-02-06 21:01:33.766,"the action to take, only one name of [file_read, file_write, file_edit, file_list, shell_run, code_search, find_file], just the name, exactly as it's written.",,f
7f7284ec-3e39-4f09-b61d-df483c9ff4e7,aeb47297-0ef8-40c2-a1c0-7c630224d049,coder-01,7,2026-02-06 21:01:33.773,unknown,,f
fb886d9a-2623-447b-ad21-f53ac76697e1,aeb47297-0ef8-40c2-a1c0-7c630224d049,coder-01,8,2026-02-06 21:01:33.781,"the action to take, only one name of [file_read, file_write, file_edit, file_list, shell_run, code_search, find_file], just the name, exactly as it's written.",,f
23eb1c95-fed8-495b-90d2-724e3c0541f6,aeb47297-0ef8-40c2-a1c0-7c630224d049,coder-01,9,2026-02-06 21:01:33.788,unknown,,f
dd76d098-cee7-45f0-b421-e840163aff3c,9621a3e4-c911-42b9-a04c-7f0bcd40da75,coder-01,52,2026-02-06 21:01:44.372,file_write,5,f
558a5383-8741-488a-a1e8-5c77db7db7ff,1038a222-f5a4-4478-a33d-6f8600c39cf9,coder-01,78,2026-02-07 15:11:18.451,file_write,29,f
e3bb84ba-8897-4ad0-9ff6-c39ad784ace5,19be0f37-dd2a-4c97-80f5-47b4114c7841,coder-01,37,2026-02-06 21:01:44.388,file_write,22,f
0f1f1834-4796-4e7e-b53a-6fee59ca2f27,19be0f37-dd2a-4c97-80f5-47b4114c7841,coder-01,35,2026-02-06 21:01:44.394,file_write,28,f
b6ece74b-2281-4328-89bc-a3af60a7887e,9b4c5680-5387-4823-ad60-f8236ac00905,qa-01,24,2026-02-06 21:01:44.4,file_write,34,f
d1ae036e-bb52-45d4-9be3-4dc017c41182,9d80c84d-00c5-4f33-a7c6-71aba09fa63a,coder-01,19,2026-02-06 21:01:44.405,file_write,39,f
4d507216-53f7-4d60-b52e-67b26c3bdc28,b5cc4f23-e790-4d60-8a48-c674cedd962b,coder-01,22,2026-02-06 21:01:44.411,file_write,45,f
11891cfd-dde8-47ca-91b9-1ac50b6698ae,8b10f425-5e90-4ef6-8055-03e0ce3e7e12,coder-01,13,2026-02-06 21:01:44.417,file_write,50,f
73a0a243-6d6e-4ed4-84c4-c3d85fbd491a,3d4a1143-ee74-4508-8a3c-d00d2ebbf6a5,coder-01,7,2026-02-06 21:01:44.422,file_write,56,f
7096deac-4f56-4444-8ee5-2d3ec9119741,aeb47297-0ef8-40c2-a1c0-7c630224d049,coder-01,10,2026-02-06 21:01:44.427,file_write,61,f
71c00985-913d-4ca2-ab8b-94706bc3c139,808c47cf-a553-4d59-acdf-bee2fce91972,coder-01,1,2026-02-06 21:01:44.432,file_write,66,f
d92c84ed-206e-4469-bfab-23791e66752d,9621a3e4-c911-42b9-a04c-7f0bcd40da75,coder-01,53,2026-02-06 21:01:46.817,shell_run,0,f
18a1a67c-5de7-4552-b6e7-9f35b10b541c,808c47cf-a553-4d59-acdf-bee2fce91972,coder-01,5,2026-02-06 21:02:01.865,"the action to take, only one name of [file_read, file_write, file_edit, file_list, shell_run, code_search, find_file], just the name, exactly as it's written.",,f
acc2b2ce-ef5b-4809-8792-b7369b68b165,19be0f37-dd2a-4c97-80f5-47b4114c7841,coder-01,36,2026-02-06 21:01:46.836,shell_run,21,f
29a6d07f-e523-40b4-b474-797cde5eabc0,9b4c5680-5387-4823-ad60-f8236ac00905,qa-01,25,2026-02-06 21:01:46.843,shell_run,29,f
52f8b291-262a-4833-a43b-ba52becbb457,9d80c84d-00c5-4f33-a7c6-71aba09fa63a,coder-01,20,2026-02-06 21:01:46.85,shell_run,35,f
3014d9b7-b62e-4ad1-98a7-2ee37a548dce,b5cc4f23-e790-4d60-8a48-c674cedd962b,coder-01,23,2026-02-06 21:01:46.856,shell_run,41,f
07fffebd-f992-4fb6-b697-d1e21002aefa,8b10f425-5e90-4ef6-8055-03e0ce3e7e12,coder-01,14,2026-02-06 21:01:46.862,shell_run,47,f
b987fa9c-b82a-470e-b440-53848f85bb2c,3d4a1143-ee74-4508-8a3c-d00d2ebbf6a5,coder-01,8,2026-02-06 21:01:46.868,shell_run,53,f
cc593e45-76e7-415b-b6f7-ad1b7f9e1242,aeb47297-0ef8-40c2-a1c0-7c630224d049,coder-01,11,2026-02-06 21:01:46.875,shell_run,60,f
2e51e983-2590-4c3b-b55a-5f4f6c2c4556,808c47cf-a553-4d59-acdf-bee2fce91972,coder-01,2,2026-02-06 21:01:46.882,shell_run,67,f
5f4bf080-2694-4ccd-a94f-f04b831c1ecc,9621a3e4-c911-42b9-a04c-7f0bcd40da75,coder-01,54,2026-02-06 21:01:55.26,file_write,9,f
bf63d4a3-d997-45f9-b9c5-3f19369f845d,02fe5464-ccc8-418c-8722-7301fb22420f,coder-01,16,2026-02-07 15:07:29.185,file_read,85,f
8e9322e5-86e1-4a13-bf5e-ac82abfb02ab,19be0f37-dd2a-4c97-80f5-47b4114c7841,coder-01,39,2026-02-06 21:01:55.279,file_write,28,f
61e4882e-8cad-4f4f-9ba4-0b8f810ef8f7,19be0f37-dd2a-4c97-80f5-47b4114c7841,coder-01,37,2026-02-06 21:01:55.287,file_write,36,f
a2d141e1-5d06-40c6-8e1f-0c2cd719f8a5,9b4c5680-5387-4823-ad60-f8236ac00905,qa-01,26,2026-02-06 21:01:55.296,file_write,44,f
d2262cf7-ac03-44e0-af14-14c8aa1f773f,9d80c84d-00c5-4f33-a7c6-71aba09fa63a,coder-01,21,2026-02-06 21:01:55.303,file_write,52,f
5b10f859-d082-4ca9-875e-fb8a361e3400,b5cc4f23-e790-4d60-8a48-c674cedd962b,coder-01,24,2026-02-06 21:01:55.311,file_write,60,f
996cb9c9-e2b9-4424-982f-f2c18723a355,8b10f425-5e90-4ef6-8055-03e0ce3e7e12,coder-01,15,2026-02-06 21:01:55.319,file_write,69,f
61dd151b-e864-450c-97cf-0540fd28d666,3d4a1143-ee74-4508-8a3c-d00d2ebbf6a5,coder-01,9,2026-02-06 21:01:55.327,file_write,76,f
287267da-d29d-4b23-b083-8e9090295e0e,a8ac446c-320e-4316-8b9b-62a329824eb4,coder-01,124,2026-02-07 15:15:40.912,file_read,22,f
30fd7bd5-ed53-4c90-86d5-80966a119572,aeb47297-0ef8-40c2-a1c0-7c630224d049,coder-01,12,2026-02-06 21:01:55.335,file_write,84,f
d4c299af-015f-4653-b1ce-067cae8b5a5d,808c47cf-a553-4d59-acdf-bee2fce91972,coder-01,3,2026-02-06 21:01:55.346,file_write,95,f
e94da6b9-376f-4e17-b6c5-86e10d754a96,9621a3e4-c911-42b9-a04c-7f0bcd40da75,coder-01,55,2026-02-06 21:01:58.569,shell_run,1176,f
f63c7aac-a6e2-4956-a590-ccda058daaa0,ebada532-ce60-4b9e-bbc6-3df28145bda2,coder-01,12,2026-02-07 15:07:29.19,file_read,90,f
b6c0a3d5-fec7-4679-a008-0afcdf1f6a51,19be0f37-dd2a-4c97-80f5-47b4114c7841,coder-01,40,2026-02-06 21:01:58.584,shell_run,1192,f
a75ba2cd-7fd0-4173-bcbb-e035208f272d,19be0f37-dd2a-4c97-80f5-47b4114c7841,coder-01,38,2026-02-06 21:01:58.591,shell_run,1200,f
7e695eeb-2352-4b7b-b217-bebd646a40b5,9b4c5680-5387-4823-ad60-f8236ac00905,qa-01,27,2026-02-06 21:01:58.6,shell_run,1209,f
f65bf639-4e17-4aa8-ab08-c07faf3e70f0,9d80c84d-00c5-4f33-a7c6-71aba09fa63a,coder-01,22,2026-02-06 21:01:58.608,shell_run,1217,f
477c71de-7c42-40ff-9023-6008947c26e2,b5cc4f23-e790-4d60-8a48-c674cedd962b,coder-01,25,2026-02-06 21:01:58.616,shell_run,1225,f
4a45ad6d-090c-4d32-afcd-65f12dbe2222,8b10f425-5e90-4ef6-8055-03e0ce3e7e12,coder-01,16,2026-02-06 21:01:58.625,shell_run,1233,f
379f099e-b48f-4b4e-bd1b-f218de7c42bd,3d4a1143-ee74-4508-8a3c-d00d2ebbf6a5,coder-01,10,2026-02-06 21:01:58.633,shell_run,1242,f
3a008efe-6769-4bcf-b3ce-f7712254cbd1,aeb47297-0ef8-40c2-a1c0-7c630224d049,coder-01,13,2026-02-06 21:01:58.641,shell_run,1249,f
e4dda80a-bebd-4057-b453-e3b5e6ce9a3a,084ef220-e275-4a6c-b06c-1a260e534ac8,coder-01,94,2026-02-07 15:11:18.457,file_write,35,f
d0687ca2-5cd8-4843-9816-47b1810eb15c,808c47cf-a553-4d59-acdf-bee2fce91972,coder-01,4,2026-02-06 21:01:58.647,shell_run,1256,f
11a72cdb-19a4-42ce-873e-c5d34c0f7dd4,c7f2d586-beb7-4040-991f-c36846d6682f,coder-01,6,2026-02-07 15:07:29.195,file_read,95,f
fb935f34-fd03-467a-aa17-878cf4461dd6,aa60af2a-e036-4e95-ab63-dbd0c24ae4dd,coder-01,86,2026-02-07 15:07:31.894,file_edit,9,f
2d8434b4-de7a-4cf3-8dc4-9639fe42d560,a8ac446c-320e-4316-8b9b-62a329824eb4,coder-01,91,2026-02-07 15:07:31.904,file_edit,19,f
af531dd6-8e1c-45b2-b2a2-7e50f250eb31,1038a222-f5a4-4478-a33d-6f8600c39cf9,coder-01,67,2026-02-07 15:07:31.909,file_edit,25,f
5c33e5e5-86f8-471c-aaf8-b85c7123310b,084ef220-e275-4a6c-b06c-1a260e534ac8,coder-01,83,2026-02-07 15:07:31.915,file_edit,31,f
700e9b0b-154a-402c-92c2-d73dca40609b,6f1c08c4-4c4d-4b1d-b633-03e4cb19959f,coder-01,60,2026-02-07 15:07:31.921,file_edit,36,f
8b0b1e81-b891-4e77-9324-c67a147a467d,beed8ccf-2c5d-441f-95dd-806b872fe53c,coder-01,54,2026-02-07 15:07:31.926,file_edit,41,f
5b6b8a5c-3e3c-4f4a-9d02-0087926e0db8,9417edd2-7b5f-49ca-89a5-82d6fee8a352,coder-01,49,2026-02-07 15:07:31.931,file_edit,46,f
67eb423a-0ba6-4d65-8722-57cea8113ee8,81e1c774-e480-4e12-8c75-69a7c8c3ef0d,coder-01,42,2026-02-07 15:07:31.936,file_edit,51,f
99491fa9-2ac0-4ae9-8a4c-656454b341c9,5fa9383e-1a10-40e6-b969-413b49a03701,coder-01,51,2026-02-07 15:07:31.941,file_edit,56,f
ae76a845-649c-47c9-aea2-282a73b47907,6e518895-3fd2-4603-9656-84d8d69024ad,coder-01,36,2026-02-07 15:07:31.946,file_edit,61,f
43f17ac6-bb76-4d66-8805-01e16cc2129f,ef9983a2-ffea-4066-a718-01dfc5d3cb91,coder-01,30,2026-02-07 15:07:31.951,file_edit,66,f
5dd0e887-b64c-424e-bcd3-28dd0db2b208,55dca8b0-41ac-485a-bd87-c5c7073bc1a1,coder-01,32,2026-02-07 15:07:31.956,file_edit,71,f
5dbee57a-224a-4b8a-9cec-991ef0fd23d4,e5e43ce0-c924-4e6e-8024-309237a67457,coder-01,27,2026-02-07 15:07:31.96,file_edit,76,f
6bdac109-bffc-465c-a1f0-0629adff2a29,d32011bb-9a16-4348-9df1-0b7570d92386,coder-01,27,2026-02-07 15:07:31.966,file_edit,82,f
6c6123c4-5edd-40d8-a96d-c632087a4fbe,02fe5464-ccc8-418c-8722-7301fb22420f,coder-01,17,2026-02-07 15:07:31.971,file_edit,87,f
ceb428a4-5fb3-4ff3-b286-6b9e8cbdb626,aa60af2a-e036-4e95-ab63-dbd0c24ae4dd,coder-01,96,2026-02-07 15:10:52.811,shell_run,2063,f
1265e218-4aa4-486e-890f-927b64195c11,6f1c08c4-4c4d-4b1d-b633-03e4cb19959f,coder-01,71,2026-02-07 15:11:18.463,file_write,42,f
d2b9adbe-6447-41b6-bb7d-fe7d6c5562b0,beed8ccf-2c5d-441f-95dd-806b872fe53c,coder-01,65,2026-02-07 15:11:18.469,file_write,47,f
9f8d80b3-ef43-4a23-b2ae-30ad62160749,9621a3e4-c911-42b9-a04c-7f0bcd40da75,coder-01,56,2026-02-06 21:02:10.24,file_write,5,f
7a18debb-a192-4342-9ee9-1ced0e00be45,81e1c774-e480-4e12-8c75-69a7c8c3ef0d,coder-01,44,2026-02-07 15:09:27.205,file_edit,48,f
5cc75d6b-39f8-4827-952c-9034af6421d0,19be0f37-dd2a-4c97-80f5-47b4114c7841,coder-01,41,2026-02-06 21:02:10.262,file_write,27,f
9fb848f3-33dc-494b-a848-854ad53cdb2c,19be0f37-dd2a-4c97-80f5-47b4114c7841,coder-01,39,2026-02-06 21:02:10.27,file_write,35,f
eb5bd740-88ee-4d01-a0d1-3274528c98e6,9b4c5680-5387-4823-ad60-f8236ac00905,qa-01,28,2026-02-06 21:02:10.279,file_write,43,f
6b424bdd-df97-4d19-a544-f5cb79425f1f,9d80c84d-00c5-4f33-a7c6-71aba09fa63a,coder-01,23,2026-02-06 21:02:10.287,file_write,52,f
be284f51-ac61-46c8-b902-d0a658fabcab,b5cc4f23-e790-4d60-8a48-c674cedd962b,coder-01,26,2026-02-06 21:02:10.295,file_write,60,f
afbad850-203a-4fb0-a8d5-cb1878ec94de,8b10f425-5e90-4ef6-8055-03e0ce3e7e12,coder-01,17,2026-02-06 21:02:10.3,file_write,65,f
8f6fbc05-a757-4940-931d-c8728fc1696b,3d4a1143-ee74-4508-8a3c-d00d2ebbf6a5,coder-01,11,2026-02-06 21:02:10.305,file_write,70,f
4a41687d-1c87-4c95-a521-86849ba9f472,aeb47297-0ef8-40c2-a1c0-7c630224d049,coder-01,14,2026-02-06 21:02:10.31,file_write,75,f
97028fe2-0f54-4bca-9269-afbbdea89bfe,808c47cf-a553-4d59-acdf-bee2fce91972,coder-01,7,2026-02-06 21:02:10.315,file_write,80,f
d6d1ba26-584f-4bbd-861c-4f018691b4f8,d02f3136-acfe-4fb5-89a0-d59414a0dcb8,coder-01,1,2026-02-06 21:02:10.32,file_write,86,f
3228d1cc-386d-474c-aa39-8a6394351338,9621a3e4-c911-42b9-a04c-7f0bcd40da75,coder-01,57,2026-02-06 21:02:13.011,shell_run,0,f
006198fc-d325-40be-b874-728641c9b733,9417edd2-7b5f-49ca-89a5-82d6fee8a352,coder-01,60,2026-02-07 15:11:18.474,file_write,53,f
dee50364-a150-4054-9c7d-1cbc4df4a895,19be0f37-dd2a-4c97-80f5-47b4114c7841,coder-01,42,2026-02-06 21:02:13.025,shell_run,15,f
6ff54d88-b1ab-4948-9009-76714e1dca6d,19be0f37-dd2a-4c97-80f5-47b4114c7841,coder-01,40,2026-02-06 21:02:13.031,shell_run,20,f
71d18185-6e59-4211-b728-b7b2fdb3aac6,9b4c5680-5387-4823-ad60-f8236ac00905,qa-01,29,2026-02-06 21:02:13.036,shell_run,25,f
1f123a17-db23-4d0c-b58f-a4743c025a1f,9d80c84d-00c5-4f33-a7c6-71aba09fa63a,coder-01,24,2026-02-06 21:02:13.042,shell_run,31,f
6c3a66e2-9dad-4749-ac66-9a92c33464b6,b5cc4f23-e790-4d60-8a48-c674cedd962b,coder-01,27,2026-02-06 21:02:13.048,shell_run,37,f
468151d5-f5c6-4dfe-9bca-9fcedf2e7319,8b10f425-5e90-4ef6-8055-03e0ce3e7e12,coder-01,18,2026-02-06 21:02:13.053,shell_run,42,f
70a47aad-8f37-4223-adbc-b9bec5cfe85f,3d4a1143-ee74-4508-8a3c-d00d2ebbf6a5,coder-01,12,2026-02-06 21:02:13.058,shell_run,47,f
5bcb59a8-934c-42ee-a932-4a97cca4471c,aeb47297-0ef8-40c2-a1c0-7c630224d049,coder-01,15,2026-02-06 21:02:13.063,shell_run,52,f
cfef10d8-0b35-4557-9642-a7dcef73406e,808c47cf-a553-4d59-acdf-bee2fce91972,coder-01,8,2026-02-06 21:02:13.069,shell_run,58,f
60f8fe9b-2021-4f7c-8ffa-acf03416f76e,d02f3136-acfe-4fb5-89a0-d59414a0dcb8,coder-01,2,2026-02-06 21:02:13.075,shell_run,64,f
935e4ea3-33ba-408a-b52f-90c1cbeb08cb,9621a3e4-c911-42b9-a04c-7f0bcd40da75,coder-01,58,2026-02-06 21:02:17.423,file_write,9,f
7ac4e488-b110-4457-9fea-26f4de1832a0,5fa9383e-1a10-40e6-b969-413b49a03701,coder-01,53,2026-02-07 15:09:27.21,file_edit,54,f
9a09740a-0964-475a-a958-d4248a349c6b,19be0f37-dd2a-4c97-80f5-47b4114c7841,coder-01,43,2026-02-06 21:02:17.439,file_write,26,f
8cbff536-4785-47b1-b73c-f77b2bb32efe,19be0f37-dd2a-4c97-80f5-47b4114c7841,coder-01,41,2026-02-06 21:02:17.447,file_write,33,f
f6bec6dd-675a-45ff-8b06-afb9ab356802,9b4c5680-5387-4823-ad60-f8236ac00905,qa-01,30,2026-02-06 21:02:17.456,file_write,42,f
584fc295-6065-49a8-8b73-915b8d8ad60b,9d80c84d-00c5-4f33-a7c6-71aba09fa63a,coder-01,25,2026-02-06 21:02:17.465,file_write,51,f
21b4e12d-9313-423b-afc1-b790c50f4c10,b5cc4f23-e790-4d60-8a48-c674cedd962b,coder-01,28,2026-02-06 21:02:17.474,file_write,60,f
42e563fa-9448-4868-8085-88f331010186,8b10f425-5e90-4ef6-8055-03e0ce3e7e12,coder-01,19,2026-02-06 21:02:17.482,file_write,69,f
4534d650-b85c-4407-a616-9dc330d81abc,3d4a1143-ee74-4508-8a3c-d00d2ebbf6a5,coder-01,13,2026-02-06 21:02:17.49,file_write,77,f
c3718915-b256-450f-b6c6-35d38bb807c1,aeb47297-0ef8-40c2-a1c0-7c630224d049,coder-01,16,2026-02-06 21:02:17.496,file_write,84,f
ae906226-2d23-4c87-a5ec-78c0123273af,808c47cf-a553-4d59-acdf-bee2fce91972,coder-01,9,2026-02-06 21:02:17.503,file_write,90,f
d0f8a1b4-b471-4b18-b3b4-a6af450a0d87,d02f3136-acfe-4fb5-89a0-d59414a0dcb8,coder-01,3,2026-02-06 21:02:17.51,file_write,97,f
0fa91042-1b08-4dea-b642-6d253164cded,6e518895-3fd2-4603-9656-84d8d69024ad,coder-01,38,2026-02-07 15:09:27.216,file_edit,59,f
640fd044-7c6e-4241-a1d5-97e762fb032e,ef9983a2-ffea-4066-a718-01dfc5d3cb91,coder-01,32,2026-02-07 15:09:27.221,file_edit,64,f
3e675555-1290-45ef-8ffd-fd2ddc1ad4e0,81e1c774-e480-4e12-8c75-69a7c8c3ef0d,coder-01,53,2026-02-07 15:11:18.48,file_write,59,f
8200af48-cc5e-4e87-8354-520b7b44454d,9621a3e4-c911-42b9-a04c-7f0bcd40da75,coder-01,59,2026-02-06 21:02:21.089,shell_run,1172,f
613c74d9-fd80-4949-b751-d8a2b47ec962,55dca8b0-41ac-485a-bd87-c5c7073bc1a1,coder-01,34,2026-02-07 15:09:27.227,file_edit,69,f
2d48910a-918f-42e7-8dab-03c3f5a8b7be,19be0f37-dd2a-4c97-80f5-47b4114c7841,coder-01,44,2026-02-06 21:02:21.103,shell_run,1186,f
9d57ef2a-c6d6-4d33-b5f5-a3ff089d161e,19be0f37-dd2a-4c97-80f5-47b4114c7841,coder-01,42,2026-02-06 21:02:21.11,shell_run,1193,f
7175268b-b2d8-4c0f-b237-456b6993b9f2,9b4c5680-5387-4823-ad60-f8236ac00905,qa-01,31,2026-02-06 21:02:21.117,shell_run,1200,f
1512de16-6b3c-497d-8e58-e94f9f961369,9d80c84d-00c5-4f33-a7c6-71aba09fa63a,coder-01,26,2026-02-06 21:02:21.123,shell_run,1206,f
68085e19-8e28-4728-aea8-6ac44c62784f,b5cc4f23-e790-4d60-8a48-c674cedd962b,coder-01,29,2026-02-06 21:02:21.129,shell_run,1212,f
bc98e0a7-a889-4a1a-8b3a-5001767930cc,8b10f425-5e90-4ef6-8055-03e0ce3e7e12,coder-01,20,2026-02-06 21:02:21.136,shell_run,1219,f
85a197f5-3282-45c9-ac63-972687c46c95,3d4a1143-ee74-4508-8a3c-d00d2ebbf6a5,coder-01,14,2026-02-06 21:02:21.142,shell_run,1225,f
8cfc8088-9103-4ece-aa42-649d0e751573,aeb47297-0ef8-40c2-a1c0-7c630224d049,coder-01,17,2026-02-06 21:02:21.148,shell_run,1232,f
b88936d0-8219-40f9-aa46-7374228c5724,808c47cf-a553-4d59-acdf-bee2fce91972,coder-01,10,2026-02-06 21:02:21.155,shell_run,1238,f
26af45ad-c293-43d6-8e82-0161d7689ecf,8b10f425-5e90-4ef6-8055-03e0ce3e7e12,coder-01,22,2026-02-06 21:02:43.666,shell_run,53,f
fea94e38-b45b-4232-8376-290f82fe8710,3d4a1143-ee74-4508-8a3c-d00d2ebbf6a5,coder-01,21,2026-02-06 21:03:04.934,code_search,113,f
e7f4e168-4f6f-404c-8aa7-221a81ef5052,eb17b408-aba9-4859-9bfa-5e89104bfffa,coder-01,53,2026-02-13 11:36:19.052,shell_run,22,f
87864cf8-8a31-4062-86ab-188da6e8a2ca,d02f3136-acfe-4fb5-89a0-d59414a0dcb8,coder-01,4,2026-02-06 21:02:21.162,shell_run,1244,f
c9d44cc6-1f85-4e31-aa9b-8c979f084782,9621a3e4-c911-42b9-a04c-7f0bcd40da75,coder-01,60,2026-02-06 21:02:41.423,file_write,6,f
c8b4a994-ac0a-4292-bc57-59615a59fcce,e5e43ce0-c924-4e6e-8024-309237a67457,coder-01,29,2026-02-07 15:09:27.232,file_edit,75,f
2a7f9254-2b17-4219-883b-fe52eb4de5ea,19be0f37-dd2a-4c97-80f5-47b4114c7841,coder-01,45,2026-02-06 21:02:41.437,file_write,20,f
71a73653-fa9d-4418-8109-3489f8f46215,19be0f37-dd2a-4c97-80f5-47b4114c7841,coder-01,43,2026-02-06 21:02:41.444,file_write,26,f
9943f6f7-9ede-4ca8-b0c0-e304c606f35a,9b4c5680-5387-4823-ad60-f8236ac00905,qa-01,32,2026-02-06 21:02:41.45,file_write,32,f
2566fe6c-39c5-4e9f-800f-c760f99164a0,9d80c84d-00c5-4f33-a7c6-71aba09fa63a,coder-01,27,2026-02-06 21:02:41.457,file_write,39,f
74fb44d1-9582-4696-acf4-65937a10e5a0,b5cc4f23-e790-4d60-8a48-c674cedd962b,coder-01,30,2026-02-06 21:02:41.462,file_write,45,f
0a73c825-ec17-438e-a2d2-6438e0cdc858,8b10f425-5e90-4ef6-8055-03e0ce3e7e12,coder-01,21,2026-02-06 21:02:41.468,file_write,51,f
07268150-b42a-47d0-b5c9-7c083b800e37,3d4a1143-ee74-4508-8a3c-d00d2ebbf6a5,coder-01,15,2026-02-06 21:02:41.473,file_write,56,f
c4792f38-1cb7-4c62-8e61-65851b36a5b8,aeb47297-0ef8-40c2-a1c0-7c630224d049,coder-01,18,2026-02-06 21:02:41.479,file_write,62,f
c7d5fdad-8133-478d-a52f-fbd273ed8efa,808c47cf-a553-4d59-acdf-bee2fce91972,coder-01,11,2026-02-06 21:02:41.485,file_write,67,f
42496df6-3f77-4875-9fd3-3d7b6899f175,d02f3136-acfe-4fb5-89a0-d59414a0dcb8,coder-01,7,2026-02-06 21:02:41.492,file_write,74,f
58f33e78-8624-4e9a-b1c9-1ef0131e9142,74278eee-f0c4-4103-a603-f483583a33ee,coder-01,1,2026-02-06 21:02:41.499,file_write,81,f
3cfd9c11-bd92-4e22-8199-b60d1b1f67ea,9621a3e4-c911-42b9-a04c-7f0bcd40da75,coder-01,61,2026-02-06 21:02:43.615,shell_run,0,f
6e552195-cc59-4588-8cf1-d35f8dc84569,5fa9383e-1a10-40e6-b969-413b49a03701,coder-01,62,2026-02-07 15:11:18.485,file_write,64,f
c02f3b62-a0f2-4ba1-ac5b-768353c186bd,19be0f37-dd2a-4c97-80f5-47b4114c7841,coder-01,46,2026-02-06 21:02:43.633,shell_run,20,f
dac8677a-dfbb-4854-abcb-e56b6d605fef,19be0f37-dd2a-4c97-80f5-47b4114c7841,coder-01,44,2026-02-06 21:02:43.64,shell_run,26,f
5b6e78e4-1183-4310-a4ae-c12292166299,9b4c5680-5387-4823-ad60-f8236ac00905,qa-01,33,2026-02-06 21:02:43.647,shell_run,33,f
3f4a009a-c0f1-427e-91d2-bfd401bba4eb,9d80c84d-00c5-4f33-a7c6-71aba09fa63a,coder-01,28,2026-02-06 21:02:43.654,shell_run,40,f
61ff721e-00b1-4416-8515-b25f5d72e862,b5cc4f23-e790-4d60-8a48-c674cedd962b,coder-01,31,2026-02-06 21:02:43.66,shell_run,47,f
cfe9bb90-1b0f-4e05-beb9-c88d83ded4ac,3d4a1143-ee74-4508-8a3c-d00d2ebbf6a5,coder-01,16,2026-02-06 21:02:43.673,shell_run,60,f
62710ad5-d98a-44aa-a18b-e3a02fcb7ab3,aeb47297-0ef8-40c2-a1c0-7c630224d049,coder-01,19,2026-02-06 21:02:43.68,shell_run,67,f
31a97464-9405-4164-b82b-b2bc351088d6,808c47cf-a553-4d59-acdf-bee2fce91972,coder-01,12,2026-02-06 21:02:43.687,shell_run,73,f
70f3ac2c-2b58-4a48-a3b3-208cd0cfcefb,d02f3136-acfe-4fb5-89a0-d59414a0dcb8,coder-01,8,2026-02-06 21:02:43.693,shell_run,80,f
754064f0-459f-48a8-bcb4-c19708e0050e,74278eee-f0c4-4103-a603-f483583a33ee,coder-01,2,2026-02-06 21:02:43.7,shell_run,85,f
77d5978d-a2a4-445a-aa08-f2a6f3c5b0f4,9621a3e4-c911-42b9-a04c-7f0bcd40da75,coder-01,62,2026-02-06 21:02:46.017,code_search,53,f
7f9e864e-a8d4-475b-8787-d95ba758c891,d32011bb-9a16-4348-9df1-0b7570d92386,coder-01,29,2026-02-07 15:09:27.238,file_edit,81,f
909a8502-5cb0-4c53-ae2e-3ffb58ea43de,19be0f37-dd2a-4c97-80f5-47b4114c7841,coder-01,47,2026-02-06 21:02:46.036,code_search,72,f
d0d54de0-fa65-4087-a639-62a77188464b,19be0f37-dd2a-4c97-80f5-47b4114c7841,coder-01,45,2026-02-06 21:02:46.044,code_search,80,f
fb5c1b65-42b1-4442-90ba-99a9051ae01c,9b4c5680-5387-4823-ad60-f8236ac00905,qa-01,34,2026-02-06 21:02:46.05,code_search,87,f
3adc1f74-a850-4331-81e8-f4ad9b495ee8,3298345d-4158-4f96-86ae-91ce84816b98,cto-01,3,2026-02-06 21:02:46.057,code_search,93,f
8281619e-68fb-42c2-8079-13f5f74c0b60,9d80c84d-00c5-4f33-a7c6-71aba09fa63a,coder-01,29,2026-02-06 21:02:46.064,code_search,100,f
490ac2a5-3ede-4b2c-a678-62bad4878f76,b5cc4f23-e790-4d60-8a48-c674cedd962b,coder-01,32,2026-02-06 21:02:46.07,code_search,107,f
d3e8c16e-495e-46e7-9ee9-d89f47f2c594,8b10f425-5e90-4ef6-8055-03e0ce3e7e12,coder-01,23,2026-02-06 21:02:46.077,code_search,113,f
3dac32d2-3663-4d48-be83-8d93fcad849d,3d4a1143-ee74-4508-8a3c-d00d2ebbf6a5,coder-01,17,2026-02-06 21:02:46.085,code_search,120,f
868bda30-f3ec-428c-a3c3-d069b41a93bd,aeb47297-0ef8-40c2-a1c0-7c630224d049,coder-01,20,2026-02-06 21:02:46.092,code_search,128,f
14408195-2e23-43a3-ba89-f212ae38d68a,808c47cf-a553-4d59-acdf-bee2fce91972,coder-01,13,2026-02-06 21:02:46.098,code_search,134,f
8f7e1bf3-09b3-4085-bae4-d4682dbe2403,d02f3136-acfe-4fb5-89a0-d59414a0dcb8,coder-01,9,2026-02-06 21:02:46.105,code_search,141,f
d5cc4248-6fb3-432a-a777-f5e63f844bc8,74278eee-f0c4-4103-a603-f483583a33ee,coder-01,3,2026-02-06 21:02:46.111,code_search,148,f
1662e798-1070-4360-bbd4-dad451cb6868,9621a3e4-c911-42b9-a04c-7f0bcd40da75,coder-01,63,2026-02-06 21:02:51.156,file_list,14,f
fc3c4bb4-9422-4648-9697-7e766a0eecbc,02fe5464-ccc8-418c-8722-7301fb22420f,coder-01,19,2026-02-07 15:09:27.243,file_edit,86,f
4a507660-0206-4cf9-96e0-109545db9625,19be0f37-dd2a-4c97-80f5-47b4114c7841,coder-01,48,2026-02-06 21:02:51.17,file_list,29,f
792def48-1aec-43b0-826b-86157f8ef24d,19be0f37-dd2a-4c97-80f5-47b4114c7841,coder-01,46,2026-02-06 21:02:51.176,file_list,35,f
bce2ae7b-03b1-4cda-9b4a-533871569f43,8b10f425-5e90-4ef6-8055-03e0ce3e7e12,coder-01,25,2026-02-06 21:03:00.042,file_write,65,f
663bbc6c-9e43-405a-87ee-4979b7aff76d,9b4c5680-5387-4823-ad60-f8236ac00905,qa-01,35,2026-02-06 21:02:51.183,file_list,42,f
f31eb0ab-df8e-413a-9dbe-af5e7aede4b0,3298345d-4158-4f96-86ae-91ce84816b98,cto-01,4,2026-02-06 21:02:51.19,file_list,49,f
94c7fb8e-0f70-489b-a86a-246adb90cffa,9d80c84d-00c5-4f33-a7c6-71aba09fa63a,coder-01,30,2026-02-06 21:02:51.197,file_list,56,f
bf506114-f99a-46af-be51-031f0b649990,b5cc4f23-e790-4d60-8a48-c674cedd962b,coder-01,33,2026-02-06 21:02:51.204,file_list,63,f
a334250d-29a5-468d-af5a-6d80ce79257a,8b10f425-5e90-4ef6-8055-03e0ce3e7e12,coder-01,24,2026-02-06 21:02:51.211,file_list,70,f
846e7a22-acde-49eb-aaa3-939eeb126d1d,3d4a1143-ee74-4508-8a3c-d00d2ebbf6a5,coder-01,18,2026-02-06 21:02:51.218,file_list,77,f
80fb5403-8f61-4b88-837a-3f1dc18ffef6,aeb47297-0ef8-40c2-a1c0-7c630224d049,coder-01,21,2026-02-06 21:02:51.227,file_list,86,f
1b1c8e9e-41c3-4f1c-ba87-5ba667e56410,808c47cf-a553-4d59-acdf-bee2fce91972,coder-01,14,2026-02-06 21:02:51.237,file_list,95,f
c6cb8e6d-fdf0-4264-bfae-01eea2d5b32d,d02f3136-acfe-4fb5-89a0-d59414a0dcb8,coder-01,10,2026-02-06 21:02:51.245,file_list,104,f
9015d324-2eb5-4c26-b65b-2eef765abb38,74278eee-f0c4-4103-a603-f483583a33ee,coder-01,4,2026-02-06 21:02:51.255,file_list,114,f
9bb3bd39-1d48-484b-8499-5266c2203805,9621a3e4-c911-42b9-a04c-7f0bcd40da75,coder-01,64,2026-02-06 21:02:59.985,file_write,8,f
e941eca4-1c82-433a-92d9-822785a92997,6e518895-3fd2-4603-9656-84d8d69024ad,coder-01,47,2026-02-07 15:11:18.491,file_write,70,f
fbedc665-f43b-4aa3-a15b-de7f35f85ae5,19be0f37-dd2a-4c97-80f5-47b4114c7841,coder-01,49,2026-02-06 21:03:00.001,file_write,25,f
0649967b-d7a2-4022-b261-f84dad2509a2,19be0f37-dd2a-4c97-80f5-47b4114c7841,coder-01,47,2026-02-06 21:03:00.007,file_write,30,f
85a2fe36-5c17-4a70-a51d-67ad58fd33a6,9b4c5680-5387-4823-ad60-f8236ac00905,qa-01,36,2026-02-06 21:03:00.014,file_write,37,f
5ca8a9f1-1fa7-4fe7-acd3-0139ee591572,9d80c84d-00c5-4f33-a7c6-71aba09fa63a,coder-01,31,2026-02-06 21:03:00.021,file_write,44,f
7c38404f-6ef8-4870-b621-cd2fbbd4cb44,b5cc4f23-e790-4d60-8a48-c674cedd962b,coder-01,34,2026-02-06 21:03:00.028,file_write,52,f
262dc9af-fb83-47ec-9a07-da970074535c,8b10f425-5e90-4ef6-8055-03e0ce3e7e12,coder-01,27,2026-02-06 21:03:04.926,code_search,106,f
2191805f-892d-4156-94d8-3b3e1eda59cf,3d4a1143-ee74-4508-8a3c-d00d2ebbf6a5,coder-01,19,2026-02-06 21:03:00.049,file_write,73,f
a0cf1189-9b95-4680-9a86-baab5d07afe1,aeb47297-0ef8-40c2-a1c0-7c630224d049,coder-01,22,2026-02-06 21:03:00.056,file_write,79,f
1a260b31-8163-48fa-8443-ffea5f335829,808c47cf-a553-4d59-acdf-bee2fce91972,coder-01,15,2026-02-06 21:03:00.062,file_write,85,f
356993e6-25b3-4227-ab76-b1586a865c4f,d02f3136-acfe-4fb5-89a0-d59414a0dcb8,coder-01,11,2026-02-06 21:03:00.07,file_write,93,f
863a483e-dc43-4e94-9069-bc3407b60955,74278eee-f0c4-4103-a603-f483583a33ee,coder-01,5,2026-02-06 21:03:00.076,file_write,99,f
194756c7-4ef1-4390-882d-f23777ec4bd3,9621a3e4-c911-42b9-a04c-7f0bcd40da75,coder-01,65,2026-02-06 21:03:02.612,shell_run,0,f
3ec21882-3080-4b14-8d72-2e7fc7c78d8b,ebada532-ce60-4b9e-bbc6-3df28145bda2,coder-01,15,2026-02-07 15:09:27.248,file_edit,91,f
92fc3870-782d-45a7-ab2b-79f9583ca0cc,19be0f37-dd2a-4c97-80f5-47b4114c7841,coder-01,50,2026-02-06 21:03:02.637,shell_run,24,f
b63539dc-ab54-41c5-a20a-77e121087c1d,19be0f37-dd2a-4c97-80f5-47b4114c7841,coder-01,48,2026-02-06 21:03:02.644,shell_run,31,f
86a8e59f-371b-4483-98b4-a1de410da8f0,9b4c5680-5387-4823-ad60-f8236ac00905,qa-01,37,2026-02-06 21:03:02.65,shell_run,38,f
07cecea0-b42d-4945-9692-95773e0267de,9d80c84d-00c5-4f33-a7c6-71aba09fa63a,coder-01,32,2026-02-06 21:03:02.657,shell_run,45,f
47427c7b-cb21-4cb1-abc0-4c70f43f279c,b5cc4f23-e790-4d60-8a48-c674cedd962b,coder-01,35,2026-02-06 21:03:02.663,shell_run,51,f
53af0a74-37c1-4bf1-999c-3e55d2ac2daf,8b10f425-5e90-4ef6-8055-03e0ce3e7e12,coder-01,26,2026-02-06 21:03:02.669,shell_run,57,f
02f1b9a3-8ec7-4874-b088-190f0ed9c014,3d4a1143-ee74-4508-8a3c-d00d2ebbf6a5,coder-01,20,2026-02-06 21:03:02.676,shell_run,64,f
7f491068-9a03-429d-b11d-da2fd4ebebc5,aeb47297-0ef8-40c2-a1c0-7c630224d049,coder-01,23,2026-02-06 21:03:02.682,shell_run,70,f
1f4ba5db-b6f6-4916-b990-8ad7414fa773,808c47cf-a553-4d59-acdf-bee2fce91972,coder-01,16,2026-02-06 21:03:02.688,shell_run,76,f
bfb7a741-1535-4e63-80ff-fae0f78fdde1,d02f3136-acfe-4fb5-89a0-d59414a0dcb8,coder-01,12,2026-02-06 21:03:02.695,shell_run,83,f
4aafbb42-75d0-488d-9085-e2b22558d13b,74278eee-f0c4-4103-a603-f483583a33ee,coder-01,6,2026-02-06 21:03:02.702,shell_run,90,f
614d2b4f-a885-4778-8fdb-260b9f9fddeb,9621a3e4-c911-42b9-a04c-7f0bcd40da75,coder-01,66,2026-02-06 21:03:04.868,code_search,48,f
5a7e2107-02a0-449b-a857-0efea5385dfb,19be0f37-dd2a-4c97-80f5-47b4114c7841,coder-01,51,2026-02-06 21:03:04.886,code_search,66,f
8a7123ab-d1ff-49aa-933f-595b75e1f1d2,19be0f37-dd2a-4c97-80f5-47b4114c7841,coder-01,49,2026-02-06 21:03:04.893,code_search,72,f
f4811255-6048-4c4e-95d6-044fc09f4849,9b4c5680-5387-4823-ad60-f8236ac00905,qa-01,38,2026-02-06 21:03:04.9,code_search,79,f
046532b0-1227-4ea6-8061-d4d32b2f5696,3298345d-4158-4f96-86ae-91ce84816b98,cto-01,5,2026-02-06 21:03:04.907,code_search,87,f
c2252385-e351-4005-b6e5-72697a8d259c,9d80c84d-00c5-4f33-a7c6-71aba09fa63a,coder-01,33,2026-02-06 21:03:04.913,code_search,93,f
b54b02d2-e155-4f6a-8f58-2c58ce476faf,b5cc4f23-e790-4d60-8a48-c674cedd962b,coder-01,36,2026-02-06 21:03:04.92,code_search,100,f
e414d307-99b4-494e-83c5-edf76f142718,aeb47297-0ef8-40c2-a1c0-7c630224d049,coder-01,24,2026-02-06 21:03:04.941,code_search,121,f
e2bde736-3bdc-4b82-9559-16d2a3c6fe7f,808c47cf-a553-4d59-acdf-bee2fce91972,coder-01,17,2026-02-06 21:03:04.947,code_search,127,f
06280c28-8133-4960-9e72-a77abe530a57,d02f3136-acfe-4fb5-89a0-d59414a0dcb8,coder-01,13,2026-02-06 21:03:04.954,code_search,134,f
4ac11355-717d-4adc-af5a-878cf31a3c2e,74278eee-f0c4-4103-a603-f483583a33ee,coder-01,7,2026-02-06 21:03:04.962,code_search,142,f
06b1c0d9-7704-41a6-b44f-62208cab15b5,c7f2d586-beb7-4040-991f-c36846d6682f,coder-01,9,2026-02-07 15:09:27.253,file_edit,96,f
16e41525-b6a1-43e2-ae45-5bcb45f20e3e,aa60af2a-e036-4e95-ab63-dbd0c24ae4dd,coder-01,89,2026-02-07 15:09:45.25,file_edit,9,f
31c51a2c-95e6-4d2b-b105-724c48edf424,a8ac446c-320e-4316-8b9b-62a329824eb4,coder-01,94,2026-02-07 15:09:45.261,file_edit,21,f
1bdada03-170d-44d3-a98e-bedf73f2c1a4,1038a222-f5a4-4478-a33d-6f8600c39cf9,coder-01,70,2026-02-07 15:09:45.267,file_edit,27,f
80a6bbea-4628-4dd0-805d-3a3de2341f41,084ef220-e275-4a6c-b06c-1a260e534ac8,coder-01,86,2026-02-07 15:09:45.272,file_edit,33,f
342864e5-510a-4eba-87a0-c011c9ab09f0,6f1c08c4-4c4d-4b1d-b633-03e4cb19959f,coder-01,63,2026-02-07 15:09:45.279,file_edit,39,f
d658ea19-db18-47c6-9e85-98dd619e3d7d,beed8ccf-2c5d-441f-95dd-806b872fe53c,coder-01,57,2026-02-07 15:09:45.284,file_edit,45,f
2bb18c98-23cc-4ba8-86cc-00a0b7b7ec92,9417edd2-7b5f-49ca-89a5-82d6fee8a352,coder-01,52,2026-02-07 15:09:45.289,file_edit,50,f
234ed64b-52d5-400d-b89f-99551abf5005,81e1c774-e480-4e12-8c75-69a7c8c3ef0d,coder-01,45,2026-02-07 15:09:45.294,file_edit,55,f
4c2cda29-f1c1-473d-8a4e-7f8e86f29e1c,5fa9383e-1a10-40e6-b969-413b49a03701,coder-01,54,2026-02-07 15:09:45.299,file_edit,60,f
8ecde71d-6f3e-4dc3-91f3-52204191b299,6e518895-3fd2-4603-9656-84d8d69024ad,coder-01,39,2026-02-07 15:09:45.305,file_edit,66,f
8fc3721e-c7a5-41ce-aa76-89d40f79b10a,ef9983a2-ffea-4066-a718-01dfc5d3cb91,coder-01,33,2026-02-07 15:09:45.31,file_edit,71,f
53a74038-bc8a-44cf-98a1-c0413f961922,55dca8b0-41ac-485a-bd87-c5c7073bc1a1,coder-01,35,2026-02-07 15:09:45.316,file_edit,77,f
d45beae8-7489-4012-a7a9-7c87cd7cb827,e5e43ce0-c924-4e6e-8024-309237a67457,coder-01,30,2026-02-07 15:09:45.321,file_edit,82,f
1bf758a8-5390-46a6-a7ce-95274ab10788,d32011bb-9a16-4348-9df1-0b7570d92386,coder-01,30,2026-02-07 15:09:45.326,file_edit,88,f
7b6088a3-2663-412f-99b2-117fecedd449,02fe5464-ccc8-418c-8722-7301fb22420f,coder-01,20,2026-02-07 15:09:45.332,file_edit,93,f
75ae747d-d8b2-4243-9c39-9d4cb623ab9c,ebada532-ce60-4b9e-bbc6-3df28145bda2,coder-01,16,2026-02-07 15:09:45.338,file_edit,99,f
c04acf84-60e0-4ac4-8bd3-d2e20659c9ba,c7f2d586-beb7-4040-991f-c36846d6682f,coder-01,10,2026-02-07 15:09:45.343,file_edit,104,f
a9f19974-1e96-451d-8966-4d3010564f8b,c7f2d586-beb7-4040-991f-c36846d6682f,coder-01,11,2026-02-07 15:09:49.27,"the action to take, only one name of [file_read, file_write, file_edit, file_list, shell_run, code_search, find_file], just the name, exactly as it's written.",,f
98d4ee8b-4864-4a85-b049-03d193aea8ee,c7f2d586-beb7-4040-991f-c36846d6682f,coder-01,12,2026-02-07 15:09:49.276,unknown,,f
bc27be37-f5da-466a-97a3-0be1086dadee,c7f2d586-beb7-4040-991f-c36846d6682f,coder-01,13,2026-02-07 15:09:49.282,"the action to take, only one name of [file_read, file_write, file_edit, file_list, shell_run, code_search, find_file], just the name, exactly as it's written.",,f
ae105576-e73d-49c1-a599-799349be7055,c7f2d586-beb7-4040-991f-c36846d6682f,coder-01,14,2026-02-07 15:09:49.287,unknown,,f
91459df4-95ab-435d-b0ba-abdf7f3fb3a0,c7f2d586-beb7-4040-991f-c36846d6682f,coder-01,15,2026-02-07 15:09:49.294,"the action to take, only one name of [file_read, file_write, file_edit, file_list, shell_run, code_search, find_file], just the name, exactly as it's written.",,f
ee7c2e06-d13e-408c-aab8-687410a76625,9621a3e4-c911-42b9-a04c-7f0bcd40da75,coder-01,67,2026-02-06 21:03:09.644,file_list,110,f
6ed02ee6-f6fd-46c2-b70a-36b79807a600,c7f2d586-beb7-4040-991f-c36846d6682f,coder-01,16,2026-02-07 15:09:49.299,unknown,,f
ea7d4d2a-6b6c-45b5-9fed-784f801ee8d0,19be0f37-dd2a-4c97-80f5-47b4114c7841,coder-01,52,2026-02-06 21:03:09.66,file_list,127,f
53291443-cbef-484a-af20-ac5a6d0c1ee2,19be0f37-dd2a-4c97-80f5-47b4114c7841,coder-01,50,2026-02-06 21:03:09.666,file_list,132,f
4bf6a9d4-e54c-4edd-bf1d-dc91800f835e,9b4c5680-5387-4823-ad60-f8236ac00905,qa-01,39,2026-02-06 21:03:09.671,file_list,138,f
df22ef17-e49f-4af5-9af1-e87e6d326161,3298345d-4158-4f96-86ae-91ce84816b98,cto-01,6,2026-02-06 21:03:09.678,file_list,144,f
51d86f9f-d9a5-4ff1-91d6-0bf376a9be41,74278eee-f0c4-4103-a603-f483583a33ee,coder-01,12,2026-02-06 21:04:03.283,"the action to take, only one name of [file_read, file_write, file_edit, file_list, shell_run, code_search, find_file], just the name, exactly as it's written.",,f
d1a1918c-50ed-4e8c-b208-07433d22d9d1,74278eee-f0c4-4103-a603-f483583a33ee,coder-01,13,2026-02-06 21:04:03.294,unknown,,f
901d47d2-695e-4190-a81c-72d2960c8ebb,74278eee-f0c4-4103-a603-f483583a33ee,coder-01,14,2026-02-06 21:04:03.304,"the action to take, only one name of [file_read, file_write, file_edit, file_list, shell_run, code_search, find_file], just the name, exactly as it's written.",,f
87af0f5c-fb0d-4bf2-9326-2851d3f15178,74278eee-f0c4-4103-a603-f483583a33ee,coder-01,15,2026-02-06 21:04:03.313,unknown,,f
8b66a555-a633-4448-89e8-1645a4dac631,c7f2d586-beb7-4040-991f-c36846d6682f,coder-01,17,2026-02-07 15:09:49.306,"the action to take, only one name of [file_read, file_write, file_edit, file_list, shell_run, code_search, find_file], just the name, exactly as it's written.",,f
28e0e8be-a4fe-4600-9120-bbe082aef8f6,c7f2d586-beb7-4040-991f-c36846d6682f,coder-01,18,2026-02-07 15:09:49.312,unknown,,f
f2c318ae-86c9-47b6-b8f7-464f70eb387d,c7f2d586-beb7-4040-991f-c36846d6682f,coder-01,19,2026-02-07 15:09:49.318,"the action to take, only one name of [file_read, file_write, file_edit, file_list, shell_run, code_search, find_file], just the name, exactly as it's written.",,f
bc1b2386-4a88-4d71-9926-42a66a667950,c7f2d586-beb7-4040-991f-c36846d6682f,coder-01,20,2026-02-07 15:09:49.323,unknown,,f
a1e304a0-edd6-4e6b-9e8b-2641be144157,74278eee-f0c4-4103-a603-f483583a33ee,coder-01,16,2026-02-06 21:04:03.323,"the action to take, only one name of [file_read, file_write, file_edit, file_list, shell_run, code_search, find_file], just the name, exactly as it's written.",,f
7ee989af-8c75-406c-831f-658499938b35,74278eee-f0c4-4103-a603-f483583a33ee,coder-01,17,2026-02-06 21:04:03.332,unknown,,f
03184438-a47a-4892-9c52-0185a96df186,74278eee-f0c4-4103-a603-f483583a33ee,coder-01,18,2026-02-06 21:04:03.344,"the action to take, only one name of [file_read, file_write, file_edit, file_list, shell_run, code_search, find_file], just the name, exactly as it's written.",,f
6bdbd114-0e3c-4235-b54a-a65fd77ffb35,74278eee-f0c4-4103-a603-f483583a33ee,coder-01,19,2026-02-06 21:04:03.352,unknown,,f
a14ca65a-5e4b-4273-9c96-49f8b816b2e9,74278eee-f0c4-4103-a603-f483583a33ee,coder-01,20,2026-02-06 21:04:03.41,"' after 'Thought:'. I will do right next, and don't use a tool I have already used.",,f
cb5e49a3-f464-4b2f-b1ea-0d69f4f81d70,74278eee-f0c4-4103-a603-f483583a33ee,coder-01,8,2026-02-06 21:04:03.42,file_list,165,f
2ecd5f39-d131-4a3e-a01b-ab4a7a3afd0c,74278eee-f0c4-4103-a603-f483583a33ee,coder-01,9,2026-02-06 21:04:03.428,file_read,41,f
a7909d4b-34a2-444a-a533-59d7a6d10f22,74278eee-f0c4-4103-a603-f483583a33ee,coder-01,10,2026-02-06 21:04:03.436,file_edit,46,f
f872857f-4b2d-4633-a55d-fa0447427d6b,74278eee-f0c4-4103-a603-f483583a33ee,coder-01,11,2026-02-06 21:04:03.446,shell_run,6852,f
9f2470cd-aca0-4302-a117-427f6260d892,9621a3e4-c911-42b9-a04c-7f0bcd40da75,coder-01,71,2026-02-06 21:08:11.963,file_write,5,f
36cd23fc-cf36-44cd-b7b0-eb795aa28ef1,c7f2d586-beb7-4040-991f-c36846d6682f,coder-01,21,2026-02-07 15:09:49.33,"the action to take, only one name of [file_read, file_write, file_edit, file_list, shell_run, code_search, find_file], just the name, exactly as it's written.",,f
4271da04-c9ee-4491-a2c3-954236e80386,19be0f37-dd2a-4c97-80f5-47b4114c7841,coder-01,56,2026-02-06 21:08:11.982,file_write,24,f
26131870-b76e-4938-b3a2-7249b5e898f2,19be0f37-dd2a-4c97-80f5-47b4114c7841,coder-01,54,2026-02-06 21:08:11.99,file_write,32,f
a7fb19eb-0ef0-470c-aae3-62dfcd06adb2,9b4c5680-5387-4823-ad60-f8236ac00905,qa-01,42,2026-02-06 21:08:11.997,file_write,39,f
e6204d1f-2c4f-410d-981e-8e398866a25b,74278eee-f0c4-4103-a603-f483583a33ee,coder-01,24,2026-02-06 21:08:17.846,shell_run,88,f
5bbf453b-4c21-48a3-a2c2-1373c691ef1c,c7f2d586-beb7-4040-991f-c36846d6682f,coder-01,22,2026-02-07 15:09:49.336,unknown,,f
5528d11d-0f3d-4d83-a2eb-d37b64e23d11,c7f2d586-beb7-4040-991f-c36846d6682f,coder-01,23,2026-02-07 15:09:49.342,"the action to take, only one name of [file_read, file_write, file_edit, file_list, shell_run, code_search, find_file], just the name, exactly as it's written.",,f
cc8b0fb3-b9ff-46de-b0a4-5a222d46095d,9d80c84d-00c5-4f33-a7c6-71aba09fa63a,coder-01,38,2026-02-06 21:08:12.004,file_write,46,f
75d058b8-27ff-4ae8-8206-6e45f93a1b13,b5cc4f23-e790-4d60-8a48-c674cedd962b,coder-01,41,2026-02-06 21:08:12.011,file_write,54,f
e61be0dd-35f0-49ba-b334-9059bb7f15f5,8b10f425-5e90-4ef6-8055-03e0ce3e7e12,coder-01,32,2026-02-06 21:08:12.019,file_write,61,f
09c4dacb-8bb2-4162-9243-cba9f75b3447,3d4a1143-ee74-4508-8a3c-d00d2ebbf6a5,coder-01,26,2026-02-06 21:08:12.026,file_write,68,f
792c10e3-84f0-4fb7-9e84-c570e6d05cc8,aeb47297-0ef8-40c2-a1c0-7c630224d049,coder-01,29,2026-02-06 21:08:12.036,file_write,77,f
c3d9039b-01d7-4df4-bc4c-b68522c37eba,808c47cf-a553-4d59-acdf-bee2fce91972,coder-01,22,2026-02-06 21:08:12.045,file_write,87,f
42e4c791-c061-49b3-b4f9-e3b10f477964,d02f3136-acfe-4fb5-89a0-d59414a0dcb8,coder-01,18,2026-02-06 21:08:12.054,file_write,96,f
44a28d7c-9787-4510-b625-bba9d54fd7e4,74278eee-f0c4-4103-a603-f483583a33ee,coder-01,21,2026-02-06 21:08:12.06,file_write,102,f
e3498e59-2b7c-487f-91d0-09f24ed57e54,00fbf9f4-06bb-44d7-bb53-2fc9af8f3a4d,qa-01,1,2026-02-06 21:08:12.065,file_write,108,f
2f79f053-9e5c-4b06-8cec-c16ac02712fc,9621a3e4-c911-42b9-a04c-7f0bcd40da75,coder-01,72,2026-02-06 21:08:12.984,file_read,6,f
23dd298a-f86d-406c-96e0-dd2ad49b03bf,a8ac446c-320e-4316-8b9b-62a329824eb4,coder-01,19,2026-02-07 14:56:51.642,"the action to take, only one name of [file_read, file_write, file_edit, file_list, shell_run, code_search, find_file], just the name, exactly as it's written.",,f
9431f426-a38f-445a-90cb-fdeef8e706b3,a8ac446c-320e-4316-8b9b-62a329824eb4,coder-01,20,2026-02-07 14:56:51.649,unknown,,f
a91e8940-cd3f-41a8-820a-3e30e505c8b3,a8ac446c-320e-4316-8b9b-62a329824eb4,coder-01,21,2026-02-07 14:56:51.657,"the action to take, only one name of [file_read, file_write, file_edit, file_list, shell_run, code_search, find_file], just the name, exactly as it's written.",,f
76d6600d-807b-4364-a389-2a73f156ca35,a8ac446c-320e-4316-8b9b-62a329824eb4,coder-01,22,2026-02-07 14:56:51.663,unknown,,f
d5e64b3f-f6ae-4ff0-b81b-07ae68dc5dc2,19be0f37-dd2a-4c97-80f5-47b4114c7841,coder-01,57,2026-02-06 21:08:13,file_read,22,f
6edc5cf2-7a38-4330-a376-eacebfc4a6c0,19be0f37-dd2a-4c97-80f5-47b4114c7841,coder-01,55,2026-02-06 21:08:13.006,file_read,28,f
2c1ce0b7-dfbf-447f-be2d-5fbcff69c4e4,9b4c5680-5387-4823-ad60-f8236ac00905,qa-01,43,2026-02-06 21:08:13.011,file_read,34,f
fe1cb110-df31-4620-8f08-3bb563e5ddb3,3298345d-4158-4f96-86ae-91ce84816b98,cto-01,8,2026-02-06 21:08:13.017,file_read,39,f
22f5d470-0267-45a6-9c9b-fe3e6ba2159a,9d80c84d-00c5-4f33-a7c6-71aba09fa63a,coder-01,39,2026-02-06 21:08:13.022,file_read,44,f
93f10977-8ffd-4921-9895-997f7250b3db,b5cc4f23-e790-4d60-8a48-c674cedd962b,coder-01,42,2026-02-06 21:08:13.028,file_read,50,f
7d0fc4cc-d7d7-425b-9da9-85c1cb8e8cd7,8b10f425-5e90-4ef6-8055-03e0ce3e7e12,coder-01,33,2026-02-06 21:08:13.033,file_read,55,f
899b3120-903d-4e68-a9ea-064ee2d48e7d,3d4a1143-ee74-4508-8a3c-d00d2ebbf6a5,coder-01,27,2026-02-06 21:08:13.04,file_read,62,f
d3da36b5-c1a1-4eb7-9376-f59c5a4fb72d,aeb47297-0ef8-40c2-a1c0-7c630224d049,coder-01,30,2026-02-06 21:08:13.047,file_read,69,f
275a3d6e-f48b-4aed-9ad2-f279f4166493,808c47cf-a553-4d59-acdf-bee2fce91972,coder-01,23,2026-02-06 21:08:13.054,file_read,76,f
8c46b09b-5ee6-4a19-aa8e-0be2263b0c98,d02f3136-acfe-4fb5-89a0-d59414a0dcb8,coder-01,19,2026-02-06 21:08:13.06,file_read,82,f
561a62e0-33ae-4d7f-a163-eae5f3307739,74278eee-f0c4-4103-a603-f483583a33ee,coder-01,22,2026-02-06 21:08:13.066,file_read,88,f
ae75daee-7e9b-4fbe-a7ac-7c0d0a324a93,a8ac446c-320e-4316-8b9b-62a329824eb4,coder-01,23,2026-02-07 14:56:51.671,"the action to take, only one name of [file_read, file_write, file_edit, file_list, shell_run, code_search, find_file], just the name, exactly as it's written.",,f
b0c7a038-cacd-4a46-b3ee-ae63eb544b50,00fbf9f4-06bb-44d7-bb53-2fc9af8f3a4d,qa-01,2,2026-02-06 21:08:13.072,file_read,94,f
dabfa5a2-f43c-4eee-9f39-69f0f40d784b,9621a3e4-c911-42b9-a04c-7f0bcd40da75,coder-01,73,2026-02-06 21:08:16.295,file_write,8,f
5fa1c595-09d9-4f9e-b790-4909de54014b,19be0f37-dd2a-4c97-80f5-47b4114c7841,coder-01,58,2026-02-06 21:08:16.312,file_write,25,f
ffe57796-4c76-4128-9ef7-895f0b8b5f80,19be0f37-dd2a-4c97-80f5-47b4114c7841,coder-01,56,2026-02-06 21:08:16.318,file_write,31,f
c4883334-4c17-49bb-9ff9-400695512cb2,a8ac446c-320e-4316-8b9b-62a329824eb4,coder-01,24,2026-02-07 14:56:51.679,unknown,,f
1673e64e-cce1-41a4-9bdd-ad51cf5bb39a,a8ac446c-320e-4316-8b9b-62a329824eb4,coder-01,26,2026-02-07 14:57:11.472,file_write,17,f
d469632b-6796-467c-a6aa-e1f8c7b37f93,1038a222-f5a4-4478-a33d-6f8600c39cf9,coder-01,2,2026-02-07 14:57:11.478,file_write,23,f
7b6b78fa-744a-41af-bd54-4418e1fba5f8,084ef220-e275-4a6c-b06c-1a260e534ac8,coder-01,1,2026-02-07 14:57:11.484,file_write,28,f
59695c9c-ea92-4c10-81c0-b3210b3cb5b4,aa60af2a-e036-4e95-ab63-dbd0c24ae4dd,coder-01,22,2026-02-07 14:57:13.799,shell_run,0,f
7faf1b82-858e-4ecb-9fa1-985e60303ebf,a8ac446c-320e-4316-8b9b-62a329824eb4,coder-01,27,2026-02-07 14:57:13.805,shell_run,5,f
edb78480-aa4c-4da7-a0b9-10d8f0afc519,084ef220-e275-4a6c-b06c-1a260e534ac8,coder-01,20,2026-02-07 14:59:58.863,"the action to take, only one name of [file_read, file_write, file_edit, file_list, shell_run, code_search, find_file], just the name, exactly as it's written.",,f
7af7580c-17b9-4493-8118-cec64fab95ad,9b4c5680-5387-4823-ad60-f8236ac00905,qa-01,44,2026-02-06 21:08:16.325,file_write,38,f
326e9353-eb99-4878-bf41-d530c9295218,9d80c84d-00c5-4f33-a7c6-71aba09fa63a,coder-01,40,2026-02-06 21:08:16.331,file_write,44,f
a8f6ecc7-0afd-4e0f-8896-5347f35c4965,b5cc4f23-e790-4d60-8a48-c674cedd962b,coder-01,43,2026-02-06 21:08:16.337,file_write,50,f
eda0b3d2-2e15-46e7-9704-39f1cc177e35,8b10f425-5e90-4ef6-8055-03e0ce3e7e12,coder-01,34,2026-02-06 21:08:16.344,file_write,57,f
03f1ab13-50f8-4a34-bd3b-d94c86009e8a,00fbf9f4-06bb-44d7-bb53-2fc9af8f3a4d,qa-01,4,2026-02-06 21:08:17.853,shell_run,96,f
0f2a4b5c-0216-483d-b08a-725537db4530,bc57b182-864c-45a8-8644-8ef88e8e425b,coder-01,1,2026-02-07 11:28:39.429,file_write,25,f
2e00cc26-91dd-4772-b36c-ba0423a3401f,3d4a1143-ee74-4508-8a3c-d00d2ebbf6a5,coder-01,28,2026-02-06 21:08:16.35,file_write,63,f
fe8c6841-3dd5-432c-9ad8-bd8cefe37b35,aeb47297-0ef8-40c2-a1c0-7c630224d049,coder-01,31,2026-02-06 21:08:16.357,file_write,70,f
58768640-bdd6-4111-a1cb-d3c6c4a59f9c,808c47cf-a553-4d59-acdf-bee2fce91972,coder-01,24,2026-02-06 21:08:16.364,file_write,77,f
2a54a610-cf7d-49d5-b293-629d7f9cc5b7,d02f3136-acfe-4fb5-89a0-d59414a0dcb8,coder-01,20,2026-02-06 21:08:16.371,file_write,83,f
2ce99054-58ff-49fc-b141-b0b6848ca363,00fbf9f4-06bb-44d7-bb53-2fc9af8f3a4d,qa-01,7,2026-02-06 21:08:24.653,unknown,,f
00f05602-3f8f-4c33-abfc-1f7074240eb3,00fbf9f4-06bb-44d7-bb53-2fc9af8f3a4d,qa-01,8,2026-02-06 21:08:24.661,"the action to take, only one name of [file_read, file_write, file_list, shell_run, code_search, find_file], just the name, exactly as it's written.",,f
7f6ac823-31fe-48a5-99a0-58b9336968ac,00fbf9f4-06bb-44d7-bb53-2fc9af8f3a4d,qa-01,9,2026-02-06 21:08:24.667,unknown,,f
c8c459f4-1600-4aec-a7c3-ae944e61c54c,409948b3-0322-4cd5-aa53-a4d71dc2bba0,coder-01,5,2026-02-07 11:28:28.418,"the action to take, only one name of [file_read, file_write, file_edit, file_list, shell_run, code_search, find_file], just the name, exactly as it's written.",,f
1ffaccce-c401-4179-aa9d-5f93d3bd34db,74278eee-f0c4-4103-a603-f483583a33ee,coder-01,23,2026-02-06 21:08:16.378,file_write,91,f
2667f43d-94e6-41db-a856-f5c23cfe7171,00fbf9f4-06bb-44d7-bb53-2fc9af8f3a4d,qa-01,3,2026-02-06 21:08:16.385,file_write,98,f
3af97f8d-db22-4c88-8673-a7740d3c7b3a,9621a3e4-c911-42b9-a04c-7f0bcd40da75,coder-01,74,2026-02-06 21:08:17.758,shell_run,0,f
7abeed3b-7a35-4989-8753-7790067ef1c0,19be0f37-dd2a-4c97-80f5-47b4114c7841,coder-01,59,2026-02-06 21:08:17.776,shell_run,18,f
b582e80d-f9f5-4a62-8ac8-d735e9b4d582,19be0f37-dd2a-4c97-80f5-47b4114c7841,coder-01,57,2026-02-06 21:08:17.783,shell_run,25,f
d81ab42b-c96b-480e-a4b0-4160ead33b9d,9b4c5680-5387-4823-ad60-f8236ac00905,qa-01,45,2026-02-06 21:08:17.79,shell_run,33,f
1617cc4c-2179-4f4a-a2a6-48c8b4bd717c,9d80c84d-00c5-4f33-a7c6-71aba09fa63a,coder-01,41,2026-02-06 21:08:17.798,shell_run,40,f
0e6c4c33-3423-490d-ad45-80548786fc94,b5cc4f23-e790-4d60-8a48-c674cedd962b,coder-01,44,2026-02-06 21:08:17.804,shell_run,47,f
fdfe1887-7676-423c-9d66-1625def69003,8b10f425-5e90-4ef6-8055-03e0ce3e7e12,coder-01,35,2026-02-06 21:08:17.811,shell_run,53,f
29485d2d-6874-4de1-a2a3-450181f1896e,3d4a1143-ee74-4508-8a3c-d00d2ebbf6a5,coder-01,29,2026-02-06 21:08:17.818,shell_run,60,f
903eb3e1-0976-4338-ac55-194cf2533a07,aeb47297-0ef8-40c2-a1c0-7c630224d049,coder-01,32,2026-02-06 21:08:17.825,shell_run,67,f
5b59de97-d46d-4a13-a72f-fcc3548dfba8,808c47cf-a553-4d59-acdf-bee2fce91972,coder-01,25,2026-02-06 21:08:17.832,shell_run,74,f
7139a8c0-913d-46e7-b38a-efd67aeb49be,d02f3136-acfe-4fb5-89a0-d59414a0dcb8,coder-01,21,2026-02-06 21:08:17.839,shell_run,81,f
d555041a-637c-4c76-aebb-0757d5c97b3b,409948b3-0322-4cd5-aa53-a4d71dc2bba0,coder-01,6,2026-02-07 11:28:28.425,unknown,,f
20cf7aef-8722-479e-8c31-d853617c564f,758356b3-961a-41f5-b40b-ecb6ccc4ea5c,coder-01,17,2026-02-07 11:28:41.795,shell_run,0,f
ca731364-c82a-4a0b-9678-360fb743097f,9621a3e4-c911-42b9-a04c-7f0bcd40da75,coder-01,75,2026-02-06 21:08:20.034,shell_run,1316,f
5b6a14a5-57f7-4760-844d-5b2adb7410ef,19be0f37-dd2a-4c97-80f5-47b4114c7841,coder-01,60,2026-02-06 21:08:20.052,shell_run,1334,f
9c0be48b-acf6-4eaa-af73-4fe34bbb01a6,19be0f37-dd2a-4c97-80f5-47b4114c7841,coder-01,58,2026-02-06 21:08:20.06,shell_run,1342,f
f9c753f0-8f7c-4a30-8da6-410a75941734,9b4c5680-5387-4823-ad60-f8236ac00905,qa-01,46,2026-02-06 21:08:20.069,shell_run,1351,f
ae95606b-fd07-4094-950a-1d81215deac4,9d80c84d-00c5-4f33-a7c6-71aba09fa63a,coder-01,42,2026-02-06 21:08:20.075,shell_run,1357,f
fce32774-7f49-4da0-88cf-659ec084526c,b5cc4f23-e790-4d60-8a48-c674cedd962b,coder-01,45,2026-02-06 21:08:20.081,shell_run,1363,f
658028c9-d34c-4c25-84ff-cecd305512b3,aa60af2a-e036-4e95-ab63-dbd0c24ae4dd,coder-01,20,2026-02-07 14:57:00.91,file_write,6,f
077361a7-c089-4960-bb2f-372c6c0446ce,a8ac446c-320e-4316-8b9b-62a329824eb4,coder-01,25,2026-02-07 14:57:00.92,file_write,17,f
c02fb4fc-1c29-4343-9783-275e2a36681d,1038a222-f5a4-4478-a33d-6f8600c39cf9,coder-01,1,2026-02-07 14:57:00.927,file_write,23,f
41180a08-f032-4483-8c87-780bd8ff5fc4,084ef220-e275-4a6c-b06c-1a260e534ac8,coder-01,21,2026-02-07 14:59:58.869,unknown,,f
7355c65f-238c-42b4-9498-9a812cb4afdd,084ef220-e275-4a6c-b06c-1a260e534ac8,coder-01,22,2026-02-07 14:59:58.876,"the action to take, only one name of [file_read, file_write, file_edit, file_list, shell_run, code_search, find_file], just the name, exactly as it's written.",,f
2f0fc42a-7487-475c-b6aa-15d47dd175f7,8b10f425-5e90-4ef6-8055-03e0ce3e7e12,coder-01,36,2026-02-06 21:08:20.087,shell_run,1369,f
87773f8b-1cd9-4e02-9da2-f3563605ffa9,3d4a1143-ee74-4508-8a3c-d00d2ebbf6a5,coder-01,30,2026-02-06 21:08:20.093,shell_run,1375,f
0994a61f-6b5b-45ae-8d14-a6dfea5d9105,aeb47297-0ef8-40c2-a1c0-7c630224d049,coder-01,33,2026-02-06 21:08:20.099,shell_run,1381,f
cdb66639-a878-438b-9549-aa5c5cb19572,808c47cf-a553-4d59-acdf-bee2fce91972,coder-01,26,2026-02-06 21:08:20.104,shell_run,1386,f
87d80bfd-b2b4-40d4-80a4-4be83e2759f9,d02f3136-acfe-4fb5-89a0-d59414a0dcb8,coder-01,22,2026-02-06 21:08:20.11,shell_run,1392,f
c481ecb4-9f7c-494e-b3d2-73264ecc9910,74278eee-f0c4-4103-a603-f483583a33ee,coder-01,25,2026-02-06 21:08:20.115,shell_run,1397,f
88660c01-d035-4d06-95e2-230ad2780801,00fbf9f4-06bb-44d7-bb53-2fc9af8f3a4d,qa-01,5,2026-02-06 21:08:20.121,shell_run,1403,f
59d2c7ef-efc7-46c5-8dc2-d6143d4436a7,00fbf9f4-06bb-44d7-bb53-2fc9af8f3a4d,qa-01,6,2026-02-06 21:08:24.647,"the action to take, only one name of [file_read, file_write, file_list, shell_run, code_search, find_file], just the name, exactly as it's written.",,f
2023ea85-766a-4b2f-8131-e63e4815885d,9621a3e4-c911-42b9-a04c-7f0bcd40da75,coder-01,76,2026-02-06 21:08:36.72,file_write,6,f
973c6679-905e-4a76-8bad-91aa3a4fca3d,19be0f37-dd2a-4c97-80f5-47b4114c7841,coder-01,61,2026-02-06 21:08:36.732,file_write,18,f
d0c9f3dc-f072-4959-9f51-98bcf7944ba0,19be0f37-dd2a-4c97-80f5-47b4114c7841,coder-01,59,2026-02-06 21:08:36.739,file_write,25,f
83dcb0d2-8789-44b5-b77a-765c9ba7c8ac,9b4c5680-5387-4823-ad60-f8236ac00905,qa-01,47,2026-02-06 21:08:36.745,file_write,32,f
e6da87ad-71bb-4e82-b857-6fccde01d584,9d80c84d-00c5-4f33-a7c6-71aba09fa63a,coder-01,43,2026-02-06 21:08:36.751,file_write,38,f
4a2e2eaa-5cf9-4c56-a8f2-29f7bdf4d8b8,b5cc4f23-e790-4d60-8a48-c674cedd962b,coder-01,46,2026-02-06 21:08:36.758,file_write,45,f
18328bb2-20a6-45ea-bcb6-2d9b018a8642,8b10f425-5e90-4ef6-8055-03e0ce3e7e12,coder-01,37,2026-02-06 21:08:36.765,file_write,51,f
ad30f802-847f-4f3c-98f7-0d0c193aab87,3d4a1143-ee74-4508-8a3c-d00d2ebbf6a5,coder-01,31,2026-02-06 21:08:36.772,file_write,58,f
65254186-f5d0-4715-b196-e88661d0a252,758356b3-961a-41f5-b40b-ecb6ccc4ea5c,coder-01,16,2026-02-07 11:28:39.411,file_write,6,f
c1539aae-b645-4459-83cc-052f69407bab,409948b3-0322-4cd5-aa53-a4d71dc2bba0,coder-01,7,2026-02-07 11:28:39.422,file_write,18,f
066c1eea-c279-44b7-a337-fc9734875510,409948b3-0322-4cd5-aa53-a4d71dc2bba0,coder-01,8,2026-02-07 11:28:41.805,shell_run,13,f
847c59d9-c1bf-44ab-b444-6c27ade50111,aeb47297-0ef8-40c2-a1c0-7c630224d049,coder-01,34,2026-02-06 21:08:36.778,file_write,64,f
3b7e6ba1-c100-4ce9-9ee5-c10c53ece8bc,808c47cf-a553-4d59-acdf-bee2fce91972,coder-01,27,2026-02-06 21:08:36.785,file_write,71,f
50468f2a-1c53-4b1c-a4e5-2950adc3d481,d02f3136-acfe-4fb5-89a0-d59414a0dcb8,coder-01,23,2026-02-06 21:08:36.792,file_write,78,f
d853da34-6ed7-4225-91d4-330482cdc921,74278eee-f0c4-4103-a603-f483583a33ee,coder-01,26,2026-02-06 21:08:36.799,file_write,85,f
aee60952-e3c9-40c5-9a2f-9b6864634d4d,00fbf9f4-06bb-44d7-bb53-2fc9af8f3a4d,qa-01,10,2026-02-06 21:08:36.807,file_write,93,f
f980ccc1-49e1-4ffb-8ff2-5dc6604c703f,b25bda65-9e1b-4dc6-9bfd-425be05fdf23,qa-01,1,2026-02-06 21:08:36.816,file_write,102,f
eedef5ed-0a37-4942-ac8f-7d2ec421c903,9621a3e4-c911-42b9-a04c-7f0bcd40da75,coder-01,77,2026-02-06 21:08:40.595,file_write,6,f
de29b37f-159d-4ca8-9b86-38da75a58b39,c7f2d586-beb7-4040-991f-c36846d6682f,coder-01,24,2026-02-07 15:09:49.347,unknown,,f
8708e63f-6a41-43e7-9643-6654c25040a8,19be0f37-dd2a-4c97-80f5-47b4114c7841,coder-01,62,2026-02-06 21:08:40.613,file_write,24,f
233c948d-22dc-46d5-bee3-77751e1b4a80,19be0f37-dd2a-4c97-80f5-47b4114c7841,coder-01,60,2026-02-06 21:08:40.62,file_write,31,f
e6cd25ec-bc78-49e9-b512-eaf5e195072c,c7f2d586-beb7-4040-991f-c36846d6682f,coder-01,25,2026-02-07 15:09:49.353,"the action to take, only one name of [file_read, file_write, file_edit, file_list, shell_run, code_search, find_file], just the name, exactly as it's written.",,f
2d0c0383-edfe-4113-8d15-ce1b3a1475a0,c7f2d586-beb7-4040-991f-c36846d6682f,coder-01,26,2026-02-07 15:09:49.36,unknown,,f
f3431b21-ed1c-47ac-a5e9-b4c39891eb5c,9b4c5680-5387-4823-ad60-f8236ac00905,qa-01,48,2026-02-06 21:08:40.627,file_write,38,f
a0ba4da2-9fe1-45a2-b766-da3c4117b0de,9d80c84d-00c5-4f33-a7c6-71aba09fa63a,coder-01,44,2026-02-06 21:08:40.637,file_write,48,f
e0cede2d-8811-421f-aaf4-f0ebac5aa5f5,b5cc4f23-e790-4d60-8a48-c674cedd962b,coder-01,47,2026-02-06 21:08:40.645,file_write,56,f
0aed5e96-f33f-4c68-a1d1-fe1098005331,8b10f425-5e90-4ef6-8055-03e0ce3e7e12,coder-01,38,2026-02-06 21:08:40.652,file_write,63,f
484c4ffe-4826-4106-93b7-12d826c3c4bd,3d4a1143-ee74-4508-8a3c-d00d2ebbf6a5,coder-01,32,2026-02-06 21:08:40.659,file_write,70,f
8d194617-bcaf-4a6f-a184-99fa7bc806f0,9f53b472-0306-4cba-98e3-9d4c8657e8d6,coder-01,1,2026-02-07 11:22:22.496,file_write,6,f
ebc63a92-2bfa-4d4f-ba47-414e55b850cb,9f53b472-0306-4cba-98e3-9d4c8657e8d6,coder-01,2,2026-02-07 11:22:25.148,shell_run,0,f
e2554b1a-df7d-4825-9fe9-cfa04758d8d3,9f53b472-0306-4cba-98e3-9d4c8657e8d6,coder-01,3,2026-02-07 11:22:29.765,file_write,15,f
515e0bfa-aa0a-4a86-8c1f-cce2a9ee6d32,9f53b472-0306-4cba-98e3-9d4c8657e8d6,coder-01,4,2026-02-07 11:22:33.148,code_search,51,f
3f00a01d-6548-4a05-8679-7ad83faf9525,9f53b472-0306-4cba-98e3-9d4c8657e8d6,coder-01,5,2026-02-07 11:22:35.869,file_read,8,f
50b42c3b-633b-4485-a370-8b51b98bec63,9f53b472-0306-4cba-98e3-9d4c8657e8d6,coder-01,6,2026-02-07 11:22:38.015,file_list,16,f
297b2839-13ba-49c4-a74c-51687ef3bb91,9f53b472-0306-4cba-98e3-9d4c8657e8d6,coder-01,7,2026-02-07 11:22:45.677,file_write,5,f
97b72b47-cb58-4059-a262-449efaf9413d,9f53b472-0306-4cba-98e3-9d4c8657e8d6,coder-01,8,2026-02-07 11:22:48.436,file_read,7,f
51815f00-9a2e-4359-a46d-9cb5c3192e94,9f53b472-0306-4cba-98e3-9d4c8657e8d6,coder-01,9,2026-02-07 11:23:34.21,file_write,8,f
c6d6a936-06f6-44d0-90bc-9a1232c41dff,758356b3-961a-41f5-b40b-ecb6ccc4ea5c,coder-01,1,2026-02-07 11:26:48.663,file_write,9,f
9d0cc0aa-27b9-46c9-b0d0-24a6017fdc0d,758356b3-961a-41f5-b40b-ecb6ccc4ea5c,coder-01,2,2026-02-07 11:26:51.172,shell_run,0,f
d9fa98c2-b91d-4f69-b3fb-3a92c13f520a,758356b3-961a-41f5-b40b-ecb6ccc4ea5c,coder-01,3,2026-02-07 11:27:00.032,file_write,12,f
b809fd51-1ddf-4b61-9ffa-6972897bd6aa,758356b3-961a-41f5-b40b-ecb6ccc4ea5c,coder-01,4,2026-02-07 11:27:02.778,file_edit,10,f
10eb0dd4-6629-4a33-b8d8-6f6af567a770,758356b3-961a-41f5-b40b-ecb6ccc4ea5c,coder-01,5,2026-02-07 11:27:12.767,shell_run,2407,f
b8b11622-6a83-4cd4-b0bf-7c52c1468ad3,758356b3-961a-41f5-b40b-ecb6ccc4ea5c,coder-01,6,2026-02-07 11:27:34.701,"the action to take, only one name of [file_read, file_write, file_edit, file_list, shell_run, code_search, find_file], just the name, exactly as it's written.",,f
0ce6fb22-953d-46cc-bce4-a678215833fb,758356b3-961a-41f5-b40b-ecb6ccc4ea5c,coder-01,7,2026-02-07 11:27:34.709,unknown,,f
79bdd89f-f347-4244-a621-51e16a7c5a00,758356b3-961a-41f5-b40b-ecb6ccc4ea5c,coder-01,8,2026-02-07 11:27:34.718,"the action to take, only one name of [file_read, file_write, file_edit, file_list, shell_run, code_search, find_file], just the name, exactly as it's written.",,f
985a9f88-189b-4e5b-971d-bba419774c8e,758356b3-961a-41f5-b40b-ecb6ccc4ea5c,coder-01,9,2026-02-07 11:27:34.728,unknown,,f
1b21da98-9fc4-4803-8fc1-19cac610e0a3,758356b3-961a-41f5-b40b-ecb6ccc4ea5c,coder-01,10,2026-02-07 11:27:34.78,"' after 'Thought:'. I will do right next, and don't use a tool I have already used.",,f
de7fa805-3c11-408f-84ed-7eef6e58cb1d,758356b3-961a-41f5-b40b-ecb6ccc4ea5c,coder-01,11,2026-02-07 11:27:34.786,I will provide a complete final answer to the task.[00m,,f
e9c5a60a-ee83-432c-9bfc-015315bf9b43,758356b3-961a-41f5-b40b-ecb6ccc4ea5c,coder-01,12,2026-02-07 11:28:13.599,file_write,8,f
64d98a3c-904c-450e-89a7-e32ebe0a8f86,409948b3-0322-4cd5-aa53-a4d71dc2bba0,coder-01,1,2026-02-07 11:28:13.609,file_write,19,f
8f997ff7-7fd9-476d-9f70-defc7e3089af,758356b3-961a-41f5-b40b-ecb6ccc4ea5c,coder-01,13,2026-02-07 11:28:15.869,shell_run,0,f
9c281771-2c21-4407-a220-3965c2fbcdac,409948b3-0322-4cd5-aa53-a4d71dc2bba0,coder-01,2,2026-02-07 11:28:15.875,shell_run,6,f
0fcefbc9-439d-4c81-8694-dac718194f83,758356b3-961a-41f5-b40b-ecb6ccc4ea5c,coder-01,14,2026-02-07 11:28:20.261,file_write,8,f
fd64433c-f639-43e4-bd0b-44f71273606b,409948b3-0322-4cd5-aa53-a4d71dc2bba0,coder-01,3,2026-02-07 11:28:20.274,file_write,23,f
7a519c93-d8c6-4b1f-ad95-e5d5c7ad1e66,758356b3-961a-41f5-b40b-ecb6ccc4ea5c,coder-01,15,2026-02-07 11:28:24.428,shell_run,1836,f
8d4468b5-58d9-4a51-808d-8023bfd65912,409948b3-0322-4cd5-aa53-a4d71dc2bba0,coder-01,4,2026-02-07 11:28:24.434,shell_run,1843,f
5c65b891-2ae7-4c08-8d4e-faef8169eded,084ef220-e275-4a6c-b06c-1a260e534ac8,coder-01,23,2026-02-07 14:59:58.881,unknown,,f
11616caa-c0f1-46c0-a963-f7401f168830,bc57b182-864c-45a8-8644-8ef88e8e425b,coder-01,2,2026-02-07 11:28:41.811,shell_run,19,f
3446505c-9098-40f7-8c7d-4621aeb576d1,758356b3-961a-41f5-b40b-ecb6ccc4ea5c,coder-01,18,2026-02-07 11:28:47.653,file_write,8,f
51c7d7f5-60d5-48f3-9938-eb254ffd76c1,409948b3-0322-4cd5-aa53-a4d71dc2bba0,coder-01,9,2026-02-07 11:28:47.664,file_write,20,f
438de3da-935f-4537-ae6e-fcecff28284e,bc57b182-864c-45a8-8644-8ef88e8e425b,coder-01,3,2026-02-07 11:28:47.672,file_write,28,f
3e92ce0f-f434-4ee0-b50d-dcfb60791d4e,758356b3-961a-41f5-b40b-ecb6ccc4ea5c,coder-01,19,2026-02-07 11:28:51.434,shell_run,1267,f
b47ebda7-f68d-480c-94d4-2fc83808ec1a,409948b3-0322-4cd5-aa53-a4d71dc2bba0,coder-01,10,2026-02-07 11:28:51.44,shell_run,1273,f
589fb61b-320a-4c6b-bd0a-d1a176f2fb45,bc57b182-864c-45a8-8644-8ef88e8e425b,coder-01,4,2026-02-07 11:28:51.446,shell_run,1279,f
c3d721c1-2048-4da7-ad6d-2c36e62bb71e,bc57b182-864c-45a8-8644-8ef88e8e425b,coder-01,5,2026-02-07 11:28:54.746,"the action to take, only one name of [file_read, file_write, file_edit, file_list, shell_run, code_search, find_file], just the name, exactly as it's written.",,f
9df48932-ceeb-4e47-8adb-31d09aa04bb8,bc57b182-864c-45a8-8644-8ef88e8e425b,coder-01,6,2026-02-07 11:28:54.753,unknown,,f
f4dff4cf-2aa6-4b78-9d92-f564f6f4ec3e,c7f2d586-beb7-4040-991f-c36846d6682f,coder-01,1,2026-02-07 15:09:49.367,file_write,49,f
3a965c38-60e2-4b76-b60e-de687641b86f,c7f2d586-beb7-4040-991f-c36846d6682f,coder-01,7,2026-02-07 15:09:49.373,file_edit,94,f
318e331e-d8b4-4c77-9b65-8e600237b063,c7f2d586-beb7-4040-991f-c36846d6682f,coder-01,8,2026-02-07 15:09:49.379,code_search,449,f
72d0f816-8a91-47d5-bbd8-0a8583237641,aa60af2a-e036-4e95-ab63-dbd0c24ae4dd,coder-01,90,2026-02-07 15:09:59.763,file_write,9,f
efc6fc17-c729-457e-9e8c-cfbd9784adce,a8ac446c-320e-4316-8b9b-62a329824eb4,coder-01,95,2026-02-07 15:09:59.773,file_write,19,f
fa77ce53-8389-4190-ae92-37a12103d5b7,1038a222-f5a4-4478-a33d-6f8600c39cf9,coder-01,71,2026-02-07 15:09:59.778,file_write,25,f
d79d7454-a5e4-4b54-b6a7-c1938c4a2f6c,084ef220-e275-4a6c-b06c-1a260e534ac8,coder-01,87,2026-02-07 15:09:59.784,file_write,30,f
67e3bbe9-91d8-43e5-94ae-b7660baff750,6f1c08c4-4c4d-4b1d-b633-03e4cb19959f,coder-01,64,2026-02-07 15:09:59.79,file_write,36,f
973c11cd-11e3-42a9-b855-32dd4dc44804,ef9983a2-ffea-4066-a718-01dfc5d3cb91,coder-01,41,2026-02-07 15:11:18.499,file_write,76,f
28a12e56-bd43-447d-891f-475188bd18ad,758356b3-961a-41f5-b40b-ecb6ccc4ea5c,coder-01,20,2026-02-07 11:29:04.237,file_write,8,f
983bcb17-5f73-4dcd-9aa3-dc34c4beb850,409948b3-0322-4cd5-aa53-a4d71dc2bba0,coder-01,11,2026-02-07 11:29:04.248,file_write,20,f
d8b5e378-2c3d-4f7c-8eb8-0e011ec16b4e,bc57b182-864c-45a8-8644-8ef88e8e425b,coder-01,7,2026-02-07 11:29:04.254,file_write,25,f
fb8351db-11fe-4a6c-bdd0-d6c751f01380,73948255-0ba9-4f6b-946b-b0af034e32a8,coder-01,1,2026-02-07 11:29:04.26,file_write,31,f
291157e8-9cf5-4aa4-90b2-6157cc8964c2,758356b3-961a-41f5-b40b-ecb6ccc4ea5c,coder-01,21,2026-02-07 11:29:15.852,file_write,7,f
2a8b53aa-c9d9-4b7b-b604-ca9c258fc6f5,409948b3-0322-4cd5-aa53-a4d71dc2bba0,coder-01,12,2026-02-07 11:29:15.858,file_write,13,f
f722feff-0eb8-46ba-98c2-1af6bbb9f35b,bc57b182-864c-45a8-8644-8ef88e8e425b,coder-01,8,2026-02-07 11:29:15.865,file_write,20,f
4788b19e-9e16-41a6-b5e3-81ace9a96f48,73948255-0ba9-4f6b-946b-b0af034e32a8,coder-01,2,2026-02-07 11:29:15.87,file_write,26,f
8bada697-b548-4c48-947d-6fe6b3d3a81a,072d243f-4781-4969-89d7-1e51983104b0,coder-01,1,2026-02-07 11:29:15.876,file_write,31,f
a7e1f79c-843e-45a4-b35b-0910a7193f49,758356b3-961a-41f5-b40b-ecb6ccc4ea5c,coder-01,22,2026-02-07 11:29:18.554,shell_run,0,f
a2f0c543-1be1-4d88-bd6e-302eb3e55058,409948b3-0322-4cd5-aa53-a4d71dc2bba0,coder-01,13,2026-02-07 11:29:18.565,shell_run,13,f
ec93df42-448c-4916-a127-1905b672f81a,bc57b182-864c-45a8-8644-8ef88e8e425b,coder-01,9,2026-02-07 11:29:18.572,shell_run,19,f
5eff543a-d13c-426c-8432-aab413354bb3,73948255-0ba9-4f6b-946b-b0af034e32a8,coder-01,3,2026-02-07 11:29:18.578,shell_run,26,f
821a0043-d863-46dc-a085-9e8af5ec92e9,072d243f-4781-4969-89d7-1e51983104b0,coder-01,2,2026-02-07 11:29:18.584,shell_run,32,f
ba884085-1aa8-4d56-8e46-c35dc0b7068b,758356b3-961a-41f5-b40b-ecb6ccc4ea5c,coder-01,23,2026-02-07 11:29:20.648,file_read,7,f
98ca049c-9ad0-4bbe-9b42-271093ed4b78,409948b3-0322-4cd5-aa53-a4d71dc2bba0,coder-01,14,2026-02-07 11:29:20.659,file_read,18,f
2978533d-b5be-48e6-b366-f000471ee7b7,bc57b182-864c-45a8-8644-8ef88e8e425b,coder-01,10,2026-02-07 11:29:20.664,file_read,23,f
f19de0b4-c987-4023-b4c9-70a14a7bec30,73948255-0ba9-4f6b-946b-b0af034e32a8,coder-01,4,2026-02-07 11:29:20.67,file_read,29,f
051a4f9b-9d8d-4e09-a86c-66b05a5edeb7,072d243f-4781-4969-89d7-1e51983104b0,coder-01,3,2026-02-07 11:29:20.675,file_read,34,f
cb91e353-1240-4d87-bf4f-60ee19786d66,758356b3-961a-41f5-b40b-ecb6ccc4ea5c,coder-01,24,2026-02-07 11:29:27.599,file_write,8,f
7d114827-4fdc-48d1-adfa-fc0bc7a563b0,aa60af2a-e036-4e95-ab63-dbd0c24ae4dd,coder-01,2,2026-02-07 14:53:15.332,shell_run,0,f
d2a550bd-432f-4beb-ae0a-77eed7ef8b7a,aa60af2a-e036-4e95-ab63-dbd0c24ae4dd,coder-01,21,2026-02-07 14:57:11.462,file_write,6,f
a8d93d74-4eb4-4f67-849e-e268ab343dab,409948b3-0322-4cd5-aa53-a4d71dc2bba0,coder-01,15,2026-02-07 11:29:27.61,file_write,19,f
22b8acb8-ae84-44f4-92ce-a3a87ac5b08d,bc57b182-864c-45a8-8644-8ef88e8e425b,coder-01,11,2026-02-07 11:29:27.616,file_write,26,f
805931fd-c55d-4642-81f4-55007f5381c7,73948255-0ba9-4f6b-946b-b0af034e32a8,coder-01,5,2026-02-07 11:29:27.624,file_write,33,f
a00c66d9-f765-4ff2-80cd-ab97cc894e35,072d243f-4781-4969-89d7-1e51983104b0,coder-01,4,2026-02-07 11:29:27.63,file_write,40,f
f4e7bdb8-23b3-470b-8701-b10b46ae6f2a,758356b3-961a-41f5-b40b-ecb6ccc4ea5c,coder-01,25,2026-02-07 11:29:29.782,shell_run,56,f
a9532e4c-a5b0-4dd0-93ff-a03fbc6946bc,409948b3-0322-4cd5-aa53-a4d71dc2bba0,coder-01,16,2026-02-07 11:29:29.792,shell_run,66,f
4bd9fbd5-07ec-4239-b03b-cf8bd32f2b7e,bc57b182-864c-45a8-8644-8ef88e8e425b,coder-01,12,2026-02-07 11:29:29.798,shell_run,72,f
048ad3f4-9e0e-4789-879a-ba83fbccb64e,73948255-0ba9-4f6b-946b-b0af034e32a8,coder-01,6,2026-02-07 11:29:29.804,shell_run,79,f
9ff6ad06-265b-47b8-8ec3-ecf1c1e85ff6,072d243f-4781-4969-89d7-1e51983104b0,coder-01,5,2026-02-07 11:29:29.812,shell_run,85,f
9f2917cb-d60a-428d-aa1c-81b30ff48bb8,072d243f-4781-4969-89d7-1e51983104b0,coder-01,6,2026-02-07 11:29:32.653,"the action to take, only one name of [file_read, file_write, file_edit, file_list, shell_run, code_search, find_file], just the name, exactly as it's written.",,f
26a2cb2b-6cfa-4672-9556-a9be1434d3c6,072d243f-4781-4969-89d7-1e51983104b0,coder-01,7,2026-02-07 11:29:32.66,unknown,,f
910f7e33-bcee-4d59-8f3b-c3e58a244053,758356b3-961a-41f5-b40b-ecb6ccc4ea5c,coder-01,26,2026-02-07 11:29:42.937,file_write,9,f
0bac7f44-4714-4e1f-9f1c-be00a2265fc9,409948b3-0322-4cd5-aa53-a4d71dc2bba0,coder-01,17,2026-02-07 11:29:42.943,file_write,15,f
70a9348c-cf97-41b7-be4f-766524019b57,bc57b182-864c-45a8-8644-8ef88e8e425b,coder-01,13,2026-02-07 11:29:42.948,file_write,21,f
c9f1232a-71ad-4cb4-85e1-8a57ca8eadb2,73948255-0ba9-4f6b-946b-b0af034e32a8,coder-01,7,2026-02-07 11:29:42.954,file_write,27,f
a3a19952-600d-4976-bae0-31fd53b72d08,072d243f-4781-4969-89d7-1e51983104b0,coder-01,8,2026-02-07 11:29:42.96,file_write,33,f
550beedd-2102-4f5b-aff6-67112811b69a,1dca5fec-d3cf-476e-ab63-cd2c09b8bb71,coder-01,1,2026-02-07 11:29:42.967,file_write,38,f
0fe2c7fe-d471-414e-b2e5-42439579b4ff,aa60af2a-e036-4e95-ab63-dbd0c24ae4dd,coder-01,1,2026-02-07 14:53:12.973,file_write,8,f
b711c897-48fb-406b-b97c-42d7ca0d3db8,67a94aa5-3189-4c68-8566-6b8a4fae7546,coder-01,46,2026-02-13 11:36:19.058,shell_run,28,f
dfd1c6f4-ed7a-4e11-8f7f-4b2d149eeb8e,aa60af2a-e036-4e95-ab63-dbd0c24ae4dd,coder-01,3,2026-02-07 14:53:21.119,file_write,11,f
981a9d83-f506-4f07-a9ea-8d69040e35de,aa60af2a-e036-4e95-ab63-dbd0c24ae4dd,coder-01,7,2026-02-07 14:53:35.194,shell_run,77,f
dfb4e064-3aaf-459d-bca2-043b0398bfab,aa60af2a-e036-4e95-ab63-dbd0c24ae4dd,coder-01,8,2026-02-07 14:53:38.731,"the action to take, only one name of [file_read, file_write, file_edit, file_list, shell_run, code_search, find_file], just the name, exactly as it's written.",,f
f112916b-85fb-47fa-ab65-79394d9d9568,aa60af2a-e036-4e95-ab63-dbd0c24ae4dd,coder-01,9,2026-02-07 14:53:38.739,unknown,,f
7e482002-08d5-4bea-bdca-901e581861db,aa60af2a-e036-4e95-ab63-dbd0c24ae4dd,coder-01,10,2026-02-07 14:53:38.748,"the action to take, only one name of [file_read, file_write, file_edit, file_list, shell_run, code_search, find_file], just the name, exactly as it's written.",,f
71a9cc32-2252-41a3-8ff3-279069796a44,aa60af2a-e036-4e95-ab63-dbd0c24ae4dd,coder-01,11,2026-02-07 14:53:38.755,unknown,,f
7ffe63c4-e20d-430c-bcd4-8b1017569564,aa60af2a-e036-4e95-ab63-dbd0c24ae4dd,coder-01,12,2026-02-07 14:53:46.89,file_write,6,f
ec8f4444-6d5a-428a-b124-5b33eea9c9e9,a8ac446c-320e-4316-8b9b-62a329824eb4,coder-01,1,2026-02-07 14:53:46.901,file_write,18,f
7949e144-5d4c-4757-a2a0-ca0f769e2503,aa60af2a-e036-4e95-ab63-dbd0c24ae4dd,coder-01,15,2026-02-07 14:53:57.146,file_write,8,f
a268cdc8-ec9f-450e-8aa8-575de9605f10,a8ac446c-320e-4316-8b9b-62a329824eb4,coder-01,4,2026-02-07 14:53:57.156,file_write,18,f
bf968c45-91d2-4137-830c-d21b8f6ecefd,aa60af2a-e036-4e95-ab63-dbd0c24ae4dd,coder-01,17,2026-02-07 14:54:14.764,file_edit,9,f
3dccf322-703a-4520-a304-127e343ca8b5,a8ac446c-320e-4316-8b9b-62a329824eb4,coder-01,6,2026-02-07 14:54:14.771,file_edit,16,f
06d330d8-fba5-4026-94c5-b0bbe4618f34,aa60af2a-e036-4e95-ab63-dbd0c24ae4dd,coder-01,18,2026-02-07 14:54:27.006,file_read,8,f
cce89f81-e740-4d90-871b-6cb094e477d1,a8ac446c-320e-4316-8b9b-62a329824eb4,coder-01,7,2026-02-07 14:54:27.018,file_read,20,f
8a38e9d2-9363-478e-a6e5-ef96348f8c45,beed8ccf-2c5d-441f-95dd-806b872fe53c,coder-01,58,2026-02-07 15:09:59.796,file_write,42,f
ebcc7a98-e82d-49e2-b709-8586794cbb7c,9417edd2-7b5f-49ca-89a5-82d6fee8a352,coder-01,53,2026-02-07 15:09:59.801,file_write,48,f
7aa420b6-9ad0-435f-83eb-ef2e5d7760e6,81e1c774-e480-4e12-8c75-69a7c8c3ef0d,coder-01,46,2026-02-07 15:09:59.807,file_write,53,f
745392d2-1bd7-4744-8b1c-cb12b355f659,5fa9383e-1a10-40e6-b969-413b49a03701,coder-01,55,2026-02-07 15:09:59.812,file_write,58,f
f37f60cc-4136-4e52-b8bf-00881d34aa9f,6e518895-3fd2-4603-9656-84d8d69024ad,coder-01,40,2026-02-07 15:09:59.817,file_write,64,f
c83f123e-82e6-4a02-860a-a6d9abed2ea8,ef9983a2-ffea-4066-a718-01dfc5d3cb91,coder-01,34,2026-02-07 15:09:59.823,file_write,69,f
b3c1b6af-bb19-469b-878c-11e67cf9447d,55dca8b0-41ac-485a-bd87-c5c7073bc1a1,coder-01,36,2026-02-07 15:09:59.829,file_write,76,f
5f4b4fee-851d-48d4-92d9-d860a49c5483,55dca8b0-41ac-485a-bd87-c5c7073bc1a1,coder-01,43,2026-02-07 15:11:18.505,file_write,83,f
ab3a7211-5f14-4e67-bb8b-d30f91b6eb6b,aa60af2a-e036-4e95-ab63-dbd0c24ae4dd,coder-01,4,2026-02-07 14:53:24.285,shell_run,0,f
3bd516ea-2981-424f-a564-118044d661c6,aa60af2a-e036-4e95-ab63-dbd0c24ae4dd,coder-01,5,2026-02-07 14:53:26.748,file_read,8,f
310795ff-f808-4186-944d-6d95f5de5b9b,aa60af2a-e036-4e95-ab63-dbd0c24ae4dd,coder-01,6,2026-02-07 14:53:29.111,code_search,51,f
6e420405-4660-4935-b788-42534ef60859,aa60af2a-e036-4e95-ab63-dbd0c24ae4dd,coder-01,13,2026-02-07 14:53:49.329,shell_run,0,f
68689d85-39f3-4c3c-a4be-85b5105a6cdb,a8ac446c-320e-4316-8b9b-62a329824eb4,coder-01,2,2026-02-07 14:53:49.341,shell_run,11,f
e8c7021e-8026-4b56-b9d0-6f49c1a1ec80,aa60af2a-e036-4e95-ab63-dbd0c24ae4dd,coder-01,14,2026-02-07 14:53:51.875,file_edit,9,f
b860a522-0263-4c52-9792-eae6586efd35,a8ac446c-320e-4316-8b9b-62a329824eb4,coder-01,3,2026-02-07 14:53:51.886,file_edit,20,f
39e8f0ed-63aa-4ab8-988a-b183db4d5cf6,aa60af2a-e036-4e95-ab63-dbd0c24ae4dd,coder-01,16,2026-02-07 14:54:01.353,shell_run,2089,f
68965a26-c1c0-440d-aea8-7334c0216ac8,a8ac446c-320e-4316-8b9b-62a329824eb4,coder-01,5,2026-02-07 14:54:01.362,shell_run,2104,f
e0cbfa11-a167-46a4-8996-9b56bc0c1fbf,aa60af2a-e036-4e95-ab63-dbd0c24ae4dd,coder-01,19,2026-02-07 14:54:31.958,file_edit,9,f
db893f63-30a2-49f6-9b53-b5b2f73eaad0,a8ac446c-320e-4316-8b9b-62a329824eb4,coder-01,8,2026-02-07 14:54:31.967,file_edit,19,f
139e16bd-8b4e-4042-946e-41889ceb0705,a8ac446c-320e-4316-8b9b-62a329824eb4,coder-01,9,2026-02-07 14:56:51.563,"the action to take, only one name of [file_read, file_write, file_edit, file_list, shell_run, code_search, find_file], just the name, exactly as it's written.",,f
0d52f70b-c63b-4219-8cb6-1d92bbdf3d2e,a8ac446c-320e-4316-8b9b-62a329824eb4,coder-01,10,2026-02-07 14:56:51.572,unknown,,f
230988f7-038c-416e-a7dd-fcb451e7f979,a8ac446c-320e-4316-8b9b-62a329824eb4,coder-01,11,2026-02-07 14:56:51.584,"the action to take, only one name of [file_read, file_write, file_edit, file_list, shell_run, code_search, find_file], just the name, exactly as it's written.",,f
283cd91c-9bcd-4cf9-a17e-9494b4c7decc,a8ac446c-320e-4316-8b9b-62a329824eb4,coder-01,12,2026-02-07 14:56:51.59,unknown,,f
05500c11-6217-497d-b4c3-2e689cde5d4c,a8ac446c-320e-4316-8b9b-62a329824eb4,coder-01,13,2026-02-07 14:56:51.598,"the action to take, only one name of [file_read, file_write, file_edit, file_list, shell_run, code_search, find_file], just the name, exactly as it's written.",,f
4de654af-3a26-4edb-9c7e-3af14567accc,a8ac446c-320e-4316-8b9b-62a329824eb4,coder-01,14,2026-02-07 14:56:51.603,unknown,,f
a2587a75-11aa-48da-a0ab-f85e02b46c23,a8ac446c-320e-4316-8b9b-62a329824eb4,coder-01,15,2026-02-07 14:56:51.612,"the action to take, only one name of [file_read, file_write, file_edit, file_list, shell_run, code_search, find_file], just the name, exactly as it's written.",,f
d654ff73-c562-4299-b503-a19ccd4116b2,a8ac446c-320e-4316-8b9b-62a329824eb4,coder-01,16,2026-02-07 14:56:51.62,unknown,,f
ea58d8cd-8763-4527-b913-c624bb9995bf,a8ac446c-320e-4316-8b9b-62a329824eb4,coder-01,17,2026-02-07 14:56:51.628,"the action to take, only one name of [file_read, file_write, file_edit, file_list, shell_run, code_search, find_file], just the name, exactly as it's written.",,f
47911d51-be19-4dd8-89c9-ba8916233583,a8ac446c-320e-4316-8b9b-62a329824eb4,coder-01,18,2026-02-07 14:56:51.635,unknown,,f
5cc44a60-e727-4834-802f-fcbaa07f13ac,c6f48a65-7b86-4956-b82d-dc010642d5e4,coder-01,4,2026-02-13 11:26:33.428,shell_run,102,f
27df49c3-9b4e-4ed4-a5ab-e74dbc4133f9,1038a222-f5a4-4478-a33d-6f8600c39cf9,coder-01,3,2026-02-07 14:57:13.81,shell_run,10,f
0ba73bcf-e073-42e7-a2a3-de74af0f54f8,084ef220-e275-4a6c-b06c-1a260e534ac8,coder-01,2,2026-02-07 14:57:13.816,shell_run,16,f
41cd13da-4b17-4d86-856d-436667092725,aa60af2a-e036-4e95-ab63-dbd0c24ae4dd,coder-01,23,2026-02-07 14:57:17.45,file_write,8,f
f1fd8d29-9d2c-4480-99a1-6e359b42eb9e,a8ac446c-320e-4316-8b9b-62a329824eb4,coder-01,28,2026-02-07 14:57:17.461,file_write,19,f
0660d8e2-05c7-4463-abc2-bfda0b947f76,1038a222-f5a4-4478-a33d-6f8600c39cf9,coder-01,4,2026-02-07 14:57:17.467,file_write,25,f
ff090b60-9111-4421-8d11-30ac0e3781f0,084ef220-e275-4a6c-b06c-1a260e534ac8,coder-01,3,2026-02-07 14:57:17.473,file_write,31,f
fccd3dc0-34eb-465b-af8a-e561b54f66ec,aa60af2a-e036-4e95-ab63-dbd0c24ae4dd,coder-01,24,2026-02-07 14:57:21.388,shell_run,1597,f
d00be6ab-0f62-40a7-b3aa-324269550142,a8ac446c-320e-4316-8b9b-62a329824eb4,coder-01,29,2026-02-07 14:57:21.395,shell_run,1604,f
7f67f7ba-6497-4956-9e6b-63aa992b06da,1038a222-f5a4-4478-a33d-6f8600c39cf9,coder-01,5,2026-02-07 14:57:21.401,shell_run,1610,f
2b6df363-841d-45c8-bf76-8ea269fe30be,084ef220-e275-4a6c-b06c-1a260e534ac8,coder-01,4,2026-02-07 14:57:21.406,shell_run,1616,f
1788e975-b910-4c4a-9ec0-46e1a9766a8a,aa60af2a-e036-4e95-ab63-dbd0c24ae4dd,coder-01,25,2026-02-07 14:57:25.013,file_edit,6,f
8fad5615-1745-4471-9f4b-eeae7fbd64ce,a8ac446c-320e-4316-8b9b-62a329824eb4,coder-01,30,2026-02-07 14:57:25.023,file_edit,16,f
1f12fa5d-54b8-4ac9-bc39-5374e6b1c4e4,1038a222-f5a4-4478-a33d-6f8600c39cf9,coder-01,6,2026-02-07 14:57:25.028,file_edit,21,f
05d001d7-2dc9-42a2-a507-1f58f2cd6282,1038a222-f5a4-4478-a33d-6f8600c39cf9,coder-01,100,2026-02-07 15:15:40.921,file_read,30,f
101d59d4-c464-469a-99bb-effb3bf86786,084ef220-e275-4a6c-b06c-1a260e534ac8,coder-01,5,2026-02-07 14:57:25.034,file_edit,27,f
28404263-a3e3-4087-8fd0-e4d4103465c1,aa60af2a-e036-4e95-ab63-dbd0c24ae4dd,coder-01,26,2026-02-07 14:57:27.192,file_read,5,f
93d43160-6a66-4694-b534-67c6a6b0963b,a8ac446c-320e-4316-8b9b-62a329824eb4,coder-01,31,2026-02-07 14:57:27.201,file_read,16,f
1d6cbb41-1d13-4a82-a284-9b9584798720,1038a222-f5a4-4478-a33d-6f8600c39cf9,coder-01,7,2026-02-07 14:57:27.207,file_read,21,f
4743f19d-071b-47ab-9a4a-2c37f4836f11,084ef220-e275-4a6c-b06c-1a260e534ac8,coder-01,6,2026-02-07 14:57:27.213,file_read,27,f
0e7a993c-fdc7-4354-95ec-7915defef67b,aa60af2a-e036-4e95-ab63-dbd0c24ae4dd,coder-01,27,2026-02-07 14:58:16.159,find_file,33,f
76a22568-d6df-402f-8bb7-0b9b0eae1397,a8ac446c-320e-4316-8b9b-62a329824eb4,coder-01,32,2026-02-07 14:58:16.17,find_file,45,f
f60a7067-7868-42aa-95ca-405898ca101c,1038a222-f5a4-4478-a33d-6f8600c39cf9,coder-01,8,2026-02-07 14:58:16.176,find_file,51,f
63b6e0fe-01d8-40a4-9db5-6e1e754ce176,084ef220-e275-4a6c-b06c-1a260e534ac8,coder-01,7,2026-02-07 14:58:16.182,find_file,57,f
46e3dba7-137f-496a-9bbe-fb87a82b60ca,aa60af2a-e036-4e95-ab63-dbd0c24ae4dd,coder-01,28,2026-02-07 14:58:24.285,file_list,13,f
4ccefa00-5ac9-4090-a313-ec40bdb0a65b,a8ac446c-320e-4316-8b9b-62a329824eb4,coder-01,33,2026-02-07 14:58:24.295,file_list,23,f
ca1629c3-6c1e-44ef-81e0-7e621c4d51b2,1038a222-f5a4-4478-a33d-6f8600c39cf9,coder-01,9,2026-02-07 14:58:24.301,file_list,29,f
9ae57567-26c2-4224-99a3-d487c31b431a,084ef220-e275-4a6c-b06c-1a260e534ac8,coder-01,8,2026-02-07 14:58:24.307,file_list,35,f
78b32839-1908-4944-bc09-11ee2cd5016f,aa60af2a-e036-4e95-ab63-dbd0c24ae4dd,coder-01,29,2026-02-07 14:59:28.172,find_file,42,f
abf6ff57-5a5b-4beb-8837-0218d2c85097,a8ac446c-320e-4316-8b9b-62a329824eb4,coder-01,34,2026-02-07 14:59:28.182,find_file,53,f
dde6ca60-3d62-441f-97f4-2adfc6907f37,1038a222-f5a4-4478-a33d-6f8600c39cf9,coder-01,10,2026-02-07 14:59:28.187,find_file,58,f
6cd69f63-0aa9-4c1e-9cf4-7e888ff536e2,084ef220-e275-4a6c-b06c-1a260e534ac8,coder-01,9,2026-02-07 14:59:28.193,find_file,64,f
902fef42-46af-47de-9d5e-69454ffe6ec4,084ef220-e275-4a6c-b06c-1a260e534ac8,coder-01,10,2026-02-07 14:59:58.798,"the action to take, only one name of [file_read, file_write, file_edit, file_list, shell_run, code_search, find_file], just the name, exactly as it's written.",,f
eb3e70c6-109e-40e2-97a7-7a2339896266,084ef220-e275-4a6c-b06c-1a260e534ac8,coder-01,11,2026-02-07 14:59:58.804,unknown,,f
3a6a080a-17be-41ed-85a3-dc1083606bde,084ef220-e275-4a6c-b06c-1a260e534ac8,coder-01,12,2026-02-07 14:59:58.811,"the action to take, only one name of [file_read, file_write, file_edit, file_list, shell_run, code_search, find_file], just the name, exactly as it's written.",,f
b4eadd16-bfa0-41d0-9d1e-dfbc3daa980d,084ef220-e275-4a6c-b06c-1a260e534ac8,coder-01,13,2026-02-07 14:59:58.817,unknown,,f
db34b1b7-cc19-4a95-9d8b-af0b853d6777,084ef220-e275-4a6c-b06c-1a260e534ac8,coder-01,14,2026-02-07 14:59:58.824,"the action to take, only one name of [file_read, file_write, file_edit, file_list, shell_run, code_search, find_file], just the name, exactly as it's written.",,f
6003aac9-cd8d-470c-bbfc-ded62a76b4a7,084ef220-e275-4a6c-b06c-1a260e534ac8,coder-01,15,2026-02-07 14:59:58.83,unknown,,f
09adf1d8-2b12-47b6-ae4c-8af38059806a,084ef220-e275-4a6c-b06c-1a260e534ac8,coder-01,16,2026-02-07 14:59:58.837,"the action to take, only one name of [file_read, file_write, file_edit, file_list, shell_run, code_search, find_file], just the name, exactly as it's written.",,f
138db300-77ef-47ce-b0d8-0810c4763f2e,084ef220-e275-4a6c-b06c-1a260e534ac8,coder-01,17,2026-02-07 14:59:58.844,unknown,,f
e0b166ae-958b-45f2-a871-96865f4396fa,084ef220-e275-4a6c-b06c-1a260e534ac8,coder-01,18,2026-02-07 14:59:58.85,"the action to take, only one name of [file_read, file_write, file_edit, file_list, shell_run, code_search, find_file], just the name, exactly as it's written.",,f
fa738906-dca7-4a9d-ab36-8af8766e725e,084ef220-e275-4a6c-b06c-1a260e534ac8,coder-01,19,2026-02-07 14:59:58.856,unknown,,f
e2b3a226-7c6a-4389-bad0-be718efccc71,3935adc1-fbd7-4c68-b91d-79b864437873,qa-01,17,2026-02-12 14:59:32.922,"the action to take, should be one of [file_read, file_write, file_list, shell_run, code_search, find_file]",,f
ca59e817-0249-41dd-b8c4-9d9b373e8dfa,084ef220-e275-4a6c-b06c-1a260e534ac8,coder-01,24,2026-02-07 14:59:58.888,"the action to take, only one name of [file_read, file_write, file_edit, file_list, shell_run, code_search, find_file], just the name, exactly as it's written.",,f
4df9c696-f227-46b4-8092-55344f61ba09,084ef220-e275-4a6c-b06c-1a260e534ac8,coder-01,25,2026-02-07 14:59:58.897,unknown,,f
9701c548-710d-4897-bec4-c98e4846f98d,084ef220-e275-4a6c-b06c-1a260e534ac8,coder-01,26,2026-02-07 14:59:58.903,"' after 'Thought:'. I will do right next, and don't use a tool I have already used.",,f
03833baa-0b30-4326-85f1-a9a36a8c93ad,aa60af2a-e036-4e95-ab63-dbd0c24ae4dd,coder-01,30,2026-02-07 15:00:08.472,file_write,10,f
e8193b81-bb36-4154-ba2d-f3ba8b4ace3f,a8ac446c-320e-4316-8b9b-62a329824eb4,coder-01,35,2026-02-07 15:00:08.482,file_write,21,f
6c6c68b2-cf7d-489e-84c1-b686ad72410e,1038a222-f5a4-4478-a33d-6f8600c39cf9,coder-01,11,2026-02-07 15:00:08.487,file_write,27,f
e379fbbe-49dd-4585-9ad9-8a76e829e6fa,084ef220-e275-4a6c-b06c-1a260e534ac8,coder-01,27,2026-02-07 15:00:08.493,file_write,32,f
ec05f4b5-3cb6-497b-b8e9-af6e459352e6,6f1c08c4-4c4d-4b1d-b633-03e4cb19959f,coder-01,1,2026-02-07 15:00:08.499,file_write,38,f
afc88b73-87a1-4d7c-8e56-fa56ccf00f8d,aa60af2a-e036-4e95-ab63-dbd0c24ae4dd,coder-01,31,2026-02-07 15:00:10.978,shell_run,0,f
cc652593-5ea6-440c-9dc3-874fea07c102,a8ac446c-320e-4316-8b9b-62a329824eb4,coder-01,36,2026-02-07 15:00:10.983,shell_run,6,f
0900d5e5-5239-4660-927c-b50efff2858d,1038a222-f5a4-4478-a33d-6f8600c39cf9,coder-01,12,2026-02-07 15:00:10.989,shell_run,11,f
6a85f717-a797-4254-882a-ca0ca7b13b9d,084ef220-e275-4a6c-b06c-1a260e534ac8,coder-01,28,2026-02-07 15:00:10.995,shell_run,17,f
7a556a37-4de8-4c3a-85d1-6761b739dd3c,6f1c08c4-4c4d-4b1d-b633-03e4cb19959f,coder-01,2,2026-02-07 15:00:11,shell_run,23,f
e621a567-aac5-4c78-baf4-1f0bf08f9244,aa60af2a-e036-4e95-ab63-dbd0c24ae4dd,coder-01,32,2026-02-07 15:00:12.771,file_read,6,f
71c753ef-305b-4608-ac22-adf75bdb82f4,a8ac446c-320e-4316-8b9b-62a329824eb4,coder-01,37,2026-02-07 15:00:12.78,file_read,16,f
0de2566d-9646-4897-8506-d06f85811bfa,1038a222-f5a4-4478-a33d-6f8600c39cf9,coder-01,13,2026-02-07 15:00:12.785,file_read,21,f
c6b34295-e804-49d3-85fd-21d09948c678,084ef220-e275-4a6c-b06c-1a260e534ac8,coder-01,29,2026-02-07 15:00:12.791,file_read,27,f
cde6884f-bd43-4be1-887c-76a6a6dff9b2,6f1c08c4-4c4d-4b1d-b633-03e4cb19959f,coder-01,3,2026-02-07 15:00:12.796,file_read,32,f
2c4f15d8-ae93-4926-b479-615bc7cd41e7,aa60af2a-e036-4e95-ab63-dbd0c24ae4dd,coder-01,33,2026-02-07 15:00:17.823,file_write,7,f
fa843603-2094-42f2-aec4-46ca134905d2,a8ac446c-320e-4316-8b9b-62a329824eb4,coder-01,38,2026-02-07 15:00:17.833,file_write,17,f
4f421b56-2138-44b0-9d65-3cad9462669c,1038a222-f5a4-4478-a33d-6f8600c39cf9,coder-01,14,2026-02-07 15:00:17.838,file_write,22,f
344208e3-f5be-4c5e-901f-6423fc4b285b,084ef220-e275-4a6c-b06c-1a260e534ac8,coder-01,30,2026-02-07 15:00:17.843,file_write,28,f
03bf5448-54fc-4b86-b30d-1ecc467512d4,6f1c08c4-4c4d-4b1d-b633-03e4cb19959f,coder-01,4,2026-02-07 15:00:17.848,file_write,33,f
608f9304-8443-4781-a1db-f4a3cc10d745,6f1c08c4-4c4d-4b1d-b633-03e4cb19959f,coder-01,9,2026-02-07 15:00:56.957,file_write,41,f
b341307c-0349-4436-a539-065dce1e3b21,aa60af2a-e036-4e95-ab63-dbd0c24ae4dd,coder-01,34,2026-02-07 15:00:21.862,shell_run,2030,f
3e4bb823-f2be-4661-9df9-8500ea76e966,a8ac446c-320e-4316-8b9b-62a329824eb4,coder-01,39,2026-02-07 15:00:21.874,shell_run,2041,f
6d587d9f-e63d-4dea-aa4c-5ccdb29bc6da,1038a222-f5a4-4478-a33d-6f8600c39cf9,coder-01,15,2026-02-07 15:00:21.879,shell_run,2047,f
87d745db-44d0-4221-98f1-ba1e548f4c59,084ef220-e275-4a6c-b06c-1a260e534ac8,coder-01,31,2026-02-07 15:00:21.885,shell_run,2052,f
1177919c-82c3-489f-b989-71d9d6c354f5,6f1c08c4-4c4d-4b1d-b633-03e4cb19959f,coder-01,5,2026-02-07 15:00:21.89,shell_run,2058,f
c6ff89ef-a5e7-4b30-8b46-e8b203babc97,6f1c08c4-4c4d-4b1d-b633-03e4cb19959f,coder-01,6,2026-02-07 15:00:41.376,"the action to take, only one name of [file_read, file_write, file_edit, file_list, shell_run, code_search, find_file], just the name, exactly as it's written.",,f
fae0effd-6330-4130-9386-fcd070a404c6,6f1c08c4-4c4d-4b1d-b633-03e4cb19959f,coder-01,7,2026-02-07 15:00:41.382,unknown,,f
049ab033-57bd-4d28-a2c0-a298b2900503,6f1c08c4-4c4d-4b1d-b633-03e4cb19959f,coder-01,8,2026-02-07 15:00:41.439,"' after 'Thought:'. I will do right next, and don't use a tool I have already used.",,f
dfaa29f7-6f1c-4a0f-8702-dfa863d9f92a,aa60af2a-e036-4e95-ab63-dbd0c24ae4dd,coder-01,35,2026-02-07 15:00:56.925,file_write,8,f
62a5e13a-2001-4752-96b7-16315ea40a28,a8ac446c-320e-4316-8b9b-62a329824eb4,coder-01,40,2026-02-07 15:00:56.937,file_write,20,f
0649a26c-00f3-4dbc-be2f-5940b17ef31d,1038a222-f5a4-4478-a33d-6f8600c39cf9,coder-01,16,2026-02-07 15:00:56.945,file_write,28,f
bf733de4-c001-451c-a201-ab7607aaa536,084ef220-e275-4a6c-b06c-1a260e534ac8,coder-01,32,2026-02-07 15:00:56.952,file_write,36,f
dd3f7ff4-b218-42fc-a595-2fa2b5c90d8d,6d5b4a6a-5aa8-4a3d-8f7a-cfea16412d2a,coder-01,45,2026-02-13 11:36:19.063,shell_run,34,f
00c5099c-c4a8-4e67-a839-d56d832a1107,beed8ccf-2c5d-441f-95dd-806b872fe53c,coder-01,1,2026-02-07 15:00:56.964,file_write,47,f
7712f624-e4fc-42a9-8a80-d17f312b435b,aa60af2a-e036-4e95-ab63-dbd0c24ae4dd,coder-01,36,2026-02-07 15:00:59.345,shell_run,0,f
8d5b0c53-cdb8-4a4e-bb4a-4e649ea5a1c4,a8ac446c-320e-4316-8b9b-62a329824eb4,coder-01,41,2026-02-07 15:00:59.351,shell_run,6,f
e3b7e0c2-a3e5-4130-999b-5e9e1e0f05f9,1038a222-f5a4-4478-a33d-6f8600c39cf9,coder-01,17,2026-02-07 15:00:59.357,shell_run,12,f
760712f7-74b4-4207-9eff-366187a52aa4,084ef220-e275-4a6c-b06c-1a260e534ac8,coder-01,33,2026-02-07 15:00:59.363,shell_run,18,f
7c660b76-eae3-4635-bb2a-66fed1e480d2,6f1c08c4-4c4d-4b1d-b633-03e4cb19959f,coder-01,10,2026-02-07 15:00:59.368,shell_run,24,f
c1e43990-4033-49dd-9df4-3efbb5c07a1a,beed8ccf-2c5d-441f-95dd-806b872fe53c,coder-01,2,2026-02-07 15:00:59.375,shell_run,30,f
01e65106-c2cf-4359-ba94-772a844109ea,aa60af2a-e036-4e95-ab63-dbd0c24ae4dd,coder-01,37,2026-02-07 15:01:02.107,shell_run,0,f
08268595-5670-4dd2-a7fc-adaebfbaafae,a8ac446c-320e-4316-8b9b-62a329824eb4,coder-01,42,2026-02-07 15:01:02.116,shell_run,10,f
4a13e46f-3d34-47d8-a475-3887137b9f9d,1038a222-f5a4-4478-a33d-6f8600c39cf9,coder-01,18,2026-02-07 15:01:02.121,shell_run,15,f
97adbbaf-13d0-494b-9d2f-ea29462325b5,084ef220-e275-4a6c-b06c-1a260e534ac8,coder-01,34,2026-02-07 15:01:02.126,shell_run,20,f
72c50eb9-db72-462c-bc86-f30968f3ecc4,6f1c08c4-4c4d-4b1d-b633-03e4cb19959f,coder-01,11,2026-02-07 15:01:02.132,shell_run,26,f
5400e017-a4e8-4ee9-8ccd-c4c466accb40,beed8ccf-2c5d-441f-95dd-806b872fe53c,coder-01,3,2026-02-07 15:01:02.138,shell_run,32,f
29546309-c79c-4b13-bc79-7acdce240c91,aa60af2a-e036-4e95-ab63-dbd0c24ae4dd,coder-01,38,2026-02-07 15:01:07.41,file_write,7,f
dab1d5c6-1c33-4691-b5e8-6b7e822cd5dc,a8ac446c-320e-4316-8b9b-62a329824eb4,coder-01,43,2026-02-07 15:01:07.42,file_write,17,f
af55d9eb-c5f6-4101-9ebf-58f7002a5d60,1038a222-f5a4-4478-a33d-6f8600c39cf9,coder-01,19,2026-02-07 15:01:07.425,file_write,22,f
4cb29189-9e04-4239-aebe-85f98f7dc306,084ef220-e275-4a6c-b06c-1a260e534ac8,coder-01,35,2026-02-07 15:01:07.432,file_write,29,f
dc5c926b-f7c1-496b-83b6-33e9f076ffe3,6f1c08c4-4c4d-4b1d-b633-03e4cb19959f,coder-01,12,2026-02-07 15:01:07.437,file_write,34,f
06e9ffc9-385d-4d54-b849-2b5ebda5bbc0,5fa9383e-1a10-40e6-b969-413b49a03701,coder-01,3,2026-02-07 15:02:07.791,shell_run,49,f
4257d8a7-be5f-4d32-8a7d-4f0d9bdda4a6,beed8ccf-2c5d-441f-95dd-806b872fe53c,coder-01,4,2026-02-07 15:01:07.442,file_write,39,f
8cf1828d-0df3-432b-984a-eb1af51f74f8,aa60af2a-e036-4e95-ab63-dbd0c24ae4dd,coder-01,39,2026-02-07 15:01:10.928,shell_run,1261,f
f471fa2d-6c86-4918-920d-1a869a4270be,a8ac446c-320e-4316-8b9b-62a329824eb4,coder-01,44,2026-02-07 15:01:10.935,shell_run,1268,f
b338387f-5964-4874-9f29-23a2e5dbb374,1038a222-f5a4-4478-a33d-6f8600c39cf9,coder-01,20,2026-02-07 15:01:10.941,shell_run,1274,f
cc3ae67f-a8ad-4adf-a03a-698305eda220,084ef220-e275-4a6c-b06c-1a260e534ac8,coder-01,36,2026-02-07 15:01:10.947,shell_run,1280,f
89c6a733-cde3-4fe7-8517-a1b57d0740b6,6f1c08c4-4c4d-4b1d-b633-03e4cb19959f,coder-01,13,2026-02-07 15:01:10.954,shell_run,1287,f
f163615b-3b84-4598-a542-4422f55e9bcc,beed8ccf-2c5d-441f-95dd-806b872fe53c,coder-01,5,2026-02-07 15:01:10.96,shell_run,1293,f
5a5f8dcb-4817-4f47-928b-df82b2c9a0a2,beed8ccf-2c5d-441f-95dd-806b872fe53c,coder-01,6,2026-02-07 15:01:14.485,"the action to take, only one name of [file_read, file_write, file_edit, file_list, shell_run, code_search, find_file], just the name, exactly as it's written.",,f
86538f12-1577-4ea3-afc6-9905daf58797,beed8ccf-2c5d-441f-95dd-806b872fe53c,coder-01,7,2026-02-07 15:01:14.492,unknown,,f
1919781a-1e11-4f54-854f-f6dfb25d7170,aa60af2a-e036-4e95-ab63-dbd0c24ae4dd,coder-01,40,2026-02-07 15:01:24.314,file_write,6,f
6216a918-1bae-41ee-a715-f7c4fd0978d6,a8ac446c-320e-4316-8b9b-62a329824eb4,coder-01,45,2026-02-07 15:01:24.324,file_write,16,f
ca15c5b0-26b0-42cb-a4c2-7265abea1610,1038a222-f5a4-4478-a33d-6f8600c39cf9,coder-01,21,2026-02-07 15:01:24.329,file_write,21,f
59700e76-0c29-4b02-adeb-2cf32f46e48a,084ef220-e275-4a6c-b06c-1a260e534ac8,coder-01,37,2026-02-07 15:01:24.334,file_write,26,f
032a8e50-9ea0-4b41-b24e-08d150dfc2a3,6f1c08c4-4c4d-4b1d-b633-03e4cb19959f,coder-01,14,2026-02-07 15:01:24.339,file_write,31,f
b1a739f8-4234-410a-a7b9-ade460a8e947,beed8ccf-2c5d-441f-95dd-806b872fe53c,coder-01,8,2026-02-07 15:01:24.346,file_write,37,f
c3ebe727-3449-4435-a24a-dbbd2f80cc70,9417edd2-7b5f-49ca-89a5-82d6fee8a352,coder-01,1,2026-02-07 15:01:24.35,file_write,43,f
1f662936-cbe1-40ca-bdb2-07c1f128275f,aa60af2a-e036-4e95-ab63-dbd0c24ae4dd,coder-01,41,2026-02-07 15:01:29.051,file_write,9,f
0cd3f880-f39c-453b-a59f-595e814f8215,f558af5d-25ba-479e-8e8b-90a8aaa1ce79,coder-01,46,2026-02-13 11:36:19.069,shell_run,39,f
bcf00549-a2a7-4be7-944f-f8751a9ea5ea,a8ac446c-320e-4316-8b9b-62a329824eb4,coder-01,46,2026-02-07 15:01:29.076,file_write,35,f
58ef2056-d650-4db8-872a-ef7646c070da,1038a222-f5a4-4478-a33d-6f8600c39cf9,coder-01,22,2026-02-07 15:01:29.082,file_write,40,f
4d98d1a3-2bcb-4939-9754-fe93c20b104b,084ef220-e275-4a6c-b06c-1a260e534ac8,coder-01,38,2026-02-07 15:01:29.088,file_write,46,f
ef6e4e06-df4d-45e0-83ce-af120f493074,6f1c08c4-4c4d-4b1d-b633-03e4cb19959f,coder-01,15,2026-02-07 15:01:29.093,file_write,52,f
6fe884b5-562b-4418-bb76-f58e9c38c563,beed8ccf-2c5d-441f-95dd-806b872fe53c,coder-01,9,2026-02-07 15:01:29.098,file_write,57,f
de9694a1-c15b-4896-8b31-d2064a1ba31d,9417edd2-7b5f-49ca-89a5-82d6fee8a352,coder-01,2,2026-02-07 15:01:29.105,file_write,63,f
34a8604c-3e9c-4b5e-b1a4-d04a2e6ba2ca,aa60af2a-e036-4e95-ab63-dbd0c24ae4dd,coder-01,42,2026-02-07 15:01:31.355,shell_run,0,f
6e121fba-1796-4d47-8a6f-c96862c54262,a8ac446c-320e-4316-8b9b-62a329824eb4,coder-01,47,2026-02-07 15:01:31.361,shell_run,7,f
c8b60bad-11f6-44dd-9ed3-8c3f151072d1,1038a222-f5a4-4478-a33d-6f8600c39cf9,coder-01,23,2026-02-07 15:01:31.367,shell_run,12,f
fb14f7e7-fb3e-49d3-b26e-9a9b2d08f3ae,084ef220-e275-4a6c-b06c-1a260e534ac8,coder-01,39,2026-02-07 15:01:31.373,shell_run,18,f
8910efd7-b249-4d9f-af37-5f440880f7d2,6f1c08c4-4c4d-4b1d-b633-03e4cb19959f,coder-01,16,2026-02-07 15:01:31.378,shell_run,23,f
eef229ce-b423-4cb2-90ca-9ed2a84773ce,beed8ccf-2c5d-441f-95dd-806b872fe53c,coder-01,10,2026-02-07 15:01:31.384,shell_run,29,f
4b568ad7-066f-4ee3-bfd8-3a9eb43f8669,9417edd2-7b5f-49ca-89a5-82d6fee8a352,coder-01,3,2026-02-07 15:01:31.39,shell_run,35,f
d4798940-3537-4971-9eb8-8485d42d4892,aa60af2a-e036-4e95-ab63-dbd0c24ae4dd,coder-01,43,2026-02-07 15:01:33.494,file_list,110,f
cb250e21-3724-453a-8856-97676d3e1cb3,a8ac446c-320e-4316-8b9b-62a329824eb4,coder-01,48,2026-02-07 15:01:33.503,file_list,120,f
75e46f79-0dce-4e38-9521-657d199232a8,1038a222-f5a4-4478-a33d-6f8600c39cf9,coder-01,24,2026-02-07 15:01:33.508,file_list,125,f
c3dd3495-315f-4dfe-8131-a3dcf2d03c53,084ef220-e275-4a6c-b06c-1a260e534ac8,coder-01,40,2026-02-07 15:01:33.515,file_list,132,f
866ab644-9943-4f09-a6ee-a17afad7552b,6f1c08c4-4c4d-4b1d-b633-03e4cb19959f,coder-01,17,2026-02-07 15:01:33.519,file_list,137,f
8e145cfc-a313-437b-b6ad-3e2321696a12,beed8ccf-2c5d-441f-95dd-806b872fe53c,coder-01,11,2026-02-07 15:01:33.524,file_list,142,f
aac8302d-8e59-48d4-8094-5d20061845ee,9417edd2-7b5f-49ca-89a5-82d6fee8a352,coder-01,4,2026-02-07 15:01:33.53,file_list,147,f
d0b9ce01-9ac9-4c22-ab35-83ef06ac8ab5,aa60af2a-e036-4e95-ab63-dbd0c24ae4dd,coder-01,44,2026-02-07 15:01:36.066,file_read,7,f
69a2c35d-c363-44d8-b515-d37911472ba8,a8ac446c-320e-4316-8b9b-62a329824eb4,coder-01,49,2026-02-07 15:01:36.076,file_read,17,f
ab312b72-1c8c-439c-b3ea-8113aa5d95df,1038a222-f5a4-4478-a33d-6f8600c39cf9,coder-01,25,2026-02-07 15:01:36.081,file_read,22,f
da75d32e-3f2b-4e75-a67d-19d4a70c6284,084ef220-e275-4a6c-b06c-1a260e534ac8,coder-01,41,2026-02-07 15:01:36.086,file_read,27,f
896d78ba-b0e0-43be-abb7-3e04a89a20be,aa60af2a-e036-4e95-ab63-dbd0c24ae4dd,coder-01,49,2026-02-07 15:02:18.759,shell_run,0,f
3e087988-0af7-4af5-9a38-23d897d3ec25,6f1c08c4-4c4d-4b1d-b633-03e4cb19959f,coder-01,18,2026-02-07 15:01:36.091,file_read,32,f
d15a8026-cc0e-42fe-9498-0cb2c8c6ac2c,beed8ccf-2c5d-441f-95dd-806b872fe53c,coder-01,12,2026-02-07 15:01:36.097,file_read,38,f
2dabec0f-3712-4fcc-9787-2c9cda18413d,9417edd2-7b5f-49ca-89a5-82d6fee8a352,coder-01,5,2026-02-07 15:01:36.103,file_read,44,f
f807c46d-55f6-4c9f-958f-37dc5e9f07fb,9417edd2-7b5f-49ca-89a5-82d6fee8a352,coder-01,6,2026-02-07 15:01:39.323,"the action to take, only one name of [file_read, file_write, file_edit, file_list, shell_run, code_search, find_file], just the name, exactly as it's written.",,f
1ac28a35-2dd2-4097-af9b-a06482496fbc,9417edd2-7b5f-49ca-89a5-82d6fee8a352,coder-01,7,2026-02-07 15:01:39.328,unknown,,f
f7956d51-6164-42d1-a332-1b46b84b1622,aa60af2a-e036-4e95-ab63-dbd0c24ae4dd,coder-01,45,2026-02-07 15:01:48.026,file_write,8,f
69e6fc22-2ac9-4dba-a5eb-e2cc9ee81e82,a8ac446c-320e-4316-8b9b-62a329824eb4,coder-01,50,2026-02-07 15:01:48.036,file_write,19,f
a1ee5b54-a276-46a2-9443-8cf48dda0f85,1038a222-f5a4-4478-a33d-6f8600c39cf9,coder-01,26,2026-02-07 15:01:48.041,file_write,24,f
53b65dc7-93e4-449b-be8b-8156e6fd08c6,084ef220-e275-4a6c-b06c-1a260e534ac8,coder-01,42,2026-02-07 15:01:48.047,file_write,30,f
5d56cd20-c64a-41c7-a8ef-a33a94af308c,6f1c08c4-4c4d-4b1d-b633-03e4cb19959f,coder-01,19,2026-02-07 15:01:48.052,file_write,35,f
786d7af2-2f87-4121-a3c6-ccc48ba56d3f,beed8ccf-2c5d-441f-95dd-806b872fe53c,coder-01,13,2026-02-07 15:01:48.057,file_write,40,f
faaadb93-cdc4-4682-b8d6-b3b2c5065e0f,9417edd2-7b5f-49ca-89a5-82d6fee8a352,coder-01,8,2026-02-07 15:01:48.062,file_write,46,f
4d9cc4f4-799e-441e-848b-8a520f031e7d,81e1c774-e480-4e12-8c75-69a7c8c3ef0d,coder-01,1,2026-02-07 15:01:48.067,file_write,50,f
98d95c18-2ed5-4525-90ac-556d666d61f4,aa60af2a-e036-4e95-ab63-dbd0c24ae4dd,coder-01,46,2026-02-07 15:02:00.558,file_write,9,f
ec122cd1-e303-44f6-a18b-f7612dfb9ab0,a8ac446c-320e-4316-8b9b-62a329824eb4,coder-01,51,2026-02-07 15:02:00.568,file_write,20,f
8d95a47d-3fda-4942-a1b6-d4f9ab71be53,1038a222-f5a4-4478-a33d-6f8600c39cf9,coder-01,27,2026-02-07 15:02:00.574,file_write,26,f
a6d708f6-06f1-457d-8968-093d5821d150,084ef220-e275-4a6c-b06c-1a260e534ac8,coder-01,43,2026-02-07 15:02:00.579,file_write,31,f
93b1431d-4527-4ff8-b364-e49eba0ec93d,6f1c08c4-4c4d-4b1d-b633-03e4cb19959f,coder-01,20,2026-02-07 15:02:00.585,file_write,36,f
a6e9ffca-8e25-4edf-acd9-0bfc3a722baf,beed8ccf-2c5d-441f-95dd-806b872fe53c,coder-01,14,2026-02-07 15:02:00.592,file_write,42,f
ed8cb575-27c3-4cfa-8641-6225c1f28fdb,9417edd2-7b5f-49ca-89a5-82d6fee8a352,coder-01,9,2026-02-07 15:02:00.598,file_write,49,f
0518321d-a02b-4e9f-811b-c3683f4dbc85,81e1c774-e480-4e12-8c75-69a7c8c3ef0d,coder-01,2,2026-02-07 15:02:00.604,file_write,55,f
49742cd2-3847-4352-a109-2d50ba86205d,5fa9383e-1a10-40e6-b969-413b49a03701,coder-01,1,2026-02-07 15:02:00.609,file_write,61,f
bc2d4c4c-5175-42f7-9042-cfc5454f1d97,aa60af2a-e036-4e95-ab63-dbd0c24ae4dd,coder-01,47,2026-02-07 15:02:05.165,file_write,8,f
82156ead-3b35-4a8c-b0ec-8b672545d2fe,a8ac446c-320e-4316-8b9b-62a329824eb4,coder-01,52,2026-02-07 15:02:05.172,file_write,15,f
896f72cd-ef17-4a5f-a6e4-a80c7b75876e,1038a222-f5a4-4478-a33d-6f8600c39cf9,coder-01,28,2026-02-07 15:02:05.178,file_write,21,f
eba71b1e-fff5-44f6-8397-2940c9f6502d,084ef220-e275-4a6c-b06c-1a260e534ac8,coder-01,44,2026-02-07 15:02:05.185,file_write,28,f
1d91e662-b27f-41b6-913f-70e57de7f2a3,6f1c08c4-4c4d-4b1d-b633-03e4cb19959f,coder-01,21,2026-02-07 15:02:05.19,file_write,34,f
4be87337-b85f-4ae7-8935-2d5b75e7e728,beed8ccf-2c5d-441f-95dd-806b872fe53c,coder-01,15,2026-02-07 15:02:05.198,file_write,41,f
96c7b352-ce08-4888-bd7c-29a91b7ede5a,9417edd2-7b5f-49ca-89a5-82d6fee8a352,coder-01,10,2026-02-07 15:02:05.206,file_write,48,f
8c4c2847-d6a3-4160-a87c-14cddf8d5024,81e1c774-e480-4e12-8c75-69a7c8c3ef0d,coder-01,3,2026-02-07 15:02:05.213,file_write,56,f
b356e252-2a67-4d17-badf-d307d6c0d3cf,5fa9383e-1a10-40e6-b969-413b49a03701,coder-01,2,2026-02-07 15:02:05.219,file_write,63,f
f0169632-ae04-4f3a-9fba-ae32b89ae112,aa60af2a-e036-4e95-ab63-dbd0c24ae4dd,coder-01,48,2026-02-07 15:02:07.744,shell_run,0,f
ac190eb1-2641-48cf-9c32-61b4cad0a1a2,a8ac446c-320e-4316-8b9b-62a329824eb4,coder-01,53,2026-02-07 15:02:07.754,shell_run,13,f
f34d2a59-5079-4885-a40b-24244157f53c,1038a222-f5a4-4478-a33d-6f8600c39cf9,coder-01,29,2026-02-07 15:02:07.759,shell_run,17,f
1ea31f8a-88aa-44ef-89ee-13de284bd0a1,084ef220-e275-4a6c-b06c-1a260e534ac8,coder-01,45,2026-02-07 15:02:07.765,shell_run,23,f
f3c2587d-76e1-4921-989b-76ce6b05e7c5,6f1c08c4-4c4d-4b1d-b633-03e4cb19959f,coder-01,22,2026-02-07 15:02:07.771,shell_run,28,f
fd943294-5461-446f-921d-b6987b07ef87,beed8ccf-2c5d-441f-95dd-806b872fe53c,coder-01,16,2026-02-07 15:02:07.776,shell_run,34,f
3a84c626-6544-417a-9943-82ab6784d7df,9417edd2-7b5f-49ca-89a5-82d6fee8a352,coder-01,11,2026-02-07 15:02:07.781,shell_run,39,f
9a27c5c0-33f1-46ab-9f8b-676ead4823f2,81e1c774-e480-4e12-8c75-69a7c8c3ef0d,coder-01,4,2026-02-07 15:02:07.786,shell_run,45,f
16b95b66-5e92-4860-83bc-448bab2d6a91,a8ac446c-320e-4316-8b9b-62a329824eb4,coder-01,54,2026-02-07 15:02:18.769,shell_run,12,f
9a7024f7-ca06-4dc0-b267-29bd678b694a,1038a222-f5a4-4478-a33d-6f8600c39cf9,coder-01,30,2026-02-07 15:02:18.775,shell_run,18,f
7a3cb2cf-5239-40c8-b814-fd07b8920a64,084ef220-e275-4a6c-b06c-1a260e534ac8,coder-01,46,2026-02-07 15:02:18.781,shell_run,24,f
046fb424-1344-49b5-8247-d4fe77633fff,6f1c08c4-4c4d-4b1d-b633-03e4cb19959f,coder-01,23,2026-02-07 15:02:18.787,shell_run,30,f
cd572d65-ec6c-4a37-a598-2a1980da849e,beed8ccf-2c5d-441f-95dd-806b872fe53c,coder-01,17,2026-02-07 15:02:18.793,shell_run,36,f
26304da8-2005-465a-9e28-5944813ff274,9417edd2-7b5f-49ca-89a5-82d6fee8a352,coder-01,12,2026-02-07 15:02:18.799,shell_run,41,f
69af2f0c-3881-42cc-82d4-724a4354c8bf,81e1c774-e480-4e12-8c75-69a7c8c3ef0d,coder-01,5,2026-02-07 15:02:18.805,shell_run,48,f
013a27db-0635-4835-8672-6b5d802f81ac,5fa9383e-1a10-40e6-b969-413b49a03701,coder-01,4,2026-02-07 15:02:18.81,shell_run,53,f
414601db-d8be-4862-9ee1-9b0caccef411,aa60af2a-e036-4e95-ab63-dbd0c24ae4dd,coder-01,50,2026-02-07 15:02:25.399,shell_run,0,f
afc90604-3edf-4485-bf83-693fccb6592b,a8ac446c-320e-4316-8b9b-62a329824eb4,coder-01,55,2026-02-07 15:02:25.408,shell_run,10,f
8c678731-6cd9-4a3a-b12c-7aa216f41c6b,1038a222-f5a4-4478-a33d-6f8600c39cf9,coder-01,31,2026-02-07 15:02:25.415,shell_run,16,f
360dc4ce-253a-4b0a-8762-e06804e9d4e0,084ef220-e275-4a6c-b06c-1a260e534ac8,coder-01,47,2026-02-07 15:02:25.421,shell_run,22,f
831ecd57-2b77-4023-8fcb-f4f1532c8fb4,6f1c08c4-4c4d-4b1d-b633-03e4cb19959f,coder-01,24,2026-02-07 15:02:25.428,shell_run,27,f
8de1d56f-b953-470f-aa1e-2711d808c331,beed8ccf-2c5d-441f-95dd-806b872fe53c,coder-01,18,2026-02-07 15:02:25.434,shell_run,35,f
c4f50ec2-cb11-479a-adc1-190f59dbd866,9417edd2-7b5f-49ca-89a5-82d6fee8a352,coder-01,13,2026-02-07 15:02:25.439,shell_run,41,f
2f686e5f-b290-473b-82a1-378b4c4d5327,81e1c774-e480-4e12-8c75-69a7c8c3ef0d,coder-01,6,2026-02-07 15:02:25.444,shell_run,46,f
3c371d95-e40a-4c77-9d0f-8f3b9d9861fd,5fa9383e-1a10-40e6-b969-413b49a03701,coder-01,5,2026-02-07 15:02:25.449,shell_run,51,f
01fa76b6-e41c-48aa-be34-5cc84a4a9e47,aa60af2a-e036-4e95-ab63-dbd0c24ae4dd,coder-01,51,2026-02-07 15:02:33.56,file_read,6,f
31025065-6b31-4663-bc1c-dd259b519d79,a8ac446c-320e-4316-8b9b-62a329824eb4,coder-01,56,2026-02-07 15:02:33.57,file_read,16,f
e87c34fa-507e-4204-bbeb-4f43bbeed383,1038a222-f5a4-4478-a33d-6f8600c39cf9,coder-01,32,2026-02-07 15:02:33.577,file_read,23,f
e857dcef-50a1-4e4c-9421-12ebfac3834b,084ef220-e275-4a6c-b06c-1a260e534ac8,coder-01,48,2026-02-07 15:02:33.582,file_read,28,f
39b7b6af-e793-48ed-ad07-1e48be2073a7,6f1c08c4-4c4d-4b1d-b633-03e4cb19959f,coder-01,25,2026-02-07 15:02:33.587,file_read,34,f
bbb5972b-a905-4cb0-9159-0265993de6c5,beed8ccf-2c5d-441f-95dd-806b872fe53c,coder-01,19,2026-02-07 15:02:33.592,file_read,39,f
4b4d9a8e-98a5-4170-ae06-bfaff1e0c5dd,9417edd2-7b5f-49ca-89a5-82d6fee8a352,coder-01,14,2026-02-07 15:02:33.597,file_read,44,f
8f6882dd-01a3-4cc5-987d-983f0544c995,81e1c774-e480-4e12-8c75-69a7c8c3ef0d,coder-01,7,2026-02-07 15:02:33.603,file_read,49,f
dd8a02c0-5d25-4751-bc9b-0459937048c9,5fa9383e-1a10-40e6-b969-413b49a03701,coder-01,6,2026-02-07 15:02:33.608,file_read,55,f
7eeb8f74-4d3c-4aa1-af4f-2dacdede59e3,aa60af2a-e036-4e95-ab63-dbd0c24ae4dd,coder-01,52,2026-02-07 15:02:40.334,file_write,8,f
6457be62-e7c1-4f40-a03a-950ad351101d,a8ac446c-320e-4316-8b9b-62a329824eb4,coder-01,57,2026-02-07 15:02:40.345,file_write,20,f
04845780-0878-451c-8e1d-91df32bba8e0,1038a222-f5a4-4478-a33d-6f8600c39cf9,coder-01,33,2026-02-07 15:02:40.354,file_write,27,f
493e2c66-d7ec-4ed3-b906-13719a1c658b,084ef220-e275-4a6c-b06c-1a260e534ac8,coder-01,49,2026-02-07 15:02:40.363,file_write,36,f
97293df7-9cf9-4c18-b45d-13956ebf6d65,6f1c08c4-4c4d-4b1d-b633-03e4cb19959f,coder-01,26,2026-02-07 15:02:40.37,file_write,45,f
b0e8472d-b369-408e-9da8-7001f68c341d,beed8ccf-2c5d-441f-95dd-806b872fe53c,coder-01,20,2026-02-07 15:02:40.38,file_write,54,f
9ec21380-69de-44db-ae00-9738cca632b8,9417edd2-7b5f-49ca-89a5-82d6fee8a352,coder-01,15,2026-02-07 15:02:40.388,file_write,63,f
eca410d8-f4a9-441c-b942-0d33890368f6,81e1c774-e480-4e12-8c75-69a7c8c3ef0d,coder-01,8,2026-02-07 15:02:40.394,file_write,70,f
9d539f63-f799-45a2-a66e-e68473a050f4,5fa9383e-1a10-40e6-b969-413b49a03701,coder-01,7,2026-02-07 15:02:40.4,file_write,76,f
31fa2f2c-5d46-4b6b-9be4-c64e039a1767,5fa9383e-1a10-40e6-b969-413b49a03701,coder-01,8,2026-02-07 15:03:08.884,"the action to take, only one name of [file_read, file_write, file_edit, file_list, shell_run, code_search, find_file], just the name, exactly as it's written.",,f
2331718b-9040-46d2-9f57-1aaafd2e6fea,5fa9383e-1a10-40e6-b969-413b49a03701,coder-01,9,2026-02-07 15:03:08.891,unknown,,f
6bae028e-b3ca-4547-a1f2-af1dfff76707,5fa9383e-1a10-40e6-b969-413b49a03701,coder-01,10,2026-02-07 15:03:08.898,"the action to take, only one name of [file_read, file_write, file_edit, file_list, shell_run, code_search, find_file], just the name, exactly as it's written.",,f
f76670d7-8c87-4317-bc08-5e55709033d2,5fa9383e-1a10-40e6-b969-413b49a03701,coder-01,11,2026-02-07 15:03:08.904,unknown,,f
8857c121-66c6-40f0-a544-7debfbe61fe7,5fa9383e-1a10-40e6-b969-413b49a03701,coder-01,12,2026-02-07 15:03:08.911,"the action to take, only one name of [file_read, file_write, file_edit, file_list, shell_run, code_search, find_file], just the name, exactly as it's written.",,f
edd2062f-e148-4df5-979f-3e07b9a8abb5,5fa9383e-1a10-40e6-b969-413b49a03701,coder-01,13,2026-02-07 15:03:08.917,unknown,,f
2b952e62-a0ab-4e4a-b0b4-9b16f830e3d5,5fa9383e-1a10-40e6-b969-413b49a03701,coder-01,14,2026-02-07 15:03:08.924,"the action to take, only one name of [file_read, file_write, file_edit, file_list, shell_run, code_search, find_file], just the name, exactly as it's written.",,f
1be8e5e6-5256-4b66-9c64-5a67c57ef7d3,5fa9383e-1a10-40e6-b969-413b49a03701,coder-01,15,2026-02-07 15:03:08.93,unknown,,f
e60047f0-51c8-41b4-b6ef-7c8ced3285a8,5fa9383e-1a10-40e6-b969-413b49a03701,coder-01,16,2026-02-07 15:03:08.937,"the action to take, only one name of [file_read, file_write, file_edit, file_list, shell_run, code_search, find_file], just the name, exactly as it's written.",,f
6ab9fc73-708f-4b0c-a96b-b9fffee30946,5fa9383e-1a10-40e6-b969-413b49a03701,coder-01,17,2026-02-07 15:03:08.943,unknown,,f
a2a8d8eb-2caa-40cc-89be-ccafa453913f,e5e43ce0-c924-4e6e-8024-309237a67457,coder-01,31,2026-02-07 15:09:59.834,file_write,81,f
44346453-8503-450a-970b-71d2092d1a56,d32011bb-9a16-4348-9df1-0b7570d92386,coder-01,31,2026-02-07 15:09:59.839,file_write,86,f
ce4cd9ce-e69f-4a53-b129-f19e54852fb5,02fe5464-ccc8-418c-8722-7301fb22420f,coder-01,21,2026-02-07 15:09:59.845,file_write,91,f
6a10948a-29dd-4e8e-bb76-ee6f42712f48,ebada532-ce60-4b9e-bbc6-3df28145bda2,coder-01,17,2026-02-07 15:09:59.85,file_write,97,f
8a39d84f-aa8d-4557-b063-2626301b29bc,c7f2d586-beb7-4040-991f-c36846d6682f,coder-01,27,2026-02-07 15:09:59.856,file_write,103,f
bcc8c4ab-8d11-4c3d-929e-7d0ec854604f,70634f1e-2098-42ac-8937-d458ecbf3c7f,coder-01,1,2026-02-07 15:09:59.862,file_write,108,f
86887ec1-2d2d-4bce-99b1-70d1c165e180,aa60af2a-e036-4e95-ab63-dbd0c24ae4dd,coder-01,91,2026-02-07 15:10:02.093,shell_run,0,f
a2818269-0c8b-4ebc-904a-9f5815151523,a8ac446c-320e-4316-8b9b-62a329824eb4,coder-01,96,2026-02-07 15:10:02.103,shell_run,9,f
7aaafa78-7533-4d58-a160-a82f4797893a,1038a222-f5a4-4478-a33d-6f8600c39cf9,coder-01,72,2026-02-07 15:10:02.108,shell_run,15,f
e2cdb55a-deb0-4dae-b128-7ac13cd895c4,084ef220-e275-4a6c-b06c-1a260e534ac8,coder-01,88,2026-02-07 15:10:02.114,shell_run,20,f
241db8ef-8954-4aa7-818c-680598a5d70d,6f1c08c4-4c4d-4b1d-b633-03e4cb19959f,coder-01,65,2026-02-07 15:10:02.119,shell_run,25,f
a3fca8a5-d32d-45ab-b6a3-ddcaa7c9f803,beed8ccf-2c5d-441f-95dd-806b872fe53c,coder-01,59,2026-02-07 15:10:02.125,shell_run,30,f
0cb9ae3f-6aff-4740-93cc-e0a4410a7cae,9417edd2-7b5f-49ca-89a5-82d6fee8a352,coder-01,54,2026-02-07 15:10:02.131,shell_run,37,f
d553fd62-7536-472b-844d-f6f2f8259a2c,81e1c774-e480-4e12-8c75-69a7c8c3ef0d,coder-01,47,2026-02-07 15:10:02.136,shell_run,42,f
d0f334da-85fa-46de-81c8-8fbd351097f3,5fa9383e-1a10-40e6-b969-413b49a03701,coder-01,56,2026-02-07 15:10:02.141,shell_run,47,f
773f6402-e9f7-4cce-a45e-ed891584d9de,6e518895-3fd2-4603-9656-84d8d69024ad,coder-01,41,2026-02-07 15:10:02.146,shell_run,52,f
7e368c6d-7fa3-4fed-9c6d-06f26f7bd849,ef9983a2-ffea-4066-a718-01dfc5d3cb91,coder-01,35,2026-02-07 15:10:02.15,shell_run,57,f
0b57f3f5-3751-4e46-b82a-507b1835b3bf,55dca8b0-41ac-485a-bd87-c5c7073bc1a1,coder-01,37,2026-02-07 15:10:02.155,shell_run,61,f
18675aba-12d5-44e7-bf23-503f16d843e4,3935adc1-fbd7-4c68-b91d-79b864437873,qa-01,18,2026-02-12 14:59:32.931,unknown,,f
ec84c056-732d-4628-a436-c605af249d20,aa60af2a-e036-4e95-ab63-dbd0c24ae4dd,coder-01,53,2026-02-07 15:03:19.289,file_write,7,f
73caad19-a685-4faa-9bc6-464f14e42705,a8ac446c-320e-4316-8b9b-62a329824eb4,coder-01,58,2026-02-07 15:03:19.295,file_write,13,f
00e156b4-c4f5-4802-aed4-2930d42e9d75,1038a222-f5a4-4478-a33d-6f8600c39cf9,coder-01,34,2026-02-07 15:03:19.3,file_write,18,f
7f27b91c-de37-4370-99af-d8f159d1846c,084ef220-e275-4a6c-b06c-1a260e534ac8,coder-01,50,2026-02-07 15:03:19.304,file_write,23,f
28303551-3ccb-4101-bdee-310435942b35,6f1c08c4-4c4d-4b1d-b633-03e4cb19959f,coder-01,27,2026-02-07 15:03:19.309,file_write,27,f
06e7e8a4-a652-41e8-aaf1-3e390cc0a2af,beed8ccf-2c5d-441f-95dd-806b872fe53c,coder-01,21,2026-02-07 15:03:19.314,file_write,32,f
cbbcf2e7-0bf4-47f5-bd86-54621362779c,9417edd2-7b5f-49ca-89a5-82d6fee8a352,coder-01,16,2026-02-07 15:03:19.32,file_write,38,f
f920739d-45b7-4798-b842-9e44560764f6,81e1c774-e480-4e12-8c75-69a7c8c3ef0d,coder-01,9,2026-02-07 15:03:19.325,file_write,43,f
d861086a-6499-485f-9439-189592f9162b,5fa9383e-1a10-40e6-b969-413b49a03701,coder-01,18,2026-02-07 15:03:19.33,file_write,48,f
8187856f-cedb-4f4c-b2b8-5350533af2d1,6e518895-3fd2-4603-9656-84d8d69024ad,coder-01,1,2026-02-07 15:03:19.335,file_write,53,f
b66529d5-45e9-49a5-aafa-20dea6f68b98,aa60af2a-e036-4e95-ab63-dbd0c24ae4dd,coder-01,54,2026-02-07 15:03:21.652,shell_run,0,f
1d6b08a6-68f7-4c87-9774-57840454c890,a8ac446c-320e-4316-8b9b-62a329824eb4,coder-01,59,2026-02-07 15:03:21.662,shell_run,12,f
10be4a81-13d5-4346-b60f-01239f8d67b0,1038a222-f5a4-4478-a33d-6f8600c39cf9,coder-01,35,2026-02-07 15:03:21.667,shell_run,18,f
c2aaad03-a9d7-420e-8b06-b465ad16c71d,084ef220-e275-4a6c-b06c-1a260e534ac8,coder-01,51,2026-02-07 15:03:21.672,shell_run,23,f
7d66a493-5c06-4467-ab8a-a07e162c2f36,6f1c08c4-4c4d-4b1d-b633-03e4cb19959f,coder-01,28,2026-02-07 15:03:21.679,shell_run,28,f
c01bfdce-a0e6-408f-b206-e88d5f9b1836,beed8ccf-2c5d-441f-95dd-806b872fe53c,coder-01,22,2026-02-07 15:03:21.685,shell_run,35,f
251e7c97-6e45-40fd-92ae-8cd9339ff472,9417edd2-7b5f-49ca-89a5-82d6fee8a352,coder-01,17,2026-02-07 15:03:21.691,shell_run,40,f
0f4b54e9-f542-4d8e-9ccc-dd9b5ad43020,81e1c774-e480-4e12-8c75-69a7c8c3ef0d,coder-01,10,2026-02-07 15:03:21.696,shell_run,46,f
87b2f7bc-b0f7-406b-ae7a-e14eed94c5be,5fa9383e-1a10-40e6-b969-413b49a03701,coder-01,19,2026-02-07 15:03:21.701,shell_run,51,f
fbc9dfa1-508a-474b-ad68-de000992b4ad,c6f48a65-7b86-4956-b82d-dc010642d5e4,coder-01,42,2026-02-13 11:36:19.074,shell_run,45,f
f05378ec-b9f8-47b0-9363-89210771616b,6e518895-3fd2-4603-9656-84d8d69024ad,coder-01,2,2026-02-07 15:03:21.707,shell_run,57,f
a5f54af8-7736-49bf-a4c6-cc08267158a1,aa60af2a-e036-4e95-ab63-dbd0c24ae4dd,coder-01,57,2026-02-07 15:03:47.537,file_write,6,f
65a49178-8f8b-4ca1-a012-966b67da9aa4,a8ac446c-320e-4316-8b9b-62a329824eb4,coder-01,62,2026-02-07 15:03:47.547,file_write,17,f
88296e5f-5b71-416f-a476-ed096939d5d6,1038a222-f5a4-4478-a33d-6f8600c39cf9,coder-01,38,2026-02-07 15:03:47.552,file_write,22,f
8cc33a84-1891-491a-b53a-b04475a6ca6c,084ef220-e275-4a6c-b06c-1a260e534ac8,coder-01,54,2026-02-07 15:03:47.558,file_write,28,f
a95041ef-d3e2-4a44-b44b-4f9768e05643,6f1c08c4-4c4d-4b1d-b633-03e4cb19959f,coder-01,31,2026-02-07 15:03:47.564,file_write,33,f
bc863a8c-288a-4f0c-9a76-f93216dd84c2,beed8ccf-2c5d-441f-95dd-806b872fe53c,coder-01,25,2026-02-07 15:03:47.571,file_write,40,f
6a28f460-9b51-464c-911b-514ed8154eae,9417edd2-7b5f-49ca-89a5-82d6fee8a352,coder-01,20,2026-02-07 15:03:47.577,file_write,46,f
b46984ae-3baf-4e85-89ee-dacde02e42d3,81e1c774-e480-4e12-8c75-69a7c8c3ef0d,coder-01,13,2026-02-07 15:03:47.582,file_write,52,f
2534c863-3959-4f5a-a845-d14301b66720,5fa9383e-1a10-40e6-b969-413b49a03701,coder-01,22,2026-02-07 15:03:47.587,file_write,57,f
dba5b290-7ed2-4ec7-a17b-cf5848ab359f,6e518895-3fd2-4603-9656-84d8d69024ad,coder-01,7,2026-02-07 15:03:47.593,file_write,62,f
30c5a6bc-d669-42e4-bb96-dbf13e196b33,ef9983a2-ffea-4066-a718-01dfc5d3cb91,coder-01,1,2026-02-07 15:03:47.598,file_write,68,f
be495aa7-b9f9-435b-9a46-a22257b0c4c6,aa60af2a-e036-4e95-ab63-dbd0c24ae4dd,coder-01,58,2026-02-07 15:03:59.016,file_write,6,f
1d7a8aa0-0b10-4ddd-af54-c73489c98227,a8ac446c-320e-4316-8b9b-62a329824eb4,coder-01,63,2026-02-07 15:03:59.022,file_write,12,f
2c73cf38-8dd8-499c-a035-ae37012769b4,1038a222-f5a4-4478-a33d-6f8600c39cf9,coder-01,39,2026-02-07 15:03:59.027,file_write,18,f
40bb2b17-ee83-47e7-a1d9-6df0c32b8b84,084ef220-e275-4a6c-b06c-1a260e534ac8,coder-01,55,2026-02-07 15:03:59.034,file_write,24,f
57062c10-cb61-4f79-ba4f-da2bd3dd752e,6f1c08c4-4c4d-4b1d-b633-03e4cb19959f,coder-01,32,2026-02-07 15:03:59.04,file_write,30,f
74c69b7d-15de-4c77-9b0e-0de1bc58d1ef,beed8ccf-2c5d-441f-95dd-806b872fe53c,coder-01,26,2026-02-07 15:03:59.046,file_write,37,f
1b7342d3-7103-45df-8471-7cec3b1aa336,9417edd2-7b5f-49ca-89a5-82d6fee8a352,coder-01,21,2026-02-07 15:03:59.052,file_write,42,f
067a1ddf-db55-4175-939f-e095e11146ea,81e1c774-e480-4e12-8c75-69a7c8c3ef0d,coder-01,14,2026-02-07 15:03:59.057,file_write,48,f
2ef3fd71-2553-4414-9b2f-f81591b9143f,aa60af2a-e036-4e95-ab63-dbd0c24ae4dd,coder-01,55,2026-02-07 15:03:26.34,file_write,6,f
3da2bdfb-234a-4152-9bd9-6604ed0b9e2f,a8ac446c-320e-4316-8b9b-62a329824eb4,coder-01,60,2026-02-07 15:03:26.35,file_write,16,f
17a687b6-ec09-41b5-a2d8-080d265e1685,1038a222-f5a4-4478-a33d-6f8600c39cf9,coder-01,36,2026-02-07 15:03:26.355,file_write,21,f
883f7e71-42c3-4986-9bef-85551a061fed,084ef220-e275-4a6c-b06c-1a260e534ac8,coder-01,52,2026-02-07 15:03:26.36,file_write,26,f
9e212590-676a-4070-b1e3-361ab32b5ab7,6f1c08c4-4c4d-4b1d-b633-03e4cb19959f,coder-01,29,2026-02-07 15:03:26.365,file_write,31,f
c9c7793e-3cb3-4246-8305-e5f4cba4a4fe,beed8ccf-2c5d-441f-95dd-806b872fe53c,coder-01,23,2026-02-07 15:03:26.37,file_write,36,f
66199916-b4af-4649-9131-b27dd1c46750,9417edd2-7b5f-49ca-89a5-82d6fee8a352,coder-01,18,2026-02-07 15:03:26.375,file_write,41,f
e3786772-1cf6-4275-8cb9-aea2dfc5b907,81e1c774-e480-4e12-8c75-69a7c8c3ef0d,coder-01,11,2026-02-07 15:03:26.38,file_write,46,f
708a4308-d431-42ab-9c1a-5322da498b4c,5fa9383e-1a10-40e6-b969-413b49a03701,coder-01,20,2026-02-07 15:03:26.385,file_write,52,f
b8f5e9ee-b1c9-4f84-aaba-b5c15b7cd1a6,6e518895-3fd2-4603-9656-84d8d69024ad,coder-01,3,2026-02-07 15:03:26.39,file_write,57,f
460367a2-35c9-4f6f-bff2-eec6866474c0,aa60af2a-e036-4e95-ab63-dbd0c24ae4dd,coder-01,56,2026-02-07 15:03:28.583,shell_run,47,f
369d5022-bf92-4526-89d0-c5b6545970ad,a8ac446c-320e-4316-8b9b-62a329824eb4,coder-01,61,2026-02-07 15:03:28.592,shell_run,56,f
2fd534c4-acab-4b25-b44a-8b405cee9ee3,1038a222-f5a4-4478-a33d-6f8600c39cf9,coder-01,37,2026-02-07 15:03:28.596,shell_run,61,f
11d90572-6535-4798-ba37-30bbe26eaab5,084ef220-e275-4a6c-b06c-1a260e534ac8,coder-01,53,2026-02-07 15:03:28.601,shell_run,65,f
36c5a5b7-fa8a-4fc3-824c-e58366423889,6f1c08c4-4c4d-4b1d-b633-03e4cb19959f,coder-01,30,2026-02-07 15:03:28.606,shell_run,70,f
8fa2d61d-fc89-4cda-b507-54b362b46ece,beed8ccf-2c5d-441f-95dd-806b872fe53c,coder-01,24,2026-02-07 15:03:28.611,shell_run,76,f
49e9bedc-de21-4321-9dd0-afb422c2ae7c,9417edd2-7b5f-49ca-89a5-82d6fee8a352,coder-01,19,2026-02-07 15:03:28.617,shell_run,81,f
da11b49d-3d28-4f0f-a0bf-6bb7ca51cb97,81e1c774-e480-4e12-8c75-69a7c8c3ef0d,coder-01,12,2026-02-07 15:03:28.622,shell_run,86,f
cbac90eb-6d4f-47ab-9988-f66064a98123,5fa9383e-1a10-40e6-b969-413b49a03701,coder-01,21,2026-02-07 15:03:28.627,shell_run,91,f
e0980281-285a-4304-b0c4-c6ce541b9ddf,6e518895-3fd2-4603-9656-84d8d69024ad,coder-01,4,2026-02-07 15:03:28.633,shell_run,97,f
bf40546a-3f8d-4fc4-9e2b-b3965d3b5572,6e518895-3fd2-4603-9656-84d8d69024ad,coder-01,5,2026-02-07 15:03:31.866,"the action to take, only one name of [file_read, file_write, file_edit, file_list, shell_run, code_search, find_file], just the name, exactly as it's written.",,f
926d9e45-0285-43f5-a83b-c717a6942caf,6e518895-3fd2-4603-9656-84d8d69024ad,coder-01,6,2026-02-07 15:03:31.872,unknown,,f
bf50d0b1-c517-4c8a-af09-f6c496217410,5fa9383e-1a10-40e6-b969-413b49a03701,coder-01,23,2026-02-07 15:03:59.062,file_write,53,f
6255af19-7a07-402a-9193-7df09fc94d92,6e518895-3fd2-4603-9656-84d8d69024ad,coder-01,8,2026-02-07 15:03:59.067,file_write,58,f
6be97b2c-e5a5-47ff-90e3-3fa99d15e8dd,ef9983a2-ffea-4066-a718-01dfc5d3cb91,coder-01,2,2026-02-07 15:03:59.072,file_write,63,f
a3b002d1-077a-4728-ac96-e204a57c0566,55dca8b0-41ac-485a-bd87-c5c7073bc1a1,coder-01,1,2026-02-07 15:03:59.078,file_write,68,f
48d8668f-45c7-41bd-8f65-ce361185a1f9,aa60af2a-e036-4e95-ab63-dbd0c24ae4dd,coder-01,59,2026-02-07 15:04:01.757,shell_run,0,f
cfa06a20-558c-41b0-ada5-b1b9516d0e61,a8ac446c-320e-4316-8b9b-62a329824eb4,coder-01,64,2026-02-07 15:04:01.767,shell_run,9,f
8bea70e6-8286-4833-92b0-fa3a1aceb386,1038a222-f5a4-4478-a33d-6f8600c39cf9,coder-01,40,2026-02-07 15:04:01.773,shell_run,15,f
ccd0c2eb-1055-495d-8d75-2eb9663000f6,084ef220-e275-4a6c-b06c-1a260e534ac8,coder-01,56,2026-02-07 15:04:01.78,shell_run,22,f
a333a871-414b-4ca5-b26b-aaee019a6c0d,6f1c08c4-4c4d-4b1d-b633-03e4cb19959f,coder-01,33,2026-02-07 15:04:01.786,shell_run,28,f
553ab4b3-d260-4d07-b66d-72bdf3a93078,beed8ccf-2c5d-441f-95dd-806b872fe53c,coder-01,27,2026-02-07 15:04:01.792,shell_run,34,f
39ffb836-faf1-4ace-ac14-97a8a5ab3d64,9417edd2-7b5f-49ca-89a5-82d6fee8a352,coder-01,22,2026-02-07 15:04:01.797,shell_run,40,f
d59d7920-aac2-4c8d-b6ec-1cddfbaa412c,81e1c774-e480-4e12-8c75-69a7c8c3ef0d,coder-01,15,2026-02-07 15:04:01.802,shell_run,45,f
e1f7638f-a2a3-4212-b2ee-3e4fe772ee23,5fa9383e-1a10-40e6-b969-413b49a03701,coder-01,24,2026-02-07 15:04:01.807,shell_run,50,f
c89d9e13-9201-44f2-a196-fd558497b552,6e518895-3fd2-4603-9656-84d8d69024ad,coder-01,9,2026-02-07 15:04:01.812,shell_run,55,f
7d6b113e-765f-4a78-b88e-2eada81e6fd7,ef9983a2-ffea-4066-a718-01dfc5d3cb91,coder-01,3,2026-02-07 15:04:01.818,shell_run,60,f
a11a601a-185c-4f7c-88a2-931334e79e44,55dca8b0-41ac-485a-bd87-c5c7073bc1a1,coder-01,2,2026-02-07 15:04:01.823,shell_run,66,f
94ea9ba1-6890-43c6-9dc8-d7f220a8a267,aa60af2a-e036-4e95-ab63-dbd0c24ae4dd,coder-01,60,2026-02-07 15:04:05.804,file_write,12,f
66ec0bea-4f9b-482f-bf18-8fa5a5b9d889,a8ac446c-320e-4316-8b9b-62a329824eb4,coder-01,65,2026-02-07 15:04:05.814,file_write,22,f
6b3fa71a-862a-42ef-87ce-319a1dd53dd4,aa60af2a-e036-4e95-ab63-dbd0c24ae4dd,coder-01,62,2026-02-07 15:04:44.94,file_write,7,f
3b24c9ea-4bbd-4b5c-91b9-721ea2ac90de,1038a222-f5a4-4478-a33d-6f8600c39cf9,coder-01,41,2026-02-07 15:04:05.82,file_write,28,f
4b695802-53a8-40fc-aada-a0a50f6513cd,084ef220-e275-4a6c-b06c-1a260e534ac8,coder-01,57,2026-02-07 15:04:05.826,file_write,34,f
846be02d-89d3-4286-b2c3-c12c8176c7c9,6f1c08c4-4c4d-4b1d-b633-03e4cb19959f,coder-01,34,2026-02-07 15:04:05.832,file_write,40,f
1a9e7efa-e1b0-45ce-940b-13224acc680d,beed8ccf-2c5d-441f-95dd-806b872fe53c,coder-01,28,2026-02-07 15:04:05.839,file_write,47,f
28db5138-18af-4849-85e8-974a3a708153,9417edd2-7b5f-49ca-89a5-82d6fee8a352,coder-01,23,2026-02-07 15:04:05.847,file_write,55,f
64c0f073-7932-426c-9e92-79747e8cbd7a,81e1c774-e480-4e12-8c75-69a7c8c3ef0d,coder-01,16,2026-02-07 15:04:05.854,file_write,62,f
15716ec0-2cb0-4f28-91fb-f09557ece31a,5fa9383e-1a10-40e6-b969-413b49a03701,coder-01,25,2026-02-07 15:04:05.861,file_write,69,f
b35c2c8a-0fb4-4cdf-ac1e-b384c84b2b1e,6e518895-3fd2-4603-9656-84d8d69024ad,coder-01,10,2026-02-07 15:04:05.867,file_write,75,f
cb37b20e-a852-4621-8323-489baf119326,aa60af2a-e036-4e95-ab63-dbd0c24ae4dd,coder-01,61,2026-02-07 15:04:10.806,shell_run,2106,f
caffaaff-8c4e-4424-9015-f13175752be6,a8ac446c-320e-4316-8b9b-62a329824eb4,coder-01,66,2026-02-07 15:04:10.817,shell_run,2117,f
d60042a8-6380-4f45-bf6b-1351685bbd7a,1038a222-f5a4-4478-a33d-6f8600c39cf9,coder-01,42,2026-02-07 15:04:10.823,shell_run,2123,f
7fdef284-9771-4039-9976-3a40062e7ce3,6f1d2123-e697-4e8a-8633-b4308b565ef5,coder-01,52,2026-02-13 11:36:19.081,shell_run,51,f
4417b87d-d284-4224-b572-f3405346e8b1,084ef220-e275-4a6c-b06c-1a260e534ac8,coder-01,58,2026-02-07 15:04:10.828,shell_run,2129,f
a4924788-901c-4319-a70b-d12e1519be91,6f1c08c4-4c4d-4b1d-b633-03e4cb19959f,coder-01,35,2026-02-07 15:04:10.833,shell_run,2134,f
130f19da-f956-4beb-8af3-365296f5466a,beed8ccf-2c5d-441f-95dd-806b872fe53c,coder-01,29,2026-02-07 15:04:10.839,shell_run,2139,f
af19d255-056f-4e42-9d26-629d4a1c9b41,9417edd2-7b5f-49ca-89a5-82d6fee8a352,coder-01,24,2026-02-07 15:04:10.844,shell_run,2145,f
629f96a3-ce41-4b37-b126-b7cd1d091ae5,81e1c774-e480-4e12-8c75-69a7c8c3ef0d,coder-01,17,2026-02-07 15:04:10.85,shell_run,2150,f
b6ee7c34-8e5f-4517-925b-a77734c62529,5fa9383e-1a10-40e6-b969-413b49a03701,coder-01,26,2026-02-07 15:04:10.855,shell_run,2155,f
82a56fbc-056f-4a93-9c96-18424f83d741,a8ac446c-320e-4316-8b9b-62a329824eb4,coder-01,67,2026-02-07 15:04:44.95,file_write,17,f
ba7284f3-9184-4d73-92ed-2ef680cf64e0,1038a222-f5a4-4478-a33d-6f8600c39cf9,coder-01,43,2026-02-07 15:04:44.955,file_write,22,f
58bbae30-1f29-420a-ba68-55fb31106e82,83a0bbf4-d843-4f97-8b74-113188decd72,coder-01,26,2026-02-13 11:36:19.087,shell_run,58,f
e9581d41-f59c-4c0e-aaa8-fc19b6497c40,6e518895-3fd2-4603-9656-84d8d69024ad,coder-01,11,2026-02-07 15:04:10.859,shell_run,2160,f
fcd645ea-9ff3-4d6c-b721-98b771928719,ef9983a2-ffea-4066-a718-01dfc5d3cb91,coder-01,5,2026-02-07 15:04:10.864,shell_run,2165,f
241fb826-2336-4a4b-b046-e43f194ec03a,55dca8b0-41ac-485a-bd87-c5c7073bc1a1,coder-01,4,2026-02-07 15:04:10.869,shell_run,2170,f
e936da62-38e1-450b-b271-e572a3afad33,55dca8b0-41ac-485a-bd87-c5c7073bc1a1,coder-01,5,2026-02-07 15:04:35.197,"the action to take, only one name of [file_read, file_write, file_edit, file_list, shell_run, code_search, find_file], just the name, exactly as it's written.",,f
542406cd-b611-4919-99fd-159554b610ae,55dca8b0-41ac-485a-bd87-c5c7073bc1a1,coder-01,6,2026-02-07 15:04:35.204,unknown,,f
2ab1e33e-d85f-44e0-871f-5b51bfba371e,55dca8b0-41ac-485a-bd87-c5c7073bc1a1,coder-01,7,2026-02-07 15:04:35.252,"' after 'Thought:'. I will do right next, and don't use a tool I have already used.",,f
0c2c9b8c-4604-4575-b1a0-2f2568764a0f,55dca8b0-41ac-485a-bd87-c5c7073bc1a1,coder-01,3,2026-02-07 15:04:35.259,file_write,86,f
e8018e3f-73bc-4716-83df-230191166d6f,e5e43ce0-c924-4e6e-8024-309237a67457,coder-01,32,2026-02-07 15:10:02.16,shell_run,66,f
7c99fcf9-3653-409a-a302-dd0818859132,d32011bb-9a16-4348-9df1-0b7570d92386,coder-01,32,2026-02-07 15:10:02.166,shell_run,72,f
339f1c4f-d78b-4931-a6ca-ceda57576135,02fe5464-ccc8-418c-8722-7301fb22420f,coder-01,22,2026-02-07 15:10:02.171,shell_run,77,f
902c69cd-4316-434a-af3e-7d1a8e88138f,ebada532-ce60-4b9e-bbc6-3df28145bda2,coder-01,18,2026-02-07 15:10:02.176,shell_run,82,f
1c2c44b4-df10-4bd4-b108-425a34c8b35d,c7f2d586-beb7-4040-991f-c36846d6682f,coder-01,28,2026-02-07 15:10:02.181,shell_run,87,f
95b123df-ee8f-490e-9506-726c789ba3a9,70634f1e-2098-42ac-8937-d458ecbf3c7f,coder-01,2,2026-02-07 15:10:02.186,shell_run,92,f
0fe6cb14-f248-4d65-add8-29e6ef8bbc7b,aa60af2a-e036-4e95-ab63-dbd0c24ae4dd,coder-01,92,2026-02-07 15:10:04.116,file_list,22,f
6113ec5f-020d-4ede-bd65-29306369d1b9,e5e43ce0-c924-4e6e-8024-309237a67457,coder-01,38,2026-02-07 15:11:18.513,file_write,90,f
6ab5e65c-a9d0-4d33-a7e8-377e4472c3c1,084ef220-e275-4a6c-b06c-1a260e534ac8,coder-01,59,2026-02-07 15:04:44.961,file_write,27,f
c95b616a-0c88-495e-af03-cc64477c6955,6f1c08c4-4c4d-4b1d-b633-03e4cb19959f,coder-01,36,2026-02-07 15:04:44.967,file_write,34,f
171aeed4-a442-4579-89c4-14868aac31b6,beed8ccf-2c5d-441f-95dd-806b872fe53c,coder-01,30,2026-02-07 15:04:44.972,file_write,38,f
369a3fe7-1f34-41f1-96cd-77aba04ca2d2,9417edd2-7b5f-49ca-89a5-82d6fee8a352,coder-01,25,2026-02-07 15:04:44.977,file_write,44,f
38b162d1-2a88-415d-b4c0-91727d954bad,81e1c774-e480-4e12-8c75-69a7c8c3ef0d,coder-01,18,2026-02-07 15:04:44.982,file_write,49,f
01b78af7-46ff-4fce-8698-de485de6b21f,5fa9383e-1a10-40e6-b969-413b49a03701,coder-01,27,2026-02-07 15:04:44.987,file_write,54,f
0ab3bc52-25d4-477f-96c4-11ded3518158,6e518895-3fd2-4603-9656-84d8d69024ad,coder-01,12,2026-02-07 15:04:44.992,file_write,59,f
775a43f6-7e1b-4856-a7f3-7893b3185817,ef9983a2-ffea-4066-a718-01dfc5d3cb91,coder-01,6,2026-02-07 15:04:44.997,file_write,64,f
a997ab62-e210-43ba-83e4-4c33fe39c461,55dca8b0-41ac-485a-bd87-c5c7073bc1a1,coder-01,8,2026-02-07 15:04:45.002,file_write,69,f
c9771fb0-da0e-45dd-8869-6cc36c8569dd,e5e43ce0-c924-4e6e-8024-309237a67457,coder-01,1,2026-02-07 15:04:45.006,file_write,73,f
baf038b2-3ed5-4321-9098-614cf9a1c458,aa60af2a-e036-4e95-ab63-dbd0c24ae4dd,coder-01,63,2026-02-07 15:04:47.611,shell_run,0,f
2677105e-2c85-466f-b598-58d8f050c4ef,a8ac446c-320e-4316-8b9b-62a329824eb4,coder-01,68,2026-02-07 15:04:47.622,shell_run,13,f
17d76917-3fcb-44a4-ab23-06969fae2d6f,1038a222-f5a4-4478-a33d-6f8600c39cf9,coder-01,44,2026-02-07 15:04:47.628,shell_run,19,f
b425b3dc-feea-44eb-84fe-2205ab8137c4,084ef220-e275-4a6c-b06c-1a260e534ac8,coder-01,60,2026-02-07 15:04:47.634,shell_run,25,f
84fa11a5-2365-432b-b866-8d44e5d276c6,6f1c08c4-4c4d-4b1d-b633-03e4cb19959f,coder-01,37,2026-02-07 15:04:47.64,shell_run,31,f
21c3cc65-5800-49b6-b648-339515b308b6,beed8ccf-2c5d-441f-95dd-806b872fe53c,coder-01,31,2026-02-07 15:04:47.646,shell_run,36,f
39a62fee-9e1d-4ae1-b739-023a610fc3bf,9417edd2-7b5f-49ca-89a5-82d6fee8a352,coder-01,26,2026-02-07 15:04:47.651,shell_run,42,f
ce04844c-1cbf-4022-ae1f-efd50a00ebcd,81e1c774-e480-4e12-8c75-69a7c8c3ef0d,coder-01,19,2026-02-07 15:04:47.657,shell_run,48,f
72b71aca-8972-4c17-b20f-848acecd62be,5fa9383e-1a10-40e6-b969-413b49a03701,coder-01,28,2026-02-07 15:04:47.663,shell_run,54,f
cda904d4-fc89-4e84-9495-09c2d4d27080,6e518895-3fd2-4603-9656-84d8d69024ad,coder-01,13,2026-02-07 15:04:47.668,shell_run,59,f
e0185687-14d0-4b15-9c87-5d7e01dd217b,ef9983a2-ffea-4066-a718-01dfc5d3cb91,coder-01,7,2026-02-07 15:04:47.674,shell_run,65,f
64ffcd5e-f0a9-4231-b1a9-9ceab2cfff8d,e5e43ce0-c924-4e6e-8024-309237a67457,coder-01,7,2026-02-07 15:05:02.588,unknown,,f
64807b0a-deab-422d-ac09-590183b11818,55dca8b0-41ac-485a-bd87-c5c7073bc1a1,coder-01,9,2026-02-07 15:04:47.68,shell_run,71,f
16fc2c6f-e4a2-41dc-adff-7945997341e2,e5e43ce0-c924-4e6e-8024-309237a67457,coder-01,2,2026-02-07 15:04:47.685,shell_run,76,f
8c97ad94-af43-4911-8fcf-3a11c480e1b8,aa60af2a-e036-4e95-ab63-dbd0c24ae4dd,coder-01,64,2026-02-07 15:04:49.388,file_read,6,f
4f7a9405-0e6e-43f2-ba94-914a1f0920f7,a8ac446c-320e-4316-8b9b-62a329824eb4,coder-01,69,2026-02-07 15:04:49.398,file_read,15,f
9d92ee0b-77cc-46c7-bf69-6e72ae385157,1038a222-f5a4-4478-a33d-6f8600c39cf9,coder-01,45,2026-02-07 15:04:49.403,file_read,20,f
b2fde211-410d-4594-a107-13f4918125fc,084ef220-e275-4a6c-b06c-1a260e534ac8,coder-01,61,2026-02-07 15:04:49.409,file_read,27,f
80f083f2-c28d-4f77-8f3e-80f2560b5526,6f1c08c4-4c4d-4b1d-b633-03e4cb19959f,coder-01,38,2026-02-07 15:04:49.415,file_read,32,f
810edd3d-a4ce-4a76-8520-5d11d030b4f4,beed8ccf-2c5d-441f-95dd-806b872fe53c,coder-01,32,2026-02-07 15:04:49.421,file_read,38,f
b4ba0f59-56b1-43b6-a983-82f3c10c7dee,9417edd2-7b5f-49ca-89a5-82d6fee8a352,coder-01,27,2026-02-07 15:04:49.426,file_read,44,f
a2eb93fd-98bd-47d3-90ef-f6d92379d470,81e1c774-e480-4e12-8c75-69a7c8c3ef0d,coder-01,20,2026-02-07 15:04:49.432,file_read,49,f
32552ff4-a142-46fd-b9cb-3a921babd6da,5fa9383e-1a10-40e6-b969-413b49a03701,coder-01,29,2026-02-07 15:04:49.437,file_read,54,f
7b10598e-cf44-4d86-a590-b49a5ac7e9c3,6e518895-3fd2-4603-9656-84d8d69024ad,coder-01,14,2026-02-07 15:04:49.442,file_read,59,f
b9c6da34-3427-424d-9f4d-692af088e75b,ef9983a2-ffea-4066-a718-01dfc5d3cb91,coder-01,8,2026-02-07 15:04:49.447,file_read,64,f
af2c8adc-ef48-4af3-b48b-0698407f89b7,55dca8b0-41ac-485a-bd87-c5c7073bc1a1,coder-01,10,2026-02-07 15:04:49.453,file_read,71,f
d6038a31-4a0b-4df3-b70f-a7f764df8b3e,e5e43ce0-c924-4e6e-8024-309237a67457,coder-01,3,2026-02-07 15:04:49.459,file_read,76,f
fcde2966-8d76-4b83-9c06-e6b65d076360,aa60af2a-e036-4e95-ab63-dbd0c24ae4dd,coder-01,65,2026-02-07 15:04:55.56,file_write,7,f
76da4846-1c68-40c2-92b2-33bdd56f8b35,a8ac446c-320e-4316-8b9b-62a329824eb4,coder-01,70,2026-02-07 15:04:55.57,file_write,18,f
69b8e4c8-14a1-4b57-acb2-611a8b7b426f,1038a222-f5a4-4478-a33d-6f8600c39cf9,coder-01,46,2026-02-07 15:04:55.575,file_write,23,f
129dab80-474c-4e8c-8547-b3f231c8f59f,084ef220-e275-4a6c-b06c-1a260e534ac8,coder-01,62,2026-02-07 15:04:55.58,file_write,28,f
127034c9-7c49-4bed-9875-e8577aacc396,6f1c08c4-4c4d-4b1d-b633-03e4cb19959f,coder-01,39,2026-02-07 15:04:55.585,file_write,34,f
3e8a9b56-7d3d-4f83-bcc5-c9cb61c33601,aa60af2a-e036-4e95-ab63-dbd0c24ae4dd,coder-01,67,2026-02-07 15:05:10.867,file_write,6,f
51370c95-a529-482c-b207-32ddd8f15b7e,beed8ccf-2c5d-441f-95dd-806b872fe53c,coder-01,33,2026-02-07 15:04:55.591,file_write,39,f
d07acc58-d457-4a54-8799-147bc1cd1ae5,9417edd2-7b5f-49ca-89a5-82d6fee8a352,coder-01,28,2026-02-07 15:04:55.597,file_write,45,f
60587224-07fe-4b49-aa7a-8de16d4ac338,81e1c774-e480-4e12-8c75-69a7c8c3ef0d,coder-01,21,2026-02-07 15:04:55.602,file_write,50,f
ab3538f4-d570-4908-86c6-7d2cd61b2cc7,5fa9383e-1a10-40e6-b969-413b49a03701,coder-01,30,2026-02-07 15:04:55.607,file_write,56,f
af7bc8f7-3f7b-421f-9223-2fcf71b6617b,6e518895-3fd2-4603-9656-84d8d69024ad,coder-01,15,2026-02-07 15:04:55.613,file_write,61,f
20d0eb4c-edbb-4191-b69f-6e243c32fdcc,ef9983a2-ffea-4066-a718-01dfc5d3cb91,coder-01,9,2026-02-07 15:04:55.618,file_write,66,f
75e1c534-f67b-4f03-af1e-c9d8ec8179fe,55dca8b0-41ac-485a-bd87-c5c7073bc1a1,coder-01,11,2026-02-07 15:04:55.623,file_write,71,f
feea6449-e995-4524-a3cf-e0ea8726fbdd,e5e43ce0-c924-4e6e-8024-309237a67457,coder-01,4,2026-02-07 15:04:55.627,file_write,76,f
7c95b0da-baba-419d-a661-00e14a78342d,aa60af2a-e036-4e95-ab63-dbd0c24ae4dd,coder-01,66,2026-02-07 15:04:58.971,shell_run,1214,f
7b066195-0dcd-403f-9e23-52f3ac430a9a,a8ac446c-320e-4316-8b9b-62a329824eb4,coder-01,71,2026-02-07 15:04:58.976,shell_run,1220,f
846a7df6-ffbc-486b-bbec-7d0aa903926e,1038a222-f5a4-4478-a33d-6f8600c39cf9,coder-01,47,2026-02-07 15:04:58.981,shell_run,1225,f
c8467903-f1b7-4684-b505-2fc6a098d7c0,a8ac446c-320e-4316-8b9b-62a329824eb4,coder-01,72,2026-02-07 15:05:10.877,file_write,15,f
686a3a17-f804-4734-b1fd-69938c418897,084ef220-e275-4a6c-b06c-1a260e534ac8,coder-01,116,2026-02-07 15:15:40.931,file_read,39,f
871c371d-59e4-499a-bac6-4d20b33a9f4d,084ef220-e275-4a6c-b06c-1a260e534ac8,coder-01,63,2026-02-07 15:04:58.987,shell_run,1230,f
4303338a-b60a-4bf1-943a-212d3122ea64,6f1c08c4-4c4d-4b1d-b633-03e4cb19959f,coder-01,40,2026-02-07 15:04:58.993,shell_run,1236,f
96642969-23c8-4946-9c6b-9ed0b0544415,beed8ccf-2c5d-441f-95dd-806b872fe53c,coder-01,34,2026-02-07 15:04:58.999,shell_run,1243,f
59327fbe-b1e6-4b33-8206-09d974e0b758,9417edd2-7b5f-49ca-89a5-82d6fee8a352,coder-01,29,2026-02-07 15:04:59.005,shell_run,1249,f
91b164ad-18ea-40e3-83ac-60ba1b4da104,81e1c774-e480-4e12-8c75-69a7c8c3ef0d,coder-01,22,2026-02-07 15:04:59.011,shell_run,1254,f
6a74f468-caf4-439e-a5a6-200bb2ed0452,5fa9383e-1a10-40e6-b969-413b49a03701,coder-01,31,2026-02-07 15:04:59.017,shell_run,1260,f
1654df2e-7e99-4cb3-9136-55a55c329a70,6e518895-3fd2-4603-9656-84d8d69024ad,coder-01,16,2026-02-07 15:04:59.023,shell_run,1267,f
e615b9ed-3d8d-49e9-b22a-79162207d0e3,ef9983a2-ffea-4066-a718-01dfc5d3cb91,coder-01,10,2026-02-07 15:04:59.029,shell_run,1272,f
87ad64c8-c5a6-48df-ae68-56666ba29811,55dca8b0-41ac-485a-bd87-c5c7073bc1a1,coder-01,12,2026-02-07 15:04:59.034,shell_run,1277,f
8f294ed5-6c9e-48cb-8206-f67b1ee143f9,e5e43ce0-c924-4e6e-8024-309237a67457,coder-01,5,2026-02-07 15:04:59.039,shell_run,1283,f
171bfe73-3b81-409b-8baf-127baa78a935,e5e43ce0-c924-4e6e-8024-309237a67457,coder-01,6,2026-02-07 15:05:02.581,"the action to take, only one name of [file_read, file_write, file_edit, file_list, shell_run, code_search, find_file], just the name, exactly as it's written.",,f
595bb738-da41-4914-9de7-ea8c899f2652,1038a222-f5a4-4478-a33d-6f8600c39cf9,coder-01,48,2026-02-07 15:05:10.882,file_write,21,f
fab42421-8e32-4faf-999b-17588bdf1719,084ef220-e275-4a6c-b06c-1a260e534ac8,coder-01,64,2026-02-07 15:05:10.888,file_write,26,f
0b1a081d-b0b4-4628-9a35-1a6b0227ddaa,6f1c08c4-4c4d-4b1d-b633-03e4cb19959f,coder-01,41,2026-02-07 15:05:10.892,file_write,31,f
629ae014-99ad-4816-ae76-61d8769a41c2,beed8ccf-2c5d-441f-95dd-806b872fe53c,coder-01,35,2026-02-07 15:05:10.898,file_write,37,f
9575d7f6-fa8f-4758-b823-4302e096cec9,9417edd2-7b5f-49ca-89a5-82d6fee8a352,coder-01,30,2026-02-07 15:05:10.903,file_write,42,f
968eade0-54cd-4f3d-aaaf-e5b880eeda7d,81e1c774-e480-4e12-8c75-69a7c8c3ef0d,coder-01,23,2026-02-07 15:05:10.908,file_write,47,f
1f166cec-1928-423a-bab5-a1151dd17fcd,5fa9383e-1a10-40e6-b969-413b49a03701,coder-01,32,2026-02-07 15:05:10.913,file_write,52,f
305cf02f-54a2-4fb4-b9b8-e5f706e57d1c,6e518895-3fd2-4603-9656-84d8d69024ad,coder-01,17,2026-02-07 15:05:10.918,file_write,57,f
8c6d87bb-7731-4980-b9ab-217125118ca4,ef9983a2-ffea-4066-a718-01dfc5d3cb91,coder-01,11,2026-02-07 15:05:10.922,file_write,61,f
96084c8a-67e2-4c90-8c7a-e07150f0904f,55dca8b0-41ac-485a-bd87-c5c7073bc1a1,coder-01,13,2026-02-07 15:05:10.927,file_write,66,f
e8ca746e-1573-41e4-81e4-1a9e2c51b48a,e5e43ce0-c924-4e6e-8024-309237a67457,coder-01,8,2026-02-07 15:05:10.932,file_write,71,f
defc9db9-3248-49b6-833e-a757b44e1aca,d32011bb-9a16-4348-9df1-0b7570d92386,coder-01,1,2026-02-07 15:05:10.937,file_write,76,f
0987d76a-4609-4efa-8afa-6c2b37753bd9,aa60af2a-e036-4e95-ab63-dbd0c24ae4dd,coder-01,68,2026-02-07 15:05:13.684,shell_run,0,f
f3c68802-fce9-4bd5-b83f-0cf6c9baa5e6,a8ac446c-320e-4316-8b9b-62a329824eb4,coder-01,73,2026-02-07 15:05:13.694,shell_run,10,f
886879d1-e093-44a4-98c1-99c01802507c,1038a222-f5a4-4478-a33d-6f8600c39cf9,coder-01,49,2026-02-07 15:05:13.699,shell_run,15,f
b3ebf49f-6f40-4533-9935-ec5ab3fd5a9f,084ef220-e275-4a6c-b06c-1a260e534ac8,coder-01,65,2026-02-07 15:05:13.704,shell_run,20,f
cecbae02-f34b-411f-8835-1fb8d64a6c36,6f1c08c4-4c4d-4b1d-b633-03e4cb19959f,coder-01,42,2026-02-07 15:05:13.71,shell_run,26,f
29388c3d-537f-4e93-9497-ecc25c71141c,beed8ccf-2c5d-441f-95dd-806b872fe53c,coder-01,36,2026-02-07 15:05:13.714,shell_run,31,f
f59853b1-b795-45b3-8d8a-34fdcc18aafb,9417edd2-7b5f-49ca-89a5-82d6fee8a352,coder-01,31,2026-02-07 15:05:13.72,shell_run,35,f
e215159e-fd51-4ea8-a6ca-98ed96ab0533,81e1c774-e480-4e12-8c75-69a7c8c3ef0d,coder-01,24,2026-02-07 15:05:13.725,shell_run,40,f
eb4a9698-69d4-419f-8481-d6cfbd871627,5fa9383e-1a10-40e6-b969-413b49a03701,coder-01,33,2026-02-07 15:05:13.729,shell_run,46,f
15e7c6be-b4ce-4bad-a7ac-acd8a92203f0,6e518895-3fd2-4603-9656-84d8d69024ad,coder-01,18,2026-02-07 15:05:13.734,shell_run,50,f
d9e97d04-23c5-4ed9-9602-d753e90ff2b1,d32011bb-9a16-4348-9df1-0b7570d92386,coder-01,9,2026-02-07 15:06:03.721,unknown,,f
a7d12382-3d70-461a-a9af-e20cb869693a,ef9983a2-ffea-4066-a718-01dfc5d3cb91,coder-01,12,2026-02-07 15:05:13.739,shell_run,55,f
5d268006-87d0-42ee-9b31-9ebbac62fa28,55dca8b0-41ac-485a-bd87-c5c7073bc1a1,coder-01,14,2026-02-07 15:05:13.744,shell_run,60,f
5f480ac1-67f4-48c6-b879-62b114e9a679,e5e43ce0-c924-4e6e-8024-309237a67457,coder-01,9,2026-02-07 15:05:13.749,shell_run,65,f
4c98c9a8-bf38-463c-afc9-be144ba4daa7,d32011bb-9a16-4348-9df1-0b7570d92386,coder-01,2,2026-02-07 15:05:13.754,shell_run,70,f
cd5f04e6-600d-4901-b8e9-31cd75960e4c,aa60af2a-e036-4e95-ab63-dbd0c24ae4dd,coder-01,69,2026-02-07 15:05:16.345,shell_run,0,f
fd769332-d894-49e3-914a-d9ff5be25131,a8ac446c-320e-4316-8b9b-62a329824eb4,coder-01,74,2026-02-07 15:05:16.356,shell_run,11,f
63cc4b5e-1319-495f-8566-605fe595238b,1038a222-f5a4-4478-a33d-6f8600c39cf9,coder-01,50,2026-02-07 15:05:16.362,shell_run,18,f
d93f3700-d2fb-4c8d-b1ba-84bcf5f0577a,084ef220-e275-4a6c-b06c-1a260e534ac8,coder-01,66,2026-02-07 15:05:16.369,shell_run,25,f
14b841ff-09db-4fd4-96aa-909053610f9e,6f1c08c4-4c4d-4b1d-b633-03e4cb19959f,coder-01,43,2026-02-07 15:05:16.375,shell_run,31,f
cf239a19-c27e-4828-88ec-665eb7918017,beed8ccf-2c5d-441f-95dd-806b872fe53c,coder-01,37,2026-02-07 15:05:16.381,shell_run,37,f
1cbe6651-a356-49c8-8c5e-d58c86002e12,9417edd2-7b5f-49ca-89a5-82d6fee8a352,coder-01,32,2026-02-07 15:05:16.387,shell_run,43,f
672bbc95-3a24-4980-a7a3-d5a29c729d8e,81e1c774-e480-4e12-8c75-69a7c8c3ef0d,coder-01,25,2026-02-07 15:05:16.391,shell_run,48,f
9f7efb6d-f512-4b26-bbb6-da648ee4a3a1,5fa9383e-1a10-40e6-b969-413b49a03701,coder-01,34,2026-02-07 15:05:16.397,shell_run,53,f
248987d4-1c56-4bd4-b4f9-260654d4db31,6e518895-3fd2-4603-9656-84d8d69024ad,coder-01,19,2026-02-07 15:05:16.402,shell_run,58,f
8db041f9-3918-405f-9d46-7edd09a4427c,ef9983a2-ffea-4066-a718-01dfc5d3cb91,coder-01,13,2026-02-07 15:05:16.407,shell_run,63,f
6d2eb980-0f84-47db-b402-7aae4e4a6b3b,55dca8b0-41ac-485a-bd87-c5c7073bc1a1,coder-01,15,2026-02-07 15:05:16.411,shell_run,68,f
7e3dc1db-bd16-4cbc-bb87-3695e8723c18,e5e43ce0-c924-4e6e-8024-309237a67457,coder-01,10,2026-02-07 15:05:16.416,shell_run,73,f
a6a22a47-fdc6-4595-94f5-c140dc8d6cce,d32011bb-9a16-4348-9df1-0b7570d92386,coder-01,3,2026-02-07 15:05:16.421,shell_run,77,f
744d3b75-5eae-41ad-bb42-734225abb2a8,aa60af2a-e036-4e95-ab63-dbd0c24ae4dd,coder-01,71,2026-02-07 15:05:49.754,shell_run,1197,f
190d7731-998a-47f5-b24a-68105f048e6a,a8ac446c-320e-4316-8b9b-62a329824eb4,coder-01,76,2026-02-07 15:05:49.761,shell_run,1207,f
881e70c2-d893-496c-bb30-112139c3c09f,aa60af2a-e036-4e95-ab63-dbd0c24ae4dd,coder-01,70,2026-02-07 15:05:21.774,file_write,7,f
71cd163b-24d9-47f3-aa3a-048a0ee6d08e,a8ac446c-320e-4316-8b9b-62a329824eb4,coder-01,75,2026-02-07 15:05:21.78,file_write,12,f
dd0f8555-d5e4-4be4-9e51-17b722c5c26c,1038a222-f5a4-4478-a33d-6f8600c39cf9,coder-01,51,2026-02-07 15:05:21.785,file_write,18,f
1980ad47-3fae-4486-8ad8-244a97c9a183,084ef220-e275-4a6c-b06c-1a260e534ac8,coder-01,67,2026-02-07 15:05:21.791,file_write,23,f
52aed8e3-24d3-4c82-93fe-3ffc15c47d1b,6f1c08c4-4c4d-4b1d-b633-03e4cb19959f,coder-01,44,2026-02-07 15:05:21.796,file_write,29,f
71b6be2d-4a60-4949-bb9a-f32426717037,beed8ccf-2c5d-441f-95dd-806b872fe53c,coder-01,38,2026-02-07 15:05:21.801,file_write,34,f
27d60905-a0b7-47a4-8712-4cdf86b49558,9417edd2-7b5f-49ca-89a5-82d6fee8a352,coder-01,33,2026-02-07 15:05:21.807,file_write,40,f
46939785-1680-4d57-8a3d-07979969369d,81e1c774-e480-4e12-8c75-69a7c8c3ef0d,coder-01,26,2026-02-07 15:05:21.812,file_write,45,f
e375189c-b617-4238-a550-d8e6b71f5132,5fa9383e-1a10-40e6-b969-413b49a03701,coder-01,35,2026-02-07 15:05:21.817,file_write,50,f
214d59a3-887b-446c-bbfe-19bac4790f0a,6e518895-3fd2-4603-9656-84d8d69024ad,coder-01,20,2026-02-07 15:05:21.824,file_write,56,f
e4497982-b6c2-46ac-889e-af007948e3b0,ef9983a2-ffea-4066-a718-01dfc5d3cb91,coder-01,14,2026-02-07 15:05:21.83,file_write,63,f
fa5f783d-3959-45d7-854a-5f59f3dae812,55dca8b0-41ac-485a-bd87-c5c7073bc1a1,coder-01,16,2026-02-07 15:05:21.836,file_write,68,f
c48789c6-50bc-49f3-8fec-a6483c43e95d,e5e43ce0-c924-4e6e-8024-309237a67457,coder-01,11,2026-02-07 15:05:21.841,file_write,74,f
45ef4a91-846f-40a9-b644-5d1a7957e182,d32011bb-9a16-4348-9df1-0b7570d92386,coder-01,4,2026-02-07 15:05:21.847,file_write,80,f
08fa3362-b91d-42cb-9fad-967b1869eb50,1038a222-f5a4-4478-a33d-6f8600c39cf9,coder-01,52,2026-02-07 15:05:49.767,shell_run,1212,f
c8a5265f-2d3d-4749-8866-eb5dde61469d,084ef220-e275-4a6c-b06c-1a260e534ac8,coder-01,68,2026-02-07 15:05:49.772,shell_run,1218,f
4ecc36ab-5835-4c3e-8b7b-6c462f43e962,6f1c08c4-4c4d-4b1d-b633-03e4cb19959f,coder-01,45,2026-02-07 15:05:49.778,shell_run,1223,f
2d7a8472-40cb-4062-9672-2e7e0bba96e1,beed8ccf-2c5d-441f-95dd-806b872fe53c,coder-01,39,2026-02-07 15:05:49.783,shell_run,1229,f
1555e4da-a0a0-4ec8-8586-17d91cbd1394,9417edd2-7b5f-49ca-89a5-82d6fee8a352,coder-01,34,2026-02-07 15:05:49.789,shell_run,1234,f
59734e6f-b675-4217-ac74-e5c53b15ad79,81e1c774-e480-4e12-8c75-69a7c8c3ef0d,coder-01,27,2026-02-07 15:05:49.794,shell_run,1240,f
40311a41-8da2-4573-96dc-2a3c51cb19e9,5fa9383e-1a10-40e6-b969-413b49a03701,coder-01,36,2026-02-07 15:05:49.8,shell_run,1245,f
05a16e68-042c-457b-924c-61670aedc144,6e518895-3fd2-4603-9656-84d8d69024ad,coder-01,21,2026-02-07 15:05:49.806,shell_run,1251,f
3dfe6154-1b55-433d-a1d2-40e1273136b4,ef9983a2-ffea-4066-a718-01dfc5d3cb91,coder-01,15,2026-02-07 15:05:49.812,shell_run,1258,f
f2ea0eb8-92bc-4876-abb7-b30c78e3ab95,55dca8b0-41ac-485a-bd87-c5c7073bc1a1,coder-01,17,2026-02-07 15:05:49.819,shell_run,1264,f
3331713c-f4ae-4724-9a00-fe6ee0e08574,e5e43ce0-c924-4e6e-8024-309237a67457,coder-01,12,2026-02-07 15:05:49.826,shell_run,1271,f
dd2aeed9-3dfb-41bc-80dc-0cdfcd901df9,d32011bb-9a16-4348-9df1-0b7570d92386,coder-01,5,2026-02-07 15:05:49.832,shell_run,1277,f
68de6c50-20e5-4852-80c7-5047534eae42,d32011bb-9a16-4348-9df1-0b7570d92386,coder-01,6,2026-02-07 15:06:03.697,"the action to take, only one name of [file_read, file_write, file_edit, file_list, shell_run, code_search, find_file], just the name, exactly as it's written.",,f
baa96bce-97fb-492b-9c75-0b20a77c78cc,d32011bb-9a16-4348-9df1-0b7570d92386,coder-01,7,2026-02-07 15:06:03.705,unknown,,f
82c9cb5a-41d0-437e-99ac-a6a19152eb09,d32011bb-9a16-4348-9df1-0b7570d92386,coder-01,8,2026-02-07 15:06:03.714,"the action to take, only one name of [file_read, file_write, file_edit, file_list, shell_run, code_search, find_file], just the name, exactly as it's written.",,f
8e7e58ae-489c-4417-a8f8-b0310ffcc7b6,d32011bb-9a16-4348-9df1-0b7570d92386,coder-01,10,2026-02-07 15:06:03.729,"the action to take, only one name of [file_read, file_write, file_edit, file_list, shell_run, code_search, find_file], just the name, exactly as it's written.",,f
b7f5a79b-f6c1-4635-820a-ecc49328b2c2,d32011bb-9a16-4348-9df1-0b7570d92386,coder-01,11,2026-02-07 15:06:03.736,unknown,,f
15eb23cc-787e-47b4-a3c2-f10d3a3482cf,d32011bb-9a16-4348-9df1-0b7570d92386,coder-01,12,2026-02-07 15:06:03.744,"' after 'Thought:'. I will do right next, and don't use a tool I have already used.",,f
263b1ed1-b348-4518-8dcb-bef4ed35a9cb,aa60af2a-e036-4e95-ab63-dbd0c24ae4dd,coder-01,72,2026-02-07 15:06:14.125,file_write,7,f
500c5966-89a4-4a11-9097-ba6788a319f8,a8ac446c-320e-4316-8b9b-62a329824eb4,coder-01,77,2026-02-07 15:06:14.136,file_write,19,f
f082e257-5fdc-44da-9731-4ddb4f2c08a4,1038a222-f5a4-4478-a33d-6f8600c39cf9,coder-01,53,2026-02-07 15:06:14.141,file_write,24,f
ce6bf04b-4818-4fca-851a-b6534b7fdeb0,084ef220-e275-4a6c-b06c-1a260e534ac8,coder-01,69,2026-02-07 15:06:14.147,file_write,30,f
a4ecc489-e3c7-4216-b543-5fb465938030,6f1c08c4-4c4d-4b1d-b633-03e4cb19959f,coder-01,46,2026-02-07 15:06:14.152,file_write,36,f
764d381a-c3a8-4734-a8b1-17b4445c05db,beed8ccf-2c5d-441f-95dd-806b872fe53c,coder-01,40,2026-02-07 15:06:14.158,file_write,41,f
3286bd90-8020-4f34-988a-f06ec3488c93,9417edd2-7b5f-49ca-89a5-82d6fee8a352,coder-01,35,2026-02-07 15:06:14.163,file_write,46,f
72764b52-4cc7-437a-bd6c-6fe6eaa824f1,81e1c774-e480-4e12-8c75-69a7c8c3ef0d,coder-01,28,2026-02-07 15:06:14.168,file_write,51,f
6c5ed2ae-6b2e-45ef-8c3e-ba75f4265c58,5fa9383e-1a10-40e6-b969-413b49a03701,coder-01,37,2026-02-07 15:06:14.173,file_write,56,f
1011811d-c900-4cde-90d2-475c52b94bf8,6e518895-3fd2-4603-9656-84d8d69024ad,coder-01,22,2026-02-07 15:06:14.178,file_write,61,f
bfc1d52c-26a2-42b6-bc59-b17105b7762a,ef9983a2-ffea-4066-a718-01dfc5d3cb91,coder-01,16,2026-02-07 15:06:14.182,file_write,66,f
9184e327-3c76-4d40-b6c2-a1b935bc955c,55dca8b0-41ac-485a-bd87-c5c7073bc1a1,coder-01,18,2026-02-07 15:06:14.187,file_write,71,f
5f7a5a34-66c8-486c-b892-6fda58c9eb49,e5e43ce0-c924-4e6e-8024-309237a67457,coder-01,13,2026-02-07 15:06:14.193,file_write,76,f
0f7339b0-1d97-43c6-a7ef-495e290fd267,d32011bb-9a16-4348-9df1-0b7570d92386,coder-01,13,2026-02-07 15:06:14.197,file_write,81,f
9017ec30-a343-45bf-af19-4ed665daa69a,02fe5464-ccc8-418c-8722-7301fb22420f,coder-01,1,2026-02-07 15:06:14.204,file_write,87,f
ac6eca55-72fd-4f28-b17b-87f6e01d7fd3,aa60af2a-e036-4e95-ab63-dbd0c24ae4dd,coder-01,73,2026-02-07 15:06:17.04,shell_run,0,f
dc9e7450-9ab9-4bd9-8aa3-6443b5f0e2b8,a8ac446c-320e-4316-8b9b-62a329824eb4,coder-01,78,2026-02-07 15:06:17.049,shell_run,9,f
eee0fc3c-dbf1-4404-9032-c8ca6b6c01e8,1038a222-f5a4-4478-a33d-6f8600c39cf9,coder-01,54,2026-02-07 15:06:17.055,shell_run,14,f
b6acc0a3-f182-421d-a1b5-0ce0b9faefbe,084ef220-e275-4a6c-b06c-1a260e534ac8,coder-01,70,2026-02-07 15:06:17.06,shell_run,20,f
2df844e6-9ee5-4cfd-8fa2-ddf4d2f11591,6f1c08c4-4c4d-4b1d-b633-03e4cb19959f,coder-01,47,2026-02-07 15:06:17.065,shell_run,25,f
6db8d88f-044b-4e74-bac7-4259f8b5510a,beed8ccf-2c5d-441f-95dd-806b872fe53c,coder-01,41,2026-02-07 15:06:17.072,shell_run,31,f
8f950fa9-11e6-4be4-a52a-e45c84080936,9417edd2-7b5f-49ca-89a5-82d6fee8a352,coder-01,36,2026-02-07 15:06:17.077,shell_run,37,f
f388d555-1f12-4994-a9b4-7a275276de6e,81e1c774-e480-4e12-8c75-69a7c8c3ef0d,coder-01,29,2026-02-07 15:06:17.082,shell_run,42,f
94f62d6f-9cef-4c91-a9ac-bf74688e0628,5fa9383e-1a10-40e6-b969-413b49a03701,coder-01,38,2026-02-07 15:06:17.087,shell_run,47,f
680b68d8-73b5-4062-8ff3-7c2f47935c51,6e518895-3fd2-4603-9656-84d8d69024ad,coder-01,23,2026-02-07 15:06:17.091,shell_run,51,f
ce2a3952-2918-4396-a85b-188afd113ad7,ef9983a2-ffea-4066-a718-01dfc5d3cb91,coder-01,17,2026-02-07 15:06:17.097,shell_run,56,f
3360b449-6359-4833-a673-1a38c298e533,55dca8b0-41ac-485a-bd87-c5c7073bc1a1,coder-01,19,2026-02-07 15:06:17.101,shell_run,61,f
773bb050-0936-43c0-9dd7-f5985ceccf90,e5e43ce0-c924-4e6e-8024-309237a67457,coder-01,14,2026-02-07 15:06:17.106,shell_run,66,f
8e16596f-9e60-4338-a4aa-68d82717c184,d32011bb-9a16-4348-9df1-0b7570d92386,coder-01,14,2026-02-07 15:06:17.112,shell_run,71,f
c0c36bf3-4930-4b6c-bfdb-65770e8d01a0,02fe5464-ccc8-418c-8722-7301fb22420f,coder-01,2,2026-02-07 15:06:17.117,shell_run,76,f
7cfe7ef9-3b61-40ca-a1f8-bca4a0cfbcbd,aa60af2a-e036-4e95-ab63-dbd0c24ae4dd,coder-01,74,2026-02-07 15:06:23.75,file_write,8,f
b60de9f2-9dae-49b5-b004-814d19e044ed,a8ac446c-320e-4316-8b9b-62a329824eb4,coder-01,79,2026-02-07 15:06:23.761,file_write,19,f
c523fb39-5320-4486-b76e-b3a7441473a1,6f1c08c4-4c4d-4b1d-b633-03e4cb19959f,coder-01,93,2026-02-07 15:15:40.94,file_read,50,f
ea58670b-a556-4a5d-b6e6-ea5471683715,1038a222-f5a4-4478-a33d-6f8600c39cf9,coder-01,55,2026-02-07 15:06:23.767,file_write,24,f
3d719912-c097-4130-b8f8-33df73c0d03d,084ef220-e275-4a6c-b06c-1a260e534ac8,coder-01,71,2026-02-07 15:06:23.773,file_write,30,f
69475fca-890c-459b-80f1-375e2da0b5f4,6f1c08c4-4c4d-4b1d-b633-03e4cb19959f,coder-01,48,2026-02-07 15:06:23.779,file_write,37,f
9867281d-5ace-44d3-ab83-b9cc222f8fa8,beed8ccf-2c5d-441f-95dd-806b872fe53c,coder-01,42,2026-02-07 15:06:23.786,file_write,43,f
cabe3142-d1c8-4b48-909e-dd728d7c1649,9417edd2-7b5f-49ca-89a5-82d6fee8a352,coder-01,37,2026-02-07 15:06:23.79,file_write,49,f
8d211072-541c-45af-aff3-db2b7c32e91e,81e1c774-e480-4e12-8c75-69a7c8c3ef0d,coder-01,30,2026-02-07 15:06:23.796,file_write,53,f
00f9c099-46f8-4676-ae87-e00d23d56cf4,5fa9383e-1a10-40e6-b969-413b49a03701,coder-01,39,2026-02-07 15:06:23.801,file_write,58,f
491a30b1-52f1-451e-babe-31dbea752be1,6e518895-3fd2-4603-9656-84d8d69024ad,coder-01,24,2026-02-07 15:06:23.807,file_write,64,f
996a165b-b2f2-478a-8df6-92743f1fd396,ef9983a2-ffea-4066-a718-01dfc5d3cb91,coder-01,18,2026-02-07 15:06:23.812,file_write,70,f
d2ee3f1b-be02-4c20-8d53-7ad37058d3ed,aa60af2a-e036-4e95-ab63-dbd0c24ae4dd,coder-01,77,2026-02-07 15:06:49.218,shell_run,0,f
202c8da3-a0e8-458c-9a40-4966a7ff34bd,55dca8b0-41ac-485a-bd87-c5c7073bc1a1,coder-01,20,2026-02-07 15:06:23.817,file_write,75,f
c1ef3c11-9d5e-4854-9318-38939459aaa1,e5e43ce0-c924-4e6e-8024-309237a67457,coder-01,15,2026-02-07 15:06:23.822,file_write,80,f
2d4d62cf-2b62-4660-b2e3-a2afa3fa08d5,d32011bb-9a16-4348-9df1-0b7570d92386,coder-01,15,2026-02-07 15:06:23.827,file_write,85,f
321c1766-66f0-4e11-9cf5-0b82d2b0d6d6,02fe5464-ccc8-418c-8722-7301fb22420f,coder-01,3,2026-02-07 15:06:23.833,file_write,91,f
dad562aa-2245-47c5-9488-6dd3c89423d0,aa60af2a-e036-4e95-ab63-dbd0c24ae4dd,coder-01,75,2026-02-07 15:06:27.917,shell_run,1215,f
5d16590b-7403-4cb2-b9dc-86af354aae7c,a8ac446c-320e-4316-8b9b-62a329824eb4,coder-01,80,2026-02-07 15:06:27.923,shell_run,1221,f
1ced34d2-7ffa-4df3-a318-d7929c8ae8e6,1038a222-f5a4-4478-a33d-6f8600c39cf9,coder-01,56,2026-02-07 15:06:27.929,shell_run,1227,f
d9828555-e441-45aa-ae34-e6e03ce6d97b,084ef220-e275-4a6c-b06c-1a260e534ac8,coder-01,72,2026-02-07 15:06:27.935,shell_run,1234,f
bf97b6d3-0f5d-4b51-b21f-f0a77b13ccb3,6f1c08c4-4c4d-4b1d-b633-03e4cb19959f,coder-01,49,2026-02-07 15:06:27.94,shell_run,1239,f
58ce037e-abea-48cb-9a2f-f6bee77f9463,d32011bb-9a16-4348-9df1-0b7570d92386,coder-01,38,2026-02-07 15:11:18.519,file_write,97,f
d1990ca4-4980-4db5-a3df-653e34d90837,beed8ccf-2c5d-441f-95dd-806b872fe53c,coder-01,43,2026-02-07 15:06:27.946,shell_run,1244,f
e14e1374-86f7-4e31-a1fa-cdd1cb24d784,9417edd2-7b5f-49ca-89a5-82d6fee8a352,coder-01,38,2026-02-07 15:06:27.95,shell_run,1249,f
12d43311-cd30-45b6-8c5e-2130b268156d,81e1c774-e480-4e12-8c75-69a7c8c3ef0d,coder-01,31,2026-02-07 15:06:27.954,shell_run,1253,f
0d59f726-a637-4cc1-a431-acd94387f445,5fa9383e-1a10-40e6-b969-413b49a03701,coder-01,40,2026-02-07 15:06:27.96,shell_run,1258,f
044d1c07-fe2d-474e-8618-025e2d77df53,6e518895-3fd2-4603-9656-84d8d69024ad,coder-01,25,2026-02-07 15:06:27.964,shell_run,1263,f
d774f471-401f-49a5-9c99-e81df6b8fd04,ef9983a2-ffea-4066-a718-01dfc5d3cb91,coder-01,19,2026-02-07 15:06:27.969,shell_run,1267,f
da4138ec-615b-4bdc-9310-132733416b83,55dca8b0-41ac-485a-bd87-c5c7073bc1a1,coder-01,21,2026-02-07 15:06:27.974,shell_run,1272,f
b8ba1aa9-b3b5-40c9-8260-1d753ebaf41e,e5e43ce0-c924-4e6e-8024-309237a67457,coder-01,16,2026-02-07 15:06:27.978,shell_run,1277,f
c71edc38-08e7-449f-ad73-02ef7274d42a,d32011bb-9a16-4348-9df1-0b7570d92386,coder-01,16,2026-02-07 15:06:27.983,shell_run,1281,f
d8c835ff-9d70-4206-9830-c54ef33f839b,3935adc1-fbd7-4c68-b91d-79b864437873,qa-01,53,2026-02-12 14:59:33.165,"the action to take, should be one of [file_read, file_write, file_list, shell_run, code_search, find_file]",,f
78b8ecc2-5dae-40ab-bafd-09fd44a5b43c,02fe5464-ccc8-418c-8722-7301fb22420f,coder-01,4,2026-02-07 15:06:27.987,shell_run,1286,f
8f83edc0-b2da-4160-9293-afb0f71c4438,02fe5464-ccc8-418c-8722-7301fb22420f,coder-01,5,2026-02-07 15:06:31.577,"the action to take, only one name of [file_read, file_write, file_edit, file_list, shell_run, code_search, find_file], just the name, exactly as it's written.",,f
ba7a5c8e-fd73-43e6-9dcd-dbc513f9846e,02fe5464-ccc8-418c-8722-7301fb22420f,coder-01,6,2026-02-07 15:06:31.582,unknown,,f
81b7fa6f-b4a1-4e0e-986f-31cc9e44b38e,aa60af2a-e036-4e95-ab63-dbd0c24ae4dd,coder-01,76,2026-02-07 15:06:46.731,file_write,6,f
a89c43cc-9f02-4dac-9ee2-25f916ec9d99,a8ac446c-320e-4316-8b9b-62a329824eb4,coder-01,81,2026-02-07 15:06:46.742,file_write,16,f
0b822993-f92b-417b-a20f-b35ddc9c301f,1038a222-f5a4-4478-a33d-6f8600c39cf9,coder-01,57,2026-02-07 15:06:46.748,file_write,23,f
d22abcfd-97d8-49a4-8f80-01a7eee3cb10,084ef220-e275-4a6c-b06c-1a260e534ac8,coder-01,73,2026-02-07 15:06:46.754,file_write,28,f
9575c07a-ff47-441c-8c29-8cb1c64b294e,6f1c08c4-4c4d-4b1d-b633-03e4cb19959f,coder-01,50,2026-02-07 15:06:46.76,file_write,34,f
60b516b9-8e71-44dc-9671-99abb4dd05e8,beed8ccf-2c5d-441f-95dd-806b872fe53c,coder-01,44,2026-02-07 15:06:46.765,file_write,40,f
ad7c8e60-e87b-41d4-b112-76f75907b7e9,9417edd2-7b5f-49ca-89a5-82d6fee8a352,coder-01,39,2026-02-07 15:06:46.769,file_write,45,f
a2f4ee24-44f2-4705-8e7d-3bcdcd3c973c,81e1c774-e480-4e12-8c75-69a7c8c3ef0d,coder-01,32,2026-02-07 15:06:46.775,file_write,50,f
acc4f4cb-00ff-4a04-bab1-931050fcb0de,5fa9383e-1a10-40e6-b969-413b49a03701,coder-01,41,2026-02-07 15:06:46.78,file_write,55,f
ef3cd191-13c5-4d50-944d-12b664508b07,6e518895-3fd2-4603-9656-84d8d69024ad,coder-01,26,2026-02-07 15:06:46.785,file_write,60,f
11f44924-3084-4d5e-a9ae-ea04391b64e3,ef9983a2-ffea-4066-a718-01dfc5d3cb91,coder-01,20,2026-02-07 15:06:46.79,file_write,65,f
08ce3ef7-71cf-4884-a360-c2105777c548,55dca8b0-41ac-485a-bd87-c5c7073bc1a1,coder-01,22,2026-02-07 15:06:46.795,file_write,70,f
071903ba-6ace-40b2-b680-ea858ca15be0,e5e43ce0-c924-4e6e-8024-309237a67457,coder-01,17,2026-02-07 15:06:46.799,file_write,74,f
d1c9f5d4-f0a3-4fe5-8e47-3402fd4d5591,d32011bb-9a16-4348-9df1-0b7570d92386,coder-01,17,2026-02-07 15:06:46.804,file_write,79,f
a03a2927-9d83-4997-8d94-71b11a71bbf7,02fe5464-ccc8-418c-8722-7301fb22420f,coder-01,7,2026-02-07 15:06:46.811,file_write,85,f
1cc690fc-c1a0-4dd7-843d-b424a3484408,ebada532-ce60-4b9e-bbc6-3df28145bda2,coder-01,1,2026-02-07 15:06:46.816,file_write,91,f
a9b7c82b-d82b-4e63-ad2b-d5db6406d12c,d1a3ab9b-4da3-4a08-859f-be8a200569b1,coder-01,42,2026-02-13 11:36:19.093,shell_run,64,f
754d7fc1-89eb-4712-a15e-ef6259d27ac3,a8ac446c-320e-4316-8b9b-62a329824eb4,coder-01,82,2026-02-07 15:06:49.224,shell_run,6,f
8efff893-fab4-40ce-bbb1-56e22b00636b,1038a222-f5a4-4478-a33d-6f8600c39cf9,coder-01,58,2026-02-07 15:06:49.23,shell_run,12,f
5c14e4c4-8fb6-4aca-ad9f-64355a535411,084ef220-e275-4a6c-b06c-1a260e534ac8,coder-01,74,2026-02-07 15:06:49.235,shell_run,18,f
70d7f5e5-c708-4915-8f03-70998ddf5f1b,6f1c08c4-4c4d-4b1d-b633-03e4cb19959f,coder-01,51,2026-02-07 15:06:49.24,shell_run,23,f
1882e6f9-cba5-40b4-90ad-755de416c1d0,beed8ccf-2c5d-441f-95dd-806b872fe53c,coder-01,45,2026-02-07 15:06:49.246,shell_run,28,f
085c0e99-46fd-480f-87a4-4db85a518e5b,9417edd2-7b5f-49ca-89a5-82d6fee8a352,coder-01,40,2026-02-07 15:06:49.252,shell_run,33,f
59f0e658-87a9-4852-88f0-0ae24355fa79,81e1c774-e480-4e12-8c75-69a7c8c3ef0d,coder-01,33,2026-02-07 15:06:49.257,shell_run,39,f
8f4a053e-bd28-41de-b300-93036889fc5c,5fa9383e-1a10-40e6-b969-413b49a03701,coder-01,42,2026-02-07 15:06:49.262,shell_run,44,f
fec6d9e3-b125-4dda-858e-7eacbee9fd95,6e518895-3fd2-4603-9656-84d8d69024ad,coder-01,27,2026-02-07 15:06:49.267,shell_run,49,f
e459879f-8629-40b1-ae9b-f573b84ef52e,ef9983a2-ffea-4066-a718-01dfc5d3cb91,coder-01,21,2026-02-07 15:06:49.272,shell_run,54,f
7b55b6f2-9c09-42e8-9b37-9215066d74b1,55dca8b0-41ac-485a-bd87-c5c7073bc1a1,coder-01,23,2026-02-07 15:06:49.277,shell_run,59,f
b66e2146-7a21-4b29-9338-5a2a6fb41582,e5e43ce0-c924-4e6e-8024-309237a67457,coder-01,18,2026-02-07 15:06:49.282,shell_run,65,f
44a3cce9-8a8b-4158-8dd4-289658494b75,d32011bb-9a16-4348-9df1-0b7570d92386,coder-01,18,2026-02-07 15:06:49.287,shell_run,69,f
3801aeea-a03c-4103-8f5e-009bc7a1fee2,02fe5464-ccc8-418c-8722-7301fb22420f,coder-01,8,2026-02-07 15:06:49.291,shell_run,74,f
e5a4dc05-89b3-42a8-a874-24805befb6cf,ebada532-ce60-4b9e-bbc6-3df28145bda2,coder-01,2,2026-02-07 15:06:49.296,shell_run,79,f
93f85321-4a17-4921-bd95-87036e8eb8a1,a8ac446c-320e-4316-8b9b-62a329824eb4,coder-01,97,2026-02-07 15:10:04.126,file_list,32,f
8b0076bf-7298-4aa5-b2f7-a4cf2c825781,1038a222-f5a4-4478-a33d-6f8600c39cf9,coder-01,73,2026-02-07 15:10:04.132,file_list,38,f
4c886cae-c76f-4aba-8a33-c0300f1295c1,084ef220-e275-4a6c-b06c-1a260e534ac8,coder-01,89,2026-02-07 15:10:04.138,file_list,44,f
2e426a94-17da-4591-b2a5-5eb2fb109758,084ef220-e275-4a6c-b06c-1a260e534ac8,coder-01,93,2026-02-07 15:10:52.829,shell_run,2083,f
7962cabf-4092-4ae6-be3e-34b492fe7771,6f1c08c4-4c4d-4b1d-b633-03e4cb19959f,coder-01,70,2026-02-07 15:10:52.836,shell_run,2089,f
201ec982-b9cc-4c65-8ed3-af4fdd0376ee,beed8ccf-2c5d-441f-95dd-806b872fe53c,coder-01,64,2026-02-07 15:10:52.842,shell_run,2095,f
43531f7f-3439-4e7d-b026-d5ee2e1ee15e,9417edd2-7b5f-49ca-89a5-82d6fee8a352,coder-01,59,2026-02-07 15:10:52.849,shell_run,2102,f
0060c368-80c7-4186-95dd-f8dd9e4c49fe,81e1c774-e480-4e12-8c75-69a7c8c3ef0d,coder-01,52,2026-02-07 15:10:52.855,shell_run,2109,f
aa32e5e9-4a4a-41b9-bfa1-0e4d45620271,5fa9383e-1a10-40e6-b969-413b49a03701,coder-01,61,2026-02-07 15:10:52.861,shell_run,2114,f
a77dc17c-fb44-40ce-a20c-12fb35dadae4,02fe5464-ccc8-418c-8722-7301fb22420f,coder-01,28,2026-02-07 15:11:18.526,file_write,104,f
da8f3669-8cb7-4f55-bedd-8945190c4ab1,ebada532-ce60-4b9e-bbc6-3df28145bda2,coder-01,24,2026-02-07 15:11:18.531,file_write,110,f
fa6deeab-90da-4488-aeb0-b97706a57ad9,f89c597b-097d-4f1e-8bc4-5a4c0b16fb71,coder-01,8,2026-02-13 11:36:19.1,shell_run,70,f
a848dd38-6b52-44f9-90dd-12fd3151abf8,6e518895-3fd2-4603-9656-84d8d69024ad,coder-01,46,2026-02-07 15:10:52.867,shell_run,2120,f
d47efbf8-e12a-4de9-baff-da965a64651a,ef9983a2-ffea-4066-a718-01dfc5d3cb91,coder-01,40,2026-02-07 15:10:52.872,shell_run,2126,f
8c6b5508-8a73-407f-8439-0036bde4400f,55dca8b0-41ac-485a-bd87-c5c7073bc1a1,coder-01,42,2026-02-07 15:10:52.877,shell_run,2131,f
92241de9-ad57-40eb-baf1-c45a41114dab,e5e43ce0-c924-4e6e-8024-309237a67457,coder-01,37,2026-02-07 15:10:52.882,shell_run,2135,f
e8813778-f130-48e8-ba07-15fa520a55f5,d32011bb-9a16-4348-9df1-0b7570d92386,coder-01,37,2026-02-07 15:10:52.888,shell_run,2141,f
60f69d1b-7a89-4c2c-8693-7fb7aed0cb30,02fe5464-ccc8-418c-8722-7301fb22420f,coder-01,27,2026-02-07 15:10:52.893,shell_run,2147,f
66359bc1-19b0-44b4-b06b-b8d8da6705dc,c7f2d586-beb7-4040-991f-c36846d6682f,coder-01,34,2026-02-07 15:11:18.538,file_write,116,f
beae13b3-b0ce-4d28-93ed-88a323898be7,70634f1e-2098-42ac-8937-d458ecbf3c7f,coder-01,18,2026-02-07 15:11:18.543,file_write,122,f
340423e2-7857-4e17-9e41-934724d8efd0,5c4e8777-119d-41e3-acf0-411722b5a02c,coder-01,67,2026-02-13 11:36:24.254,shell_run,318,f
891fd04e-045f-4232-baba-970fb1d7e778,ebada532-ce60-4b9e-bbc6-3df28145bda2,coder-01,23,2026-02-07 15:10:52.898,shell_run,2152,f
725cbdc3-9f16-4c4d-8252-92b2dfb36977,c7f2d586-beb7-4040-991f-c36846d6682f,coder-01,33,2026-02-07 15:10:52.904,shell_run,2158,f
5fd4d217-a251-4762-8f9e-11e271808078,70634f1e-2098-42ac-8937-d458ecbf3c7f,coder-01,7,2026-02-07 15:10:52.909,shell_run,2163,f
1f6ccdab-c773-4590-a3d3-fcf05eb0e737,70634f1e-2098-42ac-8937-d458ecbf3c7f,coder-01,8,2026-02-07 15:11:09.287,"the action to take, only one name of [file_read, file_write, file_edit, file_list, shell_run, code_search, find_file], just the name, exactly as it's written.",,f
affd9847-924b-49fd-8aeb-bbdb57725684,70634f1e-2098-42ac-8937-d458ecbf3c7f,coder-01,9,2026-02-07 15:11:09.293,unknown,,f
93e034aa-3d96-4d35-ba2b-bc37571ff492,70634f1e-2098-42ac-8937-d458ecbf3c7f,coder-01,10,2026-02-07 15:11:09.299,"the action to take, only one name of [file_read, file_write, file_edit, file_list, shell_run, code_search, find_file], just the name, exactly as it's written.",,f
ab2cf04b-91f2-48b1-8ba6-dfe8ca7f24e2,70634f1e-2098-42ac-8937-d458ecbf3c7f,coder-01,11,2026-02-07 15:11:09.305,unknown,,f
72eb245d-5213-4edd-88d2-0649912da3e9,70634f1e-2098-42ac-8937-d458ecbf3c7f,coder-01,12,2026-02-07 15:11:09.311,"the action to take, only one name of [file_read, file_write, file_edit, file_list, shell_run, code_search, find_file], just the name, exactly as it's written.",,f
58523742-5cd6-4718-b973-0cbb0307d0bd,70634f1e-2098-42ac-8937-d458ecbf3c7f,coder-01,13,2026-02-07 15:11:09.318,unknown,,f
b744360b-25af-47f3-9a19-d88f1a996162,70634f1e-2098-42ac-8937-d458ecbf3c7f,coder-01,14,2026-02-07 15:11:09.325,"the action to take, only one name of [file_read, file_write, file_edit, file_list, shell_run, code_search, find_file], just the name, exactly as it's written.",,f
6bdfb4ec-26fe-4ccc-bd35-7e43c73a63a6,70634f1e-2098-42ac-8937-d458ecbf3c7f,coder-01,15,2026-02-07 15:11:09.331,unknown,,f
df177ab5-0c6e-409a-b4ff-047a29ffcc97,70634f1e-2098-42ac-8937-d458ecbf3c7f,coder-01,16,2026-02-07 15:11:09.373,"' after 'Thought:'. I will do right next, and don't use a tool I have already used.",,f
9014f86d-eec9-46a5-a509-f088d1c9c7e7,70634f1e-2098-42ac-8937-d458ecbf3c7f,coder-01,17,2026-02-07 15:11:09.38,"' after 'Thought:'. I will do right next, and don't use a tool I have already used.",,f
bb519849-47f9-495a-8f51-6c4d8e553313,70634f1e-2098-42ac-8937-d458ecbf3c7f,coder-01,3,2026-02-07 15:11:09.389,file_list,100,f
48b55581-cdea-4458-bd5c-452de0279322,70634f1e-2098-42ac-8937-d458ecbf3c7f,coder-01,4,2026-02-07 15:11:09.398,file_write,52,f
6faba574-21ca-4f96-a8a1-417ff704f407,70634f1e-2098-42ac-8937-d458ecbf3c7f,coder-01,5,2026-02-07 15:11:09.409,shell_run,46,f
87bf1158-0894-4cf8-b16b-0070ec3884e3,70634f1e-2098-42ac-8937-d458ecbf3c7f,coder-01,6,2026-02-07 15:11:09.424,file_edit,52,f
e2565baf-f0fe-4f5d-b345-6a63148ffb4b,aa60af2a-e036-4e95-ab63-dbd0c24ae4dd,coder-01,97,2026-02-07 15:11:18.432,file_write,9,f
2c58947b-18c7-4aff-820b-ba4ce1806b65,1012d0d2-dff7-467f-9a21-f8c7b0924075,coder-01,63,2026-02-13 11:36:24.265,shell_run,329,f
e4f09d37-4960-4fa2-beb9-7cca3de9cd57,a8ac446c-320e-4316-8b9b-62a329824eb4,coder-01,103,2026-02-07 15:11:20.899,shell_run,9,f
784743a4-cdeb-4be4-aa8c-dfd093ef391c,1038a222-f5a4-4478-a33d-6f8600c39cf9,coder-01,79,2026-02-07 15:11:20.904,shell_run,14,f
3388f093-3211-4c62-92e2-d771d846ade4,084ef220-e275-4a6c-b06c-1a260e534ac8,coder-01,95,2026-02-07 15:11:20.909,shell_run,19,f
60fb1368-ae71-4367-b9db-2559f16a6911,6f1c08c4-4c4d-4b1d-b633-03e4cb19959f,coder-01,72,2026-02-07 15:11:20.914,shell_run,24,f
f9219770-6f28-48b4-9f18-ff0493ac1372,beed8ccf-2c5d-441f-95dd-806b872fe53c,coder-01,66,2026-02-07 15:11:20.92,shell_run,30,f
45f41851-953f-45d3-a32a-735332cb1f48,9417edd2-7b5f-49ca-89a5-82d6fee8a352,coder-01,61,2026-02-07 15:11:20.925,shell_run,36,f
20cbc1e1-8e97-4930-8a3e-e5c84db40ffc,81e1c774-e480-4e12-8c75-69a7c8c3ef0d,coder-01,54,2026-02-07 15:11:20.932,shell_run,42,f
8b09ea23-2bd5-46c8-9ffe-5596b86b3cab,5fa9383e-1a10-40e6-b969-413b49a03701,coder-01,63,2026-02-07 15:11:20.936,shell_run,47,f
444ef7e4-a35c-474c-9300-64401191c427,6e518895-3fd2-4603-9656-84d8d69024ad,coder-01,48,2026-02-07 15:11:20.942,shell_run,52,f
2496d206-0188-4d1b-afd3-94e259c7f1d7,ef9983a2-ffea-4066-a718-01dfc5d3cb91,coder-01,42,2026-02-07 15:11:20.947,shell_run,57,f
281576f5-d2a8-453d-8635-9c6897a33d6b,55dca8b0-41ac-485a-bd87-c5c7073bc1a1,coder-01,44,2026-02-07 15:11:20.952,shell_run,62,f
311057d4-df33-440e-bc92-2f310b47a925,e5e43ce0-c924-4e6e-8024-309237a67457,coder-01,39,2026-02-07 15:11:20.957,shell_run,67,f
30a46e8e-e99b-42e1-a59e-6c95c2b341da,d32011bb-9a16-4348-9df1-0b7570d92386,coder-01,39,2026-02-07 15:11:20.962,shell_run,72,f
8901cc3a-c47f-4b7d-9e40-2738527c4e19,02fe5464-ccc8-418c-8722-7301fb22420f,coder-01,29,2026-02-07 15:11:20.967,shell_run,77,f
0360b380-25b8-4e69-b037-64427a496912,ebada532-ce60-4b9e-bbc6-3df28145bda2,coder-01,25,2026-02-07 15:11:20.972,shell_run,83,f
fa6be078-fc2f-4e25-b421-c534fb803fcd,c7f2d586-beb7-4040-991f-c36846d6682f,coder-01,35,2026-02-07 15:11:20.978,shell_run,88,f
315aea6a-3349-4ab5-b4e2-0bd4e5a41604,70634f1e-2098-42ac-8937-d458ecbf3c7f,coder-01,19,2026-02-07 15:11:20.983,shell_run,94,f
16b5e55f-9e3b-4434-92a4-eaa383b9cb87,5d77aefc-529c-4e39-97f6-fac611c88a2d,coder-01,2,2026-02-07 15:11:20.988,shell_run,98,f
e8255d4a-eaac-4a80-b3a9-88e6a1f7eda4,aa60af2a-e036-4e95-ab63-dbd0c24ae4dd,coder-01,99,2026-02-07 15:11:27.137,file_write,8,f
43c673a6-485e-483f-9307-b7b1960c481e,5d77aefc-529c-4e39-97f6-fac611c88a2d,coder-01,16,2026-02-07 15:14:19.832,"the action to take, only one name of [file_read, file_write, file_edit, file_list, shell_run, code_search, find_file], just the name, exactly as it's written.",,f
396d453c-be80-4d9f-b167-e4499b13f4c7,a8ac446c-320e-4316-8b9b-62a329824eb4,coder-01,104,2026-02-07 15:11:27.147,file_write,18,f
9bb949b9-24e2-4319-9788-36044d94e835,1038a222-f5a4-4478-a33d-6f8600c39cf9,coder-01,80,2026-02-07 15:11:27.153,file_write,24,f
e8556618-3c63-456e-a861-09bc79a244d2,084ef220-e275-4a6c-b06c-1a260e534ac8,coder-01,96,2026-02-07 15:11:27.159,file_write,31,f
aa004596-72e5-4878-a404-eede739db170,6f1c08c4-4c4d-4b1d-b633-03e4cb19959f,coder-01,73,2026-02-07 15:11:27.166,file_write,37,f
fa3ed7c4-705f-41c0-a7dd-fb5436a617ba,beed8ccf-2c5d-441f-95dd-806b872fe53c,coder-01,67,2026-02-07 15:11:27.172,file_write,43,f
f0a7ade7-e474-452d-9fc8-7177f722fbc3,9417edd2-7b5f-49ca-89a5-82d6fee8a352,coder-01,62,2026-02-07 15:11:27.177,file_write,48,f
544fa67a-a4eb-4f6a-b469-458b9b9a1f06,81e1c774-e480-4e12-8c75-69a7c8c3ef0d,coder-01,55,2026-02-07 15:11:27.183,file_write,55,f
59fade4e-cc0f-4c2b-851a-8ceddb3d27b8,5fa9383e-1a10-40e6-b969-413b49a03701,coder-01,64,2026-02-07 15:11:27.188,file_write,59,f
8c96b1a2-d8f5-4324-a3f1-0866f0b4895e,6e518895-3fd2-4603-9656-84d8d69024ad,coder-01,49,2026-02-07 15:11:27.194,file_write,65,f
2ec65a61-9e87-4185-8899-361a81fe58ee,ef9983a2-ffea-4066-a718-01dfc5d3cb91,coder-01,43,2026-02-07 15:11:27.198,file_write,70,f
c90482ac-7349-4a75-a877-30486045a80f,55dca8b0-41ac-485a-bd87-c5c7073bc1a1,coder-01,45,2026-02-07 15:11:27.203,file_write,75,f
699ddcf0-6d0d-412a-8fe0-de1d40369b16,e5e43ce0-c924-4e6e-8024-309237a67457,coder-01,40,2026-02-07 15:11:27.209,file_write,80,f
e8e5ada6-6cd6-4a0d-98b6-a3db333a9646,d32011bb-9a16-4348-9df1-0b7570d92386,coder-01,40,2026-02-07 15:11:27.213,file_write,85,f
436429cb-72fc-42ab-b606-42c47e12e144,02fe5464-ccc8-418c-8722-7301fb22420f,coder-01,30,2026-02-07 15:11:27.219,file_write,90,f
3b820671-75ba-4a76-91c6-f4fb438d17c1,ebada532-ce60-4b9e-bbc6-3df28145bda2,coder-01,26,2026-02-07 15:11:27.235,file_write,106,f
fd00db36-ac77-4cdb-a263-c6380f8c2c8f,c7f2d586-beb7-4040-991f-c36846d6682f,coder-01,36,2026-02-07 15:11:27.245,file_write,113,f
acd041b0-9e05-41ac-9a64-ec66b77dc848,70634f1e-2098-42ac-8937-d458ecbf3c7f,coder-01,20,2026-02-07 15:11:27.253,file_write,123,f
71dca45c-2359-482f-9e7b-4ac8944bcbbb,5d77aefc-529c-4e39-97f6-fac611c88a2d,coder-01,3,2026-02-07 15:11:27.262,file_write,132,f
1182bc91-7fab-4bec-87d5-930896dc8e75,aa60af2a-e036-4e95-ab63-dbd0c24ae4dd,coder-01,100,2026-02-07 15:11:34.639,file_edit,9,f
4bdc3542-d43a-4590-b845-ec71d5bda0f4,a8ac446c-320e-4316-8b9b-62a329824eb4,coder-01,105,2026-02-07 15:11:34.651,file_edit,22,f
8ce77a14-143d-4bdc-abd8-c6822ef80771,1038a222-f5a4-4478-a33d-6f8600c39cf9,coder-01,81,2026-02-07 15:11:34.659,file_edit,29,f
adc66cf7-0d26-4923-87ef-6b42f9ef116b,084ef220-e275-4a6c-b06c-1a260e534ac8,coder-01,97,2026-02-07 15:11:34.665,file_edit,35,f
f3c60e97-e0f9-4cf0-8fda-38c905026a36,6f1c08c4-4c4d-4b1d-b633-03e4cb19959f,coder-01,74,2026-02-07 15:11:34.671,file_edit,42,f
689c5e1c-88e8-45e6-9e60-d61b967b20f2,beed8ccf-2c5d-441f-95dd-806b872fe53c,coder-01,68,2026-02-07 15:11:34.677,file_edit,48,f
3af5da9b-035b-41a0-b243-05541baac584,9417edd2-7b5f-49ca-89a5-82d6fee8a352,coder-01,63,2026-02-07 15:11:34.682,file_edit,53,f
d2a8b9df-780a-46c8-9230-453878781cb3,81e1c774-e480-4e12-8c75-69a7c8c3ef0d,coder-01,56,2026-02-07 15:11:34.688,file_edit,59,f
15712d7d-e812-49ad-8f13-0d6396027f75,5fa9383e-1a10-40e6-b969-413b49a03701,coder-01,65,2026-02-07 15:11:34.695,file_edit,65,f
52a68b92-6f54-4148-8878-0d268115516f,5d77aefc-529c-4e39-97f6-fac611c88a2d,coder-01,17,2026-02-07 15:14:19.838,unknown,,f
99a35a6d-bcef-4846-a6bd-6abc9cb22e91,6e518895-3fd2-4603-9656-84d8d69024ad,coder-01,50,2026-02-07 15:11:34.701,file_edit,71,f
dd0469ec-bc0a-4bd4-bca2-ed99235a39d6,aa60af2a-e036-4e95-ab63-dbd0c24ae4dd,coder-01,103,2026-02-07 15:12:02.163,file_edit,10,f
b4d036fe-8b39-4646-a660-e53d89dd36cc,a8ac446c-320e-4316-8b9b-62a329824eb4,coder-01,108,2026-02-07 15:12:02.168,file_edit,15,f
35ed0947-f3e7-46f8-930e-ceffbcb6504d,1038a222-f5a4-4478-a33d-6f8600c39cf9,coder-01,84,2026-02-07 15:12:02.175,file_edit,21,f
552079f6-3248-4223-b1a7-ba406b3c08ef,084ef220-e275-4a6c-b06c-1a260e534ac8,coder-01,100,2026-02-07 15:12:02.18,file_edit,27,f
79d5bad7-173c-4862-a3e3-8dca885b2f15,6f1c08c4-4c4d-4b1d-b633-03e4cb19959f,coder-01,77,2026-02-07 15:12:02.185,file_edit,31,f
d408760f-92ee-4e7c-b293-eaec03349a93,beed8ccf-2c5d-441f-95dd-806b872fe53c,coder-01,71,2026-02-07 15:12:02.19,file_edit,36,f
ad1ecbef-c6bf-4772-b1b4-4e9b1aa96aea,9417edd2-7b5f-49ca-89a5-82d6fee8a352,coder-01,66,2026-02-07 15:12:02.194,file_edit,41,f
f4a78bea-d165-4b95-b44d-0892cce06e96,81e1c774-e480-4e12-8c75-69a7c8c3ef0d,coder-01,59,2026-02-07 15:12:02.199,file_edit,46,f
419a16f1-87ae-41da-bdfd-7d23248ea3bd,5fa9383e-1a10-40e6-b969-413b49a03701,coder-01,68,2026-02-07 15:12:02.204,file_edit,51,f
435f2704-f1f0-4769-ae26-8f9c74a32cbe,6e518895-3fd2-4603-9656-84d8d69024ad,coder-01,53,2026-02-07 15:12:02.21,file_edit,56,f
88922908-eed8-4d20-8011-c9cc52e98c6c,ef9983a2-ffea-4066-a718-01dfc5d3cb91,coder-01,47,2026-02-07 15:12:02.214,file_edit,61,f
1172d45d-d5f8-4a38-a7ff-9d6a49760878,55dca8b0-41ac-485a-bd87-c5c7073bc1a1,coder-01,49,2026-02-07 15:12:02.22,file_edit,67,f
6cb4f000-2e81-4768-835c-df1617f3f010,e5e43ce0-c924-4e6e-8024-309237a67457,coder-01,44,2026-02-07 15:12:02.225,file_edit,71,f
583750bf-c2bd-45fb-8bf3-4cc811a1a5db,d32011bb-9a16-4348-9df1-0b7570d92386,coder-01,44,2026-02-07 15:12:02.232,file_edit,78,f
76958ce7-91b2-42c5-84d5-1f0403c01272,02fe5464-ccc8-418c-8722-7301fb22420f,coder-01,34,2026-02-07 15:12:02.24,file_edit,87,f
16b4557e-51f5-42d7-8dbf-aef3f4b13421,ebada532-ce60-4b9e-bbc6-3df28145bda2,coder-01,30,2026-02-07 15:12:02.247,file_edit,93,f
a3333c8c-fe11-4482-956e-9b3c90edb877,c7f2d586-beb7-4040-991f-c36846d6682f,coder-01,40,2026-02-07 15:12:02.255,file_edit,100,f
2e8fa9a9-acbf-4418-9098-e09927948996,70634f1e-2098-42ac-8937-d458ecbf3c7f,coder-01,24,2026-02-07 15:12:02.262,file_edit,108,f
5ed86701-53d7-47dc-9dcc-78a6a48a0fd5,5d77aefc-529c-4e39-97f6-fac611c88a2d,coder-01,7,2026-02-07 15:12:02.269,file_edit,115,f
1150ec90-4d45-4a0a-bec0-7a06bdb34ad1,aa60af2a-e036-4e95-ab63-dbd0c24ae4dd,coder-01,104,2026-02-07 15:12:18.426,shell_run,1999,f
843fcfe7-ba3c-43a0-8a35-883d233f9507,a8ac446c-320e-4316-8b9b-62a329824eb4,coder-01,109,2026-02-07 15:12:18.436,shell_run,2009,f
3ff5e86e-a62d-4ef4-aaa3-5c807bf1e831,1038a222-f5a4-4478-a33d-6f8600c39cf9,coder-01,85,2026-02-07 15:12:18.442,shell_run,2015,f
2e19e19e-a771-4838-be6a-d83390e9dc63,084ef220-e275-4a6c-b06c-1a260e534ac8,coder-01,101,2026-02-07 15:12:18.447,shell_run,2020,f
99921167-9682-4614-9972-6af0212ee76c,6f1c08c4-4c4d-4b1d-b633-03e4cb19959f,coder-01,78,2026-02-07 15:12:18.452,shell_run,2026,f
6b1299e1-b9be-466f-a3b1-f1d6f0cfabb4,beed8ccf-2c5d-441f-95dd-806b872fe53c,coder-01,72,2026-02-07 15:12:18.458,shell_run,2031,f
d0779b6f-e268-433f-b0c4-eb71b67194c5,5d77aefc-529c-4e39-97f6-fac611c88a2d,coder-01,18,2026-02-07 15:14:19.846,"the action to take, only one name of [file_read, file_write, file_edit, file_list, shell_run, code_search, find_file], just the name, exactly as it's written.",,f
3bab8253-50d4-4519-8ace-52cac89e1b39,9417edd2-7b5f-49ca-89a5-82d6fee8a352,coder-01,67,2026-02-07 15:12:18.464,shell_run,2037,f
084ad4be-a1a2-4335-a634-ac5d910f8fe7,81e1c774-e480-4e12-8c75-69a7c8c3ef0d,coder-01,60,2026-02-07 15:12:18.47,shell_run,2043,f
09fb3d3c-3182-4657-a65f-44c80f595ce3,5fa9383e-1a10-40e6-b969-413b49a03701,coder-01,69,2026-02-07 15:12:18.475,shell_run,2049,f
48fcbbeb-4577-49ce-8cd7-91d3864c27af,6e518895-3fd2-4603-9656-84d8d69024ad,coder-01,54,2026-02-07 15:12:18.481,shell_run,2054,f
93fdbcb7-8eac-41e2-9052-bcf4c2c25b74,ef9983a2-ffea-4066-a718-01dfc5d3cb91,coder-01,48,2026-02-07 15:12:18.487,shell_run,2061,f
e7fd79aa-01c6-4dc2-97cd-9d78e0eac4fe,55dca8b0-41ac-485a-bd87-c5c7073bc1a1,coder-01,50,2026-02-07 15:12:18.493,shell_run,2066,f
e057f763-be83-44c4-ba71-3f59f42f2bcb,55dca8b0-41ac-485a-bd87-c5c7073bc1a1,coder-01,51,2026-02-07 15:12:22.924,file_list,114,f
9f0e2ba3-994c-4670-ad75-d88e8112d6ab,5d77aefc-529c-4e39-97f6-fac611c88a2d,coder-01,19,2026-02-07 15:14:19.851,unknown,,f
958fcae5-5156-423c-a81a-2d9fbd04df87,e5e43ce0-c924-4e6e-8024-309237a67457,coder-01,45,2026-02-07 15:12:18.498,shell_run,2071,f
daa83fcf-d72c-4663-b27f-22f954e70591,d32011bb-9a16-4348-9df1-0b7570d92386,coder-01,45,2026-02-07 15:12:18.503,shell_run,2077,f
b9688863-43e7-4631-9150-95ed074170a6,02fe5464-ccc8-418c-8722-7301fb22420f,coder-01,35,2026-02-07 15:12:18.509,shell_run,2082,f
b3bb0399-6ff3-41c3-b522-b8924132b697,ebada532-ce60-4b9e-bbc6-3df28145bda2,coder-01,31,2026-02-07 15:12:18.513,shell_run,2087,f
32b7c6c6-52b4-4465-8823-a7d8961dbabf,c7f2d586-beb7-4040-991f-c36846d6682f,coder-01,41,2026-02-07 15:12:18.52,shell_run,2093,f
ad53729a-d010-44ed-a246-1bcb6575c583,70634f1e-2098-42ac-8937-d458ecbf3c7f,coder-01,25,2026-02-07 15:12:18.528,shell_run,2100,f
a888a3c0-7b49-41f9-99a5-5c5ac4d190ad,e5e43ce0-c924-4e6e-8024-309237a67457,coder-01,46,2026-02-07 15:12:22.929,file_list,119,f
b12fe8d1-0141-4d5b-8791-99ccae2368fe,beed8ccf-2c5d-441f-95dd-806b872fe53c,coder-01,87,2026-02-07 15:15:40.95,file_read,60,f
8dcdeb01-0b86-4a56-a2da-069533a86f46,5d77aefc-529c-4e39-97f6-fac611c88a2d,coder-01,8,2026-02-07 15:12:18.533,shell_run,2107,f
68a49595-15ce-404f-92b6-dbd859f258cb,aa60af2a-e036-4e95-ab63-dbd0c24ae4dd,coder-01,105,2026-02-07 15:12:22.855,file_list,43,f
b6566ef5-7064-48d4-94df-c9ac8c50352b,a8ac446c-320e-4316-8b9b-62a329824eb4,coder-01,110,2026-02-07 15:12:22.868,file_list,57,f
17b502eb-3927-43d8-9573-bbaf47e296c2,1038a222-f5a4-4478-a33d-6f8600c39cf9,coder-01,86,2026-02-07 15:12:22.876,file_list,65,f
f0c86c4e-7d24-42e6-97f4-c2ac8f1b81d7,084ef220-e275-4a6c-b06c-1a260e534ac8,coder-01,102,2026-02-07 15:12:22.881,file_list,71,f
14fece35-9142-4f77-95eb-bc215344aed8,6f1c08c4-4c4d-4b1d-b633-03e4cb19959f,coder-01,79,2026-02-07 15:12:22.886,file_list,76,f
9d708340-7e27-4a01-9cbb-9a19425e5df9,beed8ccf-2c5d-441f-95dd-806b872fe53c,coder-01,73,2026-02-07 15:12:22.892,file_list,82,f
490e97e3-bd41-46db-9a10-8a67be50b9dc,9417edd2-7b5f-49ca-89a5-82d6fee8a352,coder-01,68,2026-02-07 15:12:22.898,file_list,88,f
5abe0bd4-0387-42e7-88fd-d758ba96164c,81e1c774-e480-4e12-8c75-69a7c8c3ef0d,coder-01,61,2026-02-07 15:12:22.904,file_list,93,f
0e160b8f-c7b5-43e4-ad8a-a5bff380eaaa,5fa9383e-1a10-40e6-b969-413b49a03701,coder-01,70,2026-02-07 15:12:22.909,file_list,99,f
0cc6b567-f1c3-4413-b52c-5e661af136f7,6e518895-3fd2-4603-9656-84d8d69024ad,coder-01,55,2026-02-07 15:12:22.914,file_list,104,f
e4899088-cf96-4913-92a6-860509468f94,ef9983a2-ffea-4066-a718-01dfc5d3cb91,coder-01,49,2026-02-07 15:12:22.919,file_list,109,f
008cbb07-b86f-463e-a6d3-a316db816a2e,02fe5464-ccc8-418c-8722-7301fb22420f,coder-01,40,2026-02-07 15:13:50.498,file_read,83,f
9b483a1a-4475-4f48-a9e6-ef92872621d2,d32011bb-9a16-4348-9df1-0b7570d92386,coder-01,46,2026-02-07 15:12:22.934,file_list,124,f
7a760375-35a5-4104-97a5-46781ae5cf21,02fe5464-ccc8-418c-8722-7301fb22420f,coder-01,36,2026-02-07 15:12:22.939,file_list,129,f
3670bf19-347e-459f-9774-4a8181b8db84,ebada532-ce60-4b9e-bbc6-3df28145bda2,coder-01,32,2026-02-07 15:12:22.944,file_list,135,f
80a88db7-6402-43af-b314-4bf0b7dca4a0,c7f2d586-beb7-4040-991f-c36846d6682f,coder-01,42,2026-02-07 15:12:22.949,file_list,139,f
9a8649f6-4027-4024-bc3b-92cb0d9f1916,70634f1e-2098-42ac-8937-d458ecbf3c7f,coder-01,26,2026-02-07 15:12:22.955,file_list,144,f
136e6d00-43e5-455c-acd8-f5e2b65b721b,5d77aefc-529c-4e39-97f6-fac611c88a2d,coder-01,9,2026-02-07 15:12:22.96,file_list,150,f
ec4e8c57-7665-48e9-aea7-9fa7b11e12d4,aa60af2a-e036-4e95-ab63-dbd0c24ae4dd,coder-01,106,2026-02-07 15:12:31.884,find_file,40,f
9090cde6-f464-4209-ad80-d2032d871541,a8ac446c-320e-4316-8b9b-62a329824eb4,coder-01,111,2026-02-07 15:12:31.893,find_file,50,f
a3866726-96e5-47c2-823d-4b2dc4c29410,1038a222-f5a4-4478-a33d-6f8600c39cf9,coder-01,87,2026-02-07 15:12:31.898,find_file,55,f
50e5559c-9b7b-4931-9c4a-ab8fbf594e95,084ef220-e275-4a6c-b06c-1a260e534ac8,coder-01,103,2026-02-07 15:12:31.904,find_file,60,f
8d3f7acd-618f-475f-bf5e-84f385594014,6f1c08c4-4c4d-4b1d-b633-03e4cb19959f,coder-01,80,2026-02-07 15:12:31.909,find_file,65,f
dcbed73f-c2a4-4422-87ec-7261b1d9c541,beed8ccf-2c5d-441f-95dd-806b872fe53c,coder-01,74,2026-02-07 15:12:31.913,find_file,70,f
34d104c1-a3a6-4d6c-9817-0856aaaf1493,9417edd2-7b5f-49ca-89a5-82d6fee8a352,coder-01,69,2026-02-07 15:12:31.918,find_file,75,f
9bc042ff-00f7-4dd9-93ac-da9c816ea45e,81e1c774-e480-4e12-8c75-69a7c8c3ef0d,coder-01,62,2026-02-07 15:12:31.923,find_file,79,f
b2f9c371-4ef5-4912-a18f-51e7a0fb4a11,5fa9383e-1a10-40e6-b969-413b49a03701,coder-01,71,2026-02-07 15:12:31.929,find_file,85,f
e027b695-cbf9-4470-904d-9918a7d6466e,6e518895-3fd2-4603-9656-84d8d69024ad,coder-01,56,2026-02-07 15:12:31.934,find_file,90,f
f84dfc8c-bcf6-4170-811d-637f1dc1dc44,ef9983a2-ffea-4066-a718-01dfc5d3cb91,coder-01,50,2026-02-07 15:12:31.939,find_file,96,f
91e021f8-a6b6-4de3-ac57-7f54f81a0f97,55dca8b0-41ac-485a-bd87-c5c7073bc1a1,coder-01,52,2026-02-07 15:12:31.945,find_file,101,f
0dc49fc3-70c3-46e4-bf26-63745179ca69,e5e43ce0-c924-4e6e-8024-309237a67457,coder-01,47,2026-02-07 15:12:31.95,find_file,107,f
656635e2-e569-48fb-a275-e5e50faef6de,d32011bb-9a16-4348-9df1-0b7570d92386,coder-01,47,2026-02-07 15:12:31.958,find_file,112,f
786e25c9-7c9f-4c7e-94ce-d32ffc51625d,02fe5464-ccc8-418c-8722-7301fb22420f,coder-01,37,2026-02-07 15:12:31.965,find_file,121,f
ea08ae1f-bb10-47f0-b241-65543ddd3f74,ebada532-ce60-4b9e-bbc6-3df28145bda2,coder-01,33,2026-02-07 15:12:31.971,find_file,127,f
b726abee-0b04-424e-97ee-b55fa0736bf6,c7f2d586-beb7-4040-991f-c36846d6682f,coder-01,43,2026-02-07 15:12:31.977,find_file,133,f
937524d6-a4dc-436e-a650-69eb7e23c72d,70634f1e-2098-42ac-8937-d458ecbf3c7f,coder-01,27,2026-02-07 15:12:31.983,find_file,139,f
e52f2079-5eeb-4610-90b9-ef476b68bad7,5d77aefc-529c-4e39-97f6-fac611c88a2d,coder-01,10,2026-02-07 15:12:31.988,find_file,144,f
8f4efa7f-f1f1-4515-9299-bf42fa58e579,ebada532-ce60-4b9e-bbc6-3df28145bda2,coder-01,36,2026-02-07 15:13:50.503,file_read,88,f
43caa286-2dd4-403a-9cae-7a3f7b00ab96,aa60af2a-e036-4e95-ab63-dbd0c24ae4dd,coder-01,107,2026-02-07 15:12:36.526,find_file,34,f
a67083db-117a-413f-b328-3ec481a94e9d,a8ac446c-320e-4316-8b9b-62a329824eb4,coder-01,112,2026-02-07 15:12:36.536,find_file,45,f
6554f9bd-e9e7-4a5c-9257-70af4f4380cd,1038a222-f5a4-4478-a33d-6f8600c39cf9,coder-01,88,2026-02-07 15:12:36.541,find_file,50,f
3384a90c-a6c3-4298-bee5-264fadca66fe,084ef220-e275-4a6c-b06c-1a260e534ac8,coder-01,104,2026-02-07 15:12:36.546,find_file,55,f
1d912393-3940-4dde-822f-537148b4f157,6f1c08c4-4c4d-4b1d-b633-03e4cb19959f,coder-01,81,2026-02-07 15:12:36.551,find_file,60,f
7461ce98-8f0e-4a31-889b-dd4044c802c3,beed8ccf-2c5d-441f-95dd-806b872fe53c,coder-01,75,2026-02-07 15:12:36.557,find_file,66,f
439ae5d4-3085-438c-a454-061b0dd03e34,c7f2d586-beb7-4040-991f-c36846d6682f,coder-01,46,2026-02-07 15:13:50.508,file_read,93,f
edfee9a2-b53e-413a-9568-b292b08af9ec,70634f1e-2098-42ac-8937-d458ecbf3c7f,coder-01,30,2026-02-07 15:13:50.513,file_read,98,f
38838738-143a-41e6-8ac4-c2503861c70a,3935adc1-fbd7-4c68-b91d-79b864437873,qa-01,54,2026-02-12 14:59:33.17,unknown,,f
d22dd988-2568-40d0-af1a-7d943fc455ce,9417edd2-7b5f-49ca-89a5-82d6fee8a352,coder-01,70,2026-02-07 15:12:36.562,find_file,71,f
c2a309b2-faca-44c4-b08b-19635e2cfb13,81e1c774-e480-4e12-8c75-69a7c8c3ef0d,coder-01,63,2026-02-07 15:12:36.566,find_file,76,f
736961a3-024b-4545-b23d-9fdf8a8fe3f3,5fa9383e-1a10-40e6-b969-413b49a03701,coder-01,72,2026-02-07 15:12:36.571,find_file,81,f
852935bc-bb82-4328-9d60-49bc19fd443f,6e518895-3fd2-4603-9656-84d8d69024ad,coder-01,57,2026-02-07 15:12:36.577,find_file,86,f
d9905e37-86e3-40bc-aba2-96f1d4b43759,ef9983a2-ffea-4066-a718-01dfc5d3cb91,coder-01,51,2026-02-07 15:12:36.582,find_file,91,f
4c463ba7-adde-4e37-bcbb-7d09968e1117,55dca8b0-41ac-485a-bd87-c5c7073bc1a1,coder-01,53,2026-02-07 15:12:36.587,find_file,96,f
d31c68d3-2ff1-433f-8d88-1e6cf82be277,5d77aefc-529c-4e39-97f6-fac611c88a2d,coder-01,13,2026-02-07 15:13:50.518,file_read,103,f
aef34a98-25d4-45f8-adaf-8cd2839c11b3,5d77aefc-529c-4e39-97f6-fac611c88a2d,coder-01,20,2026-02-07 15:14:19.859,"the action to take, only one name of [file_read, file_write, file_edit, file_list, shell_run, code_search, find_file], just the name, exactly as it's written.",,f
a3df7761-421e-4206-a072-67f47a013f87,5d77aefc-529c-4e39-97f6-fac611c88a2d,coder-01,21,2026-02-07 15:14:19.864,unknown,,f
dd9cb348-f9c2-44e0-bba0-d2c41c9495a0,77dc4b56-eb73-4241-b51c-290cbb175d6a,coder-01,22,2026-02-13 11:58:37.317,unknown,,f
5cfde958-656e-4b37-af9e-07234bf0a733,e5e43ce0-c924-4e6e-8024-309237a67457,coder-01,48,2026-02-07 15:12:36.592,find_file,101,f
138d076b-a1b2-4749-9e11-dac704443a81,d32011bb-9a16-4348-9df1-0b7570d92386,coder-01,48,2026-02-07 15:12:36.598,find_file,107,f
5eea05c3-f8aa-4cc0-942a-76c4e28da768,02fe5464-ccc8-418c-8722-7301fb22420f,coder-01,38,2026-02-07 15:12:36.604,find_file,113,f
bdb43af2-639c-4e5b-830c-43602a219709,ebada532-ce60-4b9e-bbc6-3df28145bda2,coder-01,34,2026-02-07 15:12:36.61,find_file,119,f
a0e7bf1a-af4a-45b8-bd5e-329f1f1e1c0f,c7f2d586-beb7-4040-991f-c36846d6682f,coder-01,44,2026-02-07 15:12:36.614,find_file,123,f
85a0c456-25a5-4f78-9f39-94c7fdbe5226,70634f1e-2098-42ac-8937-d458ecbf3c7f,coder-01,28,2026-02-07 15:12:36.62,find_file,128,f
cf31ee88-b946-48d9-a6e8-fcebd4394dfb,aa60af2a-e036-4e95-ab63-dbd0c24ae4dd,coder-01,110,2026-02-07 15:13:55.835,code_search,405,f
4a9671e5-b09f-4a49-a536-e515897d84e4,9417edd2-7b5f-49ca-89a5-82d6fee8a352,coder-01,82,2026-02-07 15:15:40.957,file_read,67,f
6efe8f49-213c-4d73-91f1-9a7190ee5f58,5d77aefc-529c-4e39-97f6-fac611c88a2d,coder-01,11,2026-02-07 15:12:36.625,find_file,134,f
044b4334-1c32-4fd9-9443-510180112139,aa60af2a-e036-4e95-ab63-dbd0c24ae4dd,coder-01,108,2026-02-07 15:12:41.316,file_read,8,f
1cf40a3c-72da-49a8-a543-2ea6b7d871e1,a8ac446c-320e-4316-8b9b-62a329824eb4,coder-01,113,2026-02-07 15:12:41.326,file_read,18,f
818a8ac4-df18-4ff1-ae05-dfb0bddf4ca4,1038a222-f5a4-4478-a33d-6f8600c39cf9,coder-01,89,2026-02-07 15:12:41.333,file_read,24,f
e17230fd-7558-4e11-80f9-1d4accf7fdfb,084ef220-e275-4a6c-b06c-1a260e534ac8,coder-01,105,2026-02-07 15:12:41.338,file_read,30,f
651797c1-3040-4774-87a9-10158182b533,6f1c08c4-4c4d-4b1d-b633-03e4cb19959f,coder-01,82,2026-02-07 15:12:41.343,file_read,35,f
152da8c4-9a8e-47cb-a3e0-9468ff6b2c38,aa60af2a-e036-4e95-ab63-dbd0c24ae4dd,coder-01,109,2026-02-07 15:13:50.422,file_read,7,f
209d119e-1e0e-48a8-918d-7f15c571c943,a8ac446c-320e-4316-8b9b-62a329824eb4,coder-01,114,2026-02-07 15:13:50.432,file_read,17,f
4321b830-09e5-4484-97f8-9d7e3c5299c5,1038a222-f5a4-4478-a33d-6f8600c39cf9,coder-01,90,2026-02-07 15:13:50.438,file_read,23,f
0e2788ae-4e52-4845-aeab-f9f5c6728104,084ef220-e275-4a6c-b06c-1a260e534ac8,coder-01,106,2026-02-07 15:13:50.444,file_read,28,f
37550818-2c93-4685-8826-e9986306a9e4,6f1c08c4-4c4d-4b1d-b633-03e4cb19959f,coder-01,83,2026-02-07 15:13:50.448,file_read,33,f
a67b27fb-9c04-4f5a-834c-3e50abe4da68,beed8ccf-2c5d-441f-95dd-806b872fe53c,coder-01,77,2026-02-07 15:13:50.455,file_read,40,f
45e46edb-4639-4009-87c9-144dd9f212dc,9417edd2-7b5f-49ca-89a5-82d6fee8a352,coder-01,72,2026-02-07 15:13:50.46,file_read,45,f
b9ee1092-dc1f-4507-b520-7bad071270fa,81e1c774-e480-4e12-8c75-69a7c8c3ef0d,coder-01,65,2026-02-07 15:13:50.464,file_read,49,f
3a3fbf3d-14da-49b2-be32-4ab895eead5e,5fa9383e-1a10-40e6-b969-413b49a03701,coder-01,74,2026-02-07 15:13:50.469,file_read,54,f
2012ccab-f9ed-4ef8-b953-aaef496735ac,6e518895-3fd2-4603-9656-84d8d69024ad,coder-01,59,2026-02-07 15:13:50.473,file_read,58,f
acbf5786-3d14-4aec-91c0-631dd5a91ac5,ef9983a2-ffea-4066-a718-01dfc5d3cb91,coder-01,53,2026-02-07 15:13:50.479,file_read,63,f
d439a62a-f1d6-4c6c-82b5-972c90242903,55dca8b0-41ac-485a-bd87-c5c7073bc1a1,coder-01,55,2026-02-07 15:13:50.484,file_read,69,f
88dc2753-51b3-4617-931f-a458b167f397,e5e43ce0-c924-4e6e-8024-309237a67457,coder-01,50,2026-02-07 15:13:50.489,file_read,74,f
0c631dd6-9992-405b-91bf-6782f8a2029a,d32011bb-9a16-4348-9df1-0b7570d92386,coder-01,50,2026-02-07 15:13:50.493,file_read,78,f
17b54afb-8d9a-4cd9-ac56-7b074cd09f68,6e518895-3fd2-4603-9656-84d8d69024ad,coder-01,61,2026-02-07 15:14:00.903,find_file,117,f
ae1e6505-15b3-4fb8-b3b6-326f27a303a7,a8ac446c-320e-4316-8b9b-62a329824eb4,coder-01,115,2026-02-07 15:13:55.846,code_search,416,f
d00bbb31-afae-4793-b15b-833c117c7466,1038a222-f5a4-4478-a33d-6f8600c39cf9,coder-01,91,2026-02-07 15:13:55.851,code_search,422,f
b19dfef5-2614-427c-a013-0cfd13c4fab8,084ef220-e275-4a6c-b06c-1a260e534ac8,coder-01,107,2026-02-07 15:13:55.857,code_search,428,f
3c9b9046-0033-4da8-81be-bcb2793d7d1a,6f1c08c4-4c4d-4b1d-b633-03e4cb19959f,coder-01,84,2026-02-07 15:13:55.863,code_search,433,f
ec012b29-067f-4242-91b3-3e4ffc61031f,beed8ccf-2c5d-441f-95dd-806b872fe53c,coder-01,78,2026-02-07 15:13:55.868,code_search,439,f
b2e00fb5-d7ce-463d-a709-459dcfc35f5e,9417edd2-7b5f-49ca-89a5-82d6fee8a352,coder-01,73,2026-02-07 15:13:55.873,code_search,444,f
03b9f5b0-6738-49d8-bd33-040fe7d23377,81e1c774-e480-4e12-8c75-69a7c8c3ef0d,coder-01,66,2026-02-07 15:13:55.878,code_search,449,f
f192b16a-959f-4469-aaca-fdecb3274703,5fa9383e-1a10-40e6-b969-413b49a03701,coder-01,75,2026-02-07 15:13:55.884,code_search,455,f
e0fc6e1d-c3dd-4cb5-b1f2-bfd11db5dc3d,6e518895-3fd2-4603-9656-84d8d69024ad,coder-01,60,2026-02-07 15:13:55.889,code_search,460,f
d69e0088-9dba-4ef4-a123-88bb27a1360e,ef9983a2-ffea-4066-a718-01dfc5d3cb91,coder-01,54,2026-02-07 15:13:55.895,code_search,466,f
58a19d0a-add4-49ca-8dd8-36aecd530bee,ef9983a2-ffea-4066-a718-01dfc5d3cb91,coder-01,55,2026-02-07 15:14:00.909,find_file,123,f
daf24b2e-c930-4476-802f-76aa7ae05bc5,55dca8b0-41ac-485a-bd87-c5c7073bc1a1,coder-01,57,2026-02-07 15:14:00.916,find_file,130,f
b1ec3d00-16af-4185-b11a-2e53815accf8,55dca8b0-41ac-485a-bd87-c5c7073bc1a1,coder-01,56,2026-02-07 15:13:55.9,code_search,471,f
0697bc69-15ce-4674-956d-cd07503a39d1,e5e43ce0-c924-4e6e-8024-309237a67457,coder-01,51,2026-02-07 15:13:55.904,code_search,476,f
014142c6-ddc2-4dd7-90d4-68002cbe1a0f,d32011bb-9a16-4348-9df1-0b7570d92386,coder-01,51,2026-02-07 15:13:55.909,code_search,480,f
ea4dc79f-f04f-46fe-b846-d229bea19d2f,02fe5464-ccc8-418c-8722-7301fb22420f,coder-01,41,2026-02-07 15:13:55.915,code_search,486,f
34dd8228-bb8b-48f4-81b2-5676c8ddc0f7,ebada532-ce60-4b9e-bbc6-3df28145bda2,coder-01,37,2026-02-07 15:13:55.921,code_search,492,f
346cb53d-5cdd-4fd8-8184-f7394118cd41,c7f2d586-beb7-4040-991f-c36846d6682f,coder-01,47,2026-02-07 15:13:55.926,code_search,497,f
99a5d497-c087-4b49-ab5f-34ad181d8924,70634f1e-2098-42ac-8937-d458ecbf3c7f,coder-01,31,2026-02-07 15:13:55.932,code_search,503,f
5f61ceb3-3043-466d-b625-1bca7f0eeb07,5d77aefc-529c-4e39-97f6-fac611c88a2d,coder-01,14,2026-02-07 15:13:55.937,code_search,508,f
5854dfb2-0fd5-4d7c-9e99-cafcfc0ffadb,aa60af2a-e036-4e95-ab63-dbd0c24ae4dd,coder-01,111,2026-02-07 15:14:00.848,find_file,62,f
e3a74da5-a7c3-4218-83d3-c1f0898149c3,a8ac446c-320e-4316-8b9b-62a329824eb4,coder-01,116,2026-02-07 15:14:00.855,find_file,69,f
004affb0-4ac3-4a22-85a4-1804e455c7d4,1038a222-f5a4-4478-a33d-6f8600c39cf9,coder-01,92,2026-02-07 15:14:00.863,find_file,75,f
97f89289-e4ce-477a-ae93-82d0762de2b7,084ef220-e275-4a6c-b06c-1a260e534ac8,coder-01,108,2026-02-07 15:14:00.868,find_file,83,f
194991e1-62e3-4cb1-9888-5d1cc89a0e8f,6f1c08c4-4c4d-4b1d-b633-03e4cb19959f,coder-01,85,2026-02-07 15:14:00.874,find_file,88,f
05ec833f-4f7b-47f8-93c6-ea4c221f1650,beed8ccf-2c5d-441f-95dd-806b872fe53c,coder-01,79,2026-02-07 15:14:00.879,find_file,94,f
3c35e285-9f8b-47da-a1c3-af6865fc43e2,9417edd2-7b5f-49ca-89a5-82d6fee8a352,coder-01,74,2026-02-07 15:14:00.885,find_file,100,f
10d820ee-1963-4f3e-a11d-3397920b5450,81e1c774-e480-4e12-8c75-69a7c8c3ef0d,coder-01,67,2026-02-07 15:14:00.891,find_file,105,f
8eb0b33d-2579-44a6-88a2-0f8b00c98998,5fa9383e-1a10-40e6-b969-413b49a03701,coder-01,76,2026-02-07 15:14:00.896,find_file,111,f
0603d30a-b1ef-4f5d-b817-6272d5214a32,5d77aefc-529c-4e39-97f6-fac611c88a2d,coder-01,22,2026-02-07 15:14:19.871,"the action to take, only one name of [file_read, file_write, file_edit, file_list, shell_run, code_search, find_file], just the name, exactly as it's written.",,f
5a819fb1-7cc2-4533-a33e-cb80d6990e4d,5d77aefc-529c-4e39-97f6-fac611c88a2d,coder-01,23,2026-02-07 15:14:19.876,unknown,,f
aabfaeb2-bc0d-47d5-a62e-c01d282512b5,5d77aefc-529c-4e39-97f6-fac611c88a2d,coder-01,24,2026-02-07 15:14:19.915,"the action to take, only one name of [file_read, file_write, file_edit, file_list, shell_run, code_search, find_file], just the name, exactly as it's written.",,f
566a0201-4190-420b-adcd-ab2884e0509a,5d77aefc-529c-4e39-97f6-fac611c88a2d,coder-01,25,2026-02-07 15:14:19.92,unknown,,f
9e1d7aa8-a850-4e9e-a729-c0b4fa8b7b86,5d77aefc-529c-4e39-97f6-fac611c88a2d,coder-01,26,2026-02-07 15:14:19.926,"the action to take, only one name of [file_read, file_write, file_edit, file_list, shell_run, code_search, find_file], just the name, exactly as it's written.",,f
ca1d69f1-ca27-4189-b31a-5b40b28a07b3,5d77aefc-529c-4e39-97f6-fac611c88a2d,coder-01,27,2026-02-07 15:14:19.932,unknown,,f
3762eea9-784f-4524-a3fa-0b177e0c2c8c,5d77aefc-529c-4e39-97f6-fac611c88a2d,coder-01,28,2026-02-07 15:14:19.939,"the action to take, only one name of [file_read, file_write, file_edit, file_list, shell_run, code_search, find_file], just the name, exactly as it's written.",,f
b2d6706c-3a26-4b68-a8ee-b09ee49af57c,5d77aefc-529c-4e39-97f6-fac611c88a2d,coder-01,29,2026-02-07 15:14:19.945,unknown,,f
f9c8c9bf-b468-4197-80f1-cdee8c6a0995,5d77aefc-529c-4e39-97f6-fac611c88a2d,coder-01,30,2026-02-07 15:14:19.953,"the action to take, only one name of [file_read, file_write, file_edit, file_list, shell_run, code_search, find_file], just the name, exactly as it's written.",,f
f58e0d89-4c99-461a-a55b-94d0ec47f6c2,5d77aefc-529c-4e39-97f6-fac611c88a2d,coder-01,31,2026-02-07 15:14:19.96,unknown,,f
df7c3f0b-8984-4968-a879-0d02fd5cb3ab,5d77aefc-529c-4e39-97f6-fac611c88a2d,coder-01,4,2026-02-07 15:14:19.966,file_edit,109,f
cb5a3167-8776-43a7-b9bd-85b079508ac4,5d77aefc-529c-4e39-97f6-fac611c88a2d,coder-01,5,2026-02-07 15:14:19.971,shell_run,39,f
892cd620-3323-4a6a-b6a1-90a0cf6a867d,5d77aefc-529c-4e39-97f6-fac611c88a2d,coder-01,6,2026-02-07 15:14:19.976,file_edit,58,f
244ad430-b41c-40d2-9540-6921772fe9e4,5d77aefc-529c-4e39-97f6-fac611c88a2d,coder-01,12,2026-02-07 15:14:19.981,file_read,66,f
e06b0d23-74a1-4b0d-a336-cd1e27794305,aa60af2a-e036-4e95-ab63-dbd0c24ae4dd,coder-01,112,2026-02-07 15:14:31.328,file_write,6,f
f23d5486-255b-4a42-8f47-9afcad41a9b8,a8ac446c-320e-4316-8b9b-62a329824eb4,coder-01,117,2026-02-07 15:14:31.334,file_write,12,f
c48f72bd-12b7-456d-a86f-d21d69345e26,1038a222-f5a4-4478-a33d-6f8600c39cf9,coder-01,93,2026-02-07 15:14:31.339,file_write,17,f
c360938e-0b2f-4b3b-b2ec-c28dcc0e1758,084ef220-e275-4a6c-b06c-1a260e534ac8,coder-01,109,2026-02-07 15:14:31.344,file_write,23,f
26601478-c67a-439e-bdac-8519144b11f8,6f1c08c4-4c4d-4b1d-b633-03e4cb19959f,coder-01,86,2026-02-07 15:14:31.349,file_write,28,f
a5762a1e-8218-41de-b8cb-18942926017a,beed8ccf-2c5d-441f-95dd-806b872fe53c,coder-01,80,2026-02-07 15:14:31.354,file_write,33,f
a237a399-4830-4fed-a309-e3720221b6c1,9417edd2-7b5f-49ca-89a5-82d6fee8a352,coder-01,75,2026-02-07 15:14:31.36,file_write,38,f
4c0209e0-67f0-43dc-8760-a31c6fe9b06a,aa60af2a-e036-4e95-ab63-dbd0c24ae4dd,coder-01,117,2026-02-07 15:14:51.141,file_edit,7,f
40e85966-fe37-48c6-b958-0f494bd3e9ca,81e1c774-e480-4e12-8c75-69a7c8c3ef0d,coder-01,68,2026-02-07 15:14:31.365,file_write,44,f
b758ded3-1a40-4cf9-b875-8a984da3c258,5fa9383e-1a10-40e6-b969-413b49a03701,coder-01,77,2026-02-07 15:14:31.371,file_write,49,f
ca1867f6-b54c-4e20-94c8-f5d5c70bfe0d,6e518895-3fd2-4603-9656-84d8d69024ad,coder-01,62,2026-02-07 15:14:31.376,file_write,54,f
62f01bed-cadf-4fba-91df-b64b5dc22567,ef9983a2-ffea-4066-a718-01dfc5d3cb91,coder-01,56,2026-02-07 15:14:31.381,file_write,59,f
c152673e-33d4-48f1-a2ae-8e77977fd114,55dca8b0-41ac-485a-bd87-c5c7073bc1a1,coder-01,58,2026-02-07 15:14:31.386,file_write,65,f
3de41ec3-3d32-423c-a0c8-807e5c511986,e5e43ce0-c924-4e6e-8024-309237a67457,coder-01,53,2026-02-07 15:14:31.39,file_write,69,f
b582da10-0bfa-4f89-9a01-95463ea146db,d32011bb-9a16-4348-9df1-0b7570d92386,coder-01,53,2026-02-07 15:14:31.395,file_write,74,f
5bb26ac2-3c0d-4fb5-9d1a-9491304bc684,02fe5464-ccc8-418c-8722-7301fb22420f,coder-01,43,2026-02-07 15:14:31.401,file_write,79,f
77c0ac83-3f09-4cf1-87aa-c01b7b0c64cf,ebada532-ce60-4b9e-bbc6-3df28145bda2,coder-01,39,2026-02-07 15:14:31.406,file_write,85,f
ef456dd1-bfd1-42a2-9f20-5a6a86db7721,c7f2d586-beb7-4040-991f-c36846d6682f,coder-01,49,2026-02-07 15:14:31.412,file_write,91,f
9a58f77b-da3a-4707-a4e4-9f7640d750c5,70634f1e-2098-42ac-8937-d458ecbf3c7f,coder-01,33,2026-02-07 15:14:31.418,file_write,97,f
207b85b9-27b2-4349-a5fb-6a4a63a8adca,5d77aefc-529c-4e39-97f6-fac611c88a2d,coder-01,32,2026-02-07 15:14:31.423,file_write,101,f
2d407e22-68a4-4ee0-a107-42fc2dbb7469,c0247a2f-a0c5-4965-805a-f087a661d903,coder-01,1,2026-02-07 15:14:31.427,file_write,106,f
976b49d1-0787-4d57-9cb4-2072507196b7,aa60af2a-e036-4e95-ab63-dbd0c24ae4dd,coder-01,113,2026-02-07 15:14:34.152,shell_run,0,f
17eb6a14-3c23-454e-9730-ed1c3b05a508,a8ac446c-320e-4316-8b9b-62a329824eb4,coder-01,118,2026-02-07 15:14:34.163,shell_run,12,f
ded473c2-5f9d-4975-9035-4698d406dfc0,a8ac446c-320e-4316-8b9b-62a329824eb4,coder-01,122,2026-02-07 15:14:51.152,file_edit,19,f
f9addc08-6c9d-4b7c-832d-65ef5e86dbba,1038a222-f5a4-4478-a33d-6f8600c39cf9,coder-01,98,2026-02-07 15:14:51.157,file_edit,25,f
a7d3ba03-be1c-44be-a232-7ad218ca809c,084ef220-e275-4a6c-b06c-1a260e534ac8,coder-01,114,2026-02-07 15:14:51.162,file_edit,30,f
ce6dc838-cd98-4bbc-a101-2ed3ea82f161,6f1c08c4-4c4d-4b1d-b633-03e4cb19959f,coder-01,91,2026-02-07 15:14:51.167,file_edit,35,f
adccfdfb-97c8-42b3-8329-33d1c94060d4,beed8ccf-2c5d-441f-95dd-806b872fe53c,coder-01,85,2026-02-07 15:14:51.172,file_edit,39,f
bf182b45-bf54-4b58-887b-4dd10a2d2af1,9417edd2-7b5f-49ca-89a5-82d6fee8a352,coder-01,80,2026-02-07 15:14:51.176,file_edit,44,f
8f1c85bf-a231-42e0-8079-5cadf6205e7d,81e1c774-e480-4e12-8c75-69a7c8c3ef0d,coder-01,73,2026-02-07 15:14:51.18,file_edit,48,f
b74f53ff-e23f-4c47-b456-9d793b85aa40,5fa9383e-1a10-40e6-b969-413b49a03701,coder-01,82,2026-02-07 15:14:51.186,file_edit,54,f
2d210701-3ede-4253-a543-4406e19e9410,6e518895-3fd2-4603-9656-84d8d69024ad,coder-01,67,2026-02-07 15:14:51.19,file_edit,59,f
b6f32743-4397-4687-be31-687ac339ca41,ef9983a2-ffea-4066-a718-01dfc5d3cb91,coder-01,61,2026-02-07 15:14:51.195,file_edit,63,f
fcc45a2c-45a6-4aef-9930-2c8cd583b4f0,55dca8b0-41ac-485a-bd87-c5c7073bc1a1,coder-01,63,2026-02-07 15:14:51.2,file_edit,68,f
6c00adba-a3ca-48be-bd73-2701b2220fb1,e5e43ce0-c924-4e6e-8024-309237a67457,coder-01,58,2026-02-07 15:14:51.205,file_edit,73,f
a9e2e717-d987-43a9-921b-ade09d45ff63,d32011bb-9a16-4348-9df1-0b7570d92386,coder-01,58,2026-02-07 15:14:51.21,file_edit,78,f
ccb40717-2bca-407b-b604-1bc98d7ef94d,02fe5464-ccc8-418c-8722-7301fb22420f,coder-01,48,2026-02-07 15:14:51.216,file_edit,83,f
c91093a3-7420-4140-9afe-186c373efe64,ebada532-ce60-4b9e-bbc6-3df28145bda2,coder-01,44,2026-02-07 15:14:51.221,file_edit,89,f
e5bce66e-df21-4823-bd3f-e38c0a39dd7d,c7f2d586-beb7-4040-991f-c36846d6682f,coder-01,54,2026-02-07 15:14:51.226,file_edit,94,f
a46f26c5-0565-482f-af81-09755a266118,70634f1e-2098-42ac-8937-d458ecbf3c7f,coder-01,38,2026-02-07 15:14:51.231,file_edit,99,f
ddf47d1c-11c1-4e47-bbfe-9a575124808e,5d77aefc-529c-4e39-97f6-fac611c88a2d,coder-01,37,2026-02-07 15:14:51.236,file_edit,104,f
b1d3ccf7-07b2-4b93-b441-59b8c7e885cd,c0247a2f-a0c5-4965-805a-f087a661d903,coder-01,6,2026-02-07 15:14:51.241,file_edit,109,f
c255f06b-5d04-4b95-809f-cd42980c8b18,aa60af2a-e036-4e95-ab63-dbd0c24ae4dd,coder-01,118,2026-02-07 15:14:56.279,file_edit,10,f
6f42a3a2-c739-4fb1-b73f-b2b7fb4f05c4,a8ac446c-320e-4316-8b9b-62a329824eb4,coder-01,123,2026-02-07 15:14:56.285,file_edit,16,f
faefd1f6-01b0-4c64-a77b-dc5b515967ed,1038a222-f5a4-4478-a33d-6f8600c39cf9,coder-01,99,2026-02-07 15:14:56.29,file_edit,21,f
b3c8f681-b758-4ed3-9fd3-33c49db42a86,084ef220-e275-4a6c-b06c-1a260e534ac8,coder-01,115,2026-02-07 15:14:56.296,file_edit,27,f
0537a2c0-af14-480a-845c-b0e21a6cc084,6f1c08c4-4c4d-4b1d-b633-03e4cb19959f,coder-01,92,2026-02-07 15:14:56.302,file_edit,34,f
e8388301-4f66-4b7b-adc4-90bf62ed0fb3,beed8ccf-2c5d-441f-95dd-806b872fe53c,coder-01,86,2026-02-07 15:14:56.308,file_edit,39,f
98eb18fe-fed0-47a2-8973-90f3722841b5,9417edd2-7b5f-49ca-89a5-82d6fee8a352,coder-01,81,2026-02-07 15:14:56.313,file_edit,44,f
3403f7ec-c91d-4de3-9e5e-9fed3bea8fef,81e1c774-e480-4e12-8c75-69a7c8c3ef0d,coder-01,74,2026-02-07 15:14:56.319,file_edit,50,f
4e1b25cc-bdff-4054-a9ec-f932cdbde274,5fa9383e-1a10-40e6-b969-413b49a03701,coder-01,83,2026-02-07 15:14:56.325,file_edit,56,f
ab19299c-3dce-46e9-88f1-4cd50e0e6793,6e518895-3fd2-4603-9656-84d8d69024ad,coder-01,68,2026-02-07 15:14:56.331,file_edit,62,f
4d1dec56-0952-470a-a22d-7744bf5feb7e,ef9983a2-ffea-4066-a718-01dfc5d3cb91,coder-01,62,2026-02-07 15:14:56.336,file_edit,68,f
76eca8e1-16e3-42e2-9c45-5b5c1fb32099,55dca8b0-41ac-485a-bd87-c5c7073bc1a1,coder-01,64,2026-02-07 15:14:56.342,file_edit,73,f
2f64df2d-7a6c-452a-9a8d-31ddee8b570e,e5e43ce0-c924-4e6e-8024-309237a67457,coder-01,59,2026-02-07 15:14:56.348,file_edit,79,f
b61c3c2f-8130-4cd4-83cf-3670c43f0898,d32011bb-9a16-4348-9df1-0b7570d92386,coder-01,59,2026-02-07 15:14:56.353,file_edit,85,f
7260039a-180b-4d7d-9852-cc93ecd6c7f1,02fe5464-ccc8-418c-8722-7301fb22420f,coder-01,49,2026-02-07 15:14:56.359,file_edit,90,f
e07b49e0-30fe-40aa-bbe3-5ae7e0535a55,ebada532-ce60-4b9e-bbc6-3df28145bda2,coder-01,45,2026-02-07 15:14:56.364,file_edit,96,f
31968576-e825-4ffd-86f1-df4f9576ae62,c7f2d586-beb7-4040-991f-c36846d6682f,coder-01,55,2026-02-07 15:14:56.37,file_edit,101,f
c28c54a4-8429-443c-bcd3-3037f322c4a6,70634f1e-2098-42ac-8937-d458ecbf3c7f,coder-01,39,2026-02-07 15:14:56.376,file_edit,107,f
f6a30412-9460-4fef-b49a-6cff49034558,5d77aefc-529c-4e39-97f6-fac611c88a2d,coder-01,38,2026-02-07 15:14:56.382,file_edit,113,f
f32581c1-9d7e-4322-a677-f297aec42172,c0247a2f-a0c5-4965-805a-f087a661d903,coder-01,7,2026-02-07 15:14:56.389,file_edit,119,f
19d8c910-90a1-422b-92c2-139d37359f51,5c4e8777-119d-41e3-acf0-411722b5a02c,coder-01,186,2026-02-13 12:03:21.949,file_edit,6,f
037e0787-56a7-4741-876e-a669f4f579fb,1012d0d2-dff7-467f-9a21-f8c7b0924075,coder-01,182,2026-02-13 12:03:21.963,file_edit,20,f
ad911c9d-59f8-420f-a6c3-f10d8e345486,6243144d-a5d2-4eeb-8994-390dc9a13e12,coder-01,194,2026-02-13 12:03:21.973,file_edit,29,f
53ddb009-4fa8-4a26-aa7f-5710bce6fb4a,eb17b408-aba9-4859-9bfa-5e89104bfffa,coder-01,173,2026-02-13 12:03:21.982,file_edit,39,f
693d25ab-b68a-418d-9400-6642f2f71bbe,b90aca7c-67a1-4da0-a771-ba1177190299,coder-01,6,2026-02-13 13:07:29.543,shell_run,367,f
983f7c79-2703-4535-8bb5-f4f34f6621bb,81e1c774-e480-4e12-8c75-69a7c8c3ef0d,coder-01,75,2026-02-07 15:15:40.964,file_read,74,f
69f8ed2d-607f-4193-86f8-726ed13262bc,5fa9383e-1a10-40e6-b969-413b49a03701,coder-01,84,2026-02-07 15:15:40.972,file_read,82,f
f792196d-a89a-42c9-8ef3-de47ac740dab,6e518895-3fd2-4603-9656-84d8d69024ad,coder-01,69,2026-02-07 15:15:40.978,file_read,89,f
7c813bba-fc5c-4cdb-9ba3-a8364a0d1221,ef9983a2-ffea-4066-a718-01dfc5d3cb91,coder-01,63,2026-02-07 15:15:40.983,file_read,95,f
d073c2a8-3f17-4828-9de8-da0c0559109a,55dca8b0-41ac-485a-bd87-c5c7073bc1a1,coder-01,65,2026-02-07 15:15:40.989,file_read,100,f
84b159ea-6fa1-4220-9925-e148001019f6,e5e43ce0-c924-4e6e-8024-309237a67457,coder-01,60,2026-02-07 15:15:40.994,file_read,106,f
adb9bade-313b-40f2-935f-cc07dd749b49,d32011bb-9a16-4348-9df1-0b7570d92386,coder-01,60,2026-02-07 15:15:41.001,file_read,111,f
2f1540c2-b077-4e21-bd85-6b0d5be90c2a,02fe5464-ccc8-418c-8722-7301fb22420f,coder-01,50,2026-02-07 15:15:41.006,file_read,117,f
e2f161f9-9877-45ae-b3e6-adf19d66a54b,ebada532-ce60-4b9e-bbc6-3df28145bda2,coder-01,46,2026-02-07 15:15:41.014,file_read,124,f
41a93518-04f1-4c1e-acb6-a3df0432360e,c7f2d586-beb7-4040-991f-c36846d6682f,coder-01,56,2026-02-07 15:15:41.022,file_read,132,f
005e878c-70d3-4103-822c-6e8833c35e4e,70634f1e-2098-42ac-8937-d458ecbf3c7f,coder-01,40,2026-02-07 15:15:41.028,file_read,139,f
c5788cdd-cf81-4202-923d-ef3ead8c6a7c,5d77aefc-529c-4e39-97f6-fac611c88a2d,coder-01,39,2026-02-07 15:15:41.035,file_read,146,f
b8401c96-3186-46fd-8014-90c1d7270813,c0247a2f-a0c5-4965-805a-f087a661d903,coder-01,8,2026-02-07 15:15:41.044,file_read,153,f
b6c1f5cc-5e8f-46c3-b17a-0dcc65940255,aa60af2a-e036-4e95-ab63-dbd0c24ae4dd,coder-01,120,2026-02-07 15:15:48.606,file_edit,9,f
03ed2399-c835-42b2-a00c-fe14ddeb8e0d,a8ac446c-320e-4316-8b9b-62a329824eb4,coder-01,125,2026-02-07 15:15:48.615,file_edit,19,f
3e1cdcbc-e715-46d6-a167-79791e6d41e8,1038a222-f5a4-4478-a33d-6f8600c39cf9,coder-01,101,2026-02-07 15:15:48.621,file_edit,25,f
a8de34ad-55c1-4583-846d-66c34f8e7792,084ef220-e275-4a6c-b06c-1a260e534ac8,coder-01,117,2026-02-07 15:15:48.626,file_edit,30,f
38faa6a2-7153-49f7-88fd-41d450dec932,6f1c08c4-4c4d-4b1d-b633-03e4cb19959f,coder-01,94,2026-02-07 15:15:48.631,file_edit,35,f
9488fff3-0f05-48c2-90a6-8ce9832085cc,beed8ccf-2c5d-441f-95dd-806b872fe53c,coder-01,88,2026-02-07 15:15:48.636,file_edit,40,f
d2a283d0-d4f2-4da6-a2e6-c274ece907f4,9417edd2-7b5f-49ca-89a5-82d6fee8a352,coder-01,83,2026-02-07 15:15:48.641,file_edit,45,f
c079e049-a564-4ea0-acca-f78e452e6cc1,a8ac446c-320e-4316-8b9b-62a329824eb4,coder-01,126,2026-02-07 15:16:03.328,file_edit,12,f
4aea2521-ab98-4db1-96aa-2ee4da9be75f,81e1c774-e480-4e12-8c75-69a7c8c3ef0d,coder-01,76,2026-02-07 15:15:48.646,file_edit,50,f
5086c7cc-4950-4dc5-8edb-5c48b5cfb906,5fa9383e-1a10-40e6-b969-413b49a03701,coder-01,85,2026-02-07 15:15:48.652,file_edit,55,f
0d2a80fa-2e31-45a2-b156-dc88456b77af,6e518895-3fd2-4603-9656-84d8d69024ad,coder-01,70,2026-02-07 15:15:48.656,file_edit,60,f
fb1e7268-d757-427d-9533-d41c5fc567dc,ef9983a2-ffea-4066-a718-01dfc5d3cb91,coder-01,64,2026-02-07 15:15:48.661,file_edit,65,f
33e44fc8-cf97-440b-a666-300f3a1b0f1b,55dca8b0-41ac-485a-bd87-c5c7073bc1a1,coder-01,66,2026-02-07 15:15:48.665,file_edit,69,f
7f784ff1-cca0-4abc-aa78-e7bc3b80106e,e5e43ce0-c924-4e6e-8024-309237a67457,coder-01,61,2026-02-07 15:15:48.669,file_edit,73,f
86e5da14-40c9-4d47-9b27-6d9dc77a4692,d32011bb-9a16-4348-9df1-0b7570d92386,coder-01,61,2026-02-07 15:15:48.674,file_edit,78,f
f45c1ef3-65c3-44a1-8c2b-0781d1f00015,02fe5464-ccc8-418c-8722-7301fb22420f,coder-01,51,2026-02-07 15:15:48.68,file_edit,84,f
d49cd05f-10fb-4bc0-9ad3-de0dd00882ab,ebada532-ce60-4b9e-bbc6-3df28145bda2,coder-01,47,2026-02-07 15:15:48.685,file_edit,89,f
e3428f5a-af9d-476e-856b-fd59c2e7ca91,c7f2d586-beb7-4040-991f-c36846d6682f,coder-01,57,2026-02-07 15:15:48.69,file_edit,94,f
dcb96f0a-7880-4704-aa8f-f28f52586f6d,70634f1e-2098-42ac-8937-d458ecbf3c7f,coder-01,41,2026-02-07 15:15:48.696,file_edit,100,f
604a5305-b40f-47d7-ae79-a91f1666b848,5d77aefc-529c-4e39-97f6-fac611c88a2d,coder-01,40,2026-02-07 15:15:48.701,file_edit,105,f
97912ccb-97d4-4ee0-9daa-1f7937e68334,c0247a2f-a0c5-4965-805a-f087a661d903,coder-01,9,2026-02-07 15:15:48.706,file_edit,110,f
8b03b8e0-c8c5-4f13-8365-2e8de0f5523d,aa60af2a-e036-4e95-ab63-dbd0c24ae4dd,coder-01,121,2026-02-07 15:16:03.323,file_edit,7,f
7edb5de1-41e0-4c4b-90ca-d489b3a472f1,c0247a2f-a0c5-4965-805a-f087a661d903,coder-01,20,2026-02-07 15:17:32.183,unknown,,f
cd39f650-c448-4f1f-9447-404bb8659711,1038a222-f5a4-4478-a33d-6f8600c39cf9,coder-01,102,2026-02-07 15:16:03.334,file_edit,18,f
6b767b8d-afb4-4a38-94cf-2ca1fbd7160f,084ef220-e275-4a6c-b06c-1a260e534ac8,coder-01,118,2026-02-07 15:16:03.34,file_edit,24,f
e31aaa5b-3efa-4d24-9640-9c36fb1fbaf4,6f1c08c4-4c4d-4b1d-b633-03e4cb19959f,coder-01,95,2026-02-07 15:16:03.345,file_edit,30,f
416e156e-4855-4d80-95a8-3617a11dca7b,beed8ccf-2c5d-441f-95dd-806b872fe53c,coder-01,89,2026-02-07 15:16:03.35,file_edit,35,f
c4506e5c-dcb6-4b98-aae0-cb587a55fc1a,9417edd2-7b5f-49ca-89a5-82d6fee8a352,coder-01,84,2026-02-07 15:16:03.356,file_edit,40,f
e5a3cd01-2bea-4d72-bcf0-1aee17d8b026,81e1c774-e480-4e12-8c75-69a7c8c3ef0d,coder-01,77,2026-02-07 15:16:03.362,file_edit,46,f
2555010c-7369-4c90-a492-60b3850af677,5fa9383e-1a10-40e6-b969-413b49a03701,coder-01,86,2026-02-07 15:16:03.371,file_edit,54,f
e635569e-f51a-4e68-ac72-f911c701e76f,6e518895-3fd2-4603-9656-84d8d69024ad,coder-01,71,2026-02-07 15:16:03.377,file_edit,61,f
244f6d35-7520-41a1-ad70-a61342dad3b6,ef9983a2-ffea-4066-a718-01dfc5d3cb91,coder-01,65,2026-02-07 15:16:03.384,file_edit,68,f
58645034-20b1-4484-9f94-33dbe6000b01,55dca8b0-41ac-485a-bd87-c5c7073bc1a1,coder-01,67,2026-02-07 15:16:03.39,file_edit,75,f
e1fbd9c5-bd61-4223-b308-d4b262ad522f,e5e43ce0-c924-4e6e-8024-309237a67457,coder-01,62,2026-02-07 15:16:03.398,file_edit,81,f
85ea3f6c-4c27-411e-8214-65ea4e69f63a,d32011bb-9a16-4348-9df1-0b7570d92386,coder-01,62,2026-02-07 15:16:03.405,file_edit,90,f
14c69e6a-31d3-4906-b5db-16962dadd01f,02fe5464-ccc8-418c-8722-7301fb22420f,coder-01,52,2026-02-07 15:16:03.412,file_edit,96,f
de4cb2eb-3ce7-40df-87ad-7492a0c3da7e,ebada532-ce60-4b9e-bbc6-3df28145bda2,coder-01,48,2026-02-07 15:16:03.418,file_edit,102,f
4b0338f2-3897-4ec6-aa08-52e588b3dd81,c7f2d586-beb7-4040-991f-c36846d6682f,coder-01,58,2026-02-07 15:16:03.43,file_edit,113,f
0e16a9b7-4009-4fc8-b11e-89cfab797576,70634f1e-2098-42ac-8937-d458ecbf3c7f,coder-01,42,2026-02-07 15:16:03.436,file_edit,120,f
025cf8e1-7841-462e-bf43-219ffb15a20a,5d77aefc-529c-4e39-97f6-fac611c88a2d,coder-01,41,2026-02-07 15:16:03.443,file_edit,127,f
3956c590-bc1c-4453-b4ad-5ba79ae947f5,c0247a2f-a0c5-4965-805a-f087a661d903,coder-01,10,2026-02-07 15:16:03.451,file_edit,133,f
7689c803-1b13-4a42-bb5a-8a1b0e4c986a,c0247a2f-a0c5-4965-805a-f087a661d903,coder-01,11,2026-02-07 15:17:32.122,"the action to take, only one name of [file_read, file_write, file_edit, file_list, shell_run, code_search, find_file], just the name, exactly as it's written.",,f
f5d658f5-fef9-4d7f-94ce-ff76f617c178,c0247a2f-a0c5-4965-805a-f087a661d903,coder-01,12,2026-02-07 15:17:32.13,unknown,,f
c1d6df88-7454-4990-b836-d935bd1560a4,c0247a2f-a0c5-4965-805a-f087a661d903,coder-01,13,2026-02-07 15:17:32.138,"the action to take, only one name of [file_read, file_write, file_edit, file_list, shell_run, code_search, find_file], just the name, exactly as it's written.",,f
d1cf9003-0f8e-47b1-b127-3a0963ea233f,c0247a2f-a0c5-4965-805a-f087a661d903,coder-01,14,2026-02-07 15:17:32.144,unknown,,f
f1c50680-9ea8-4ea3-8592-933a3fb5c88d,c0247a2f-a0c5-4965-805a-f087a661d903,coder-01,15,2026-02-07 15:17:32.151,"the action to take, only one name of [file_read, file_write, file_edit, file_list, shell_run, code_search, find_file], just the name, exactly as it's written.",,f
19368489-2103-4a32-83ee-efa6484e13da,c0247a2f-a0c5-4965-805a-f087a661d903,coder-01,16,2026-02-07 15:17:32.157,unknown,,f
0171808c-c7af-41d2-bf7e-fcff7e05f593,c0247a2f-a0c5-4965-805a-f087a661d903,coder-01,17,2026-02-07 15:17:32.165,"the action to take, only one name of [file_read, file_write, file_edit, file_list, shell_run, code_search, find_file], just the name, exactly as it's written.",,f
4758a56d-dd2a-4d5e-a0e9-613cf8d7b603,c0247a2f-a0c5-4965-805a-f087a661d903,coder-01,18,2026-02-07 15:17:32.17,unknown,,f
d22e6d70-c17d-4933-b7f2-fa89779acfe5,c0247a2f-a0c5-4965-805a-f087a661d903,coder-01,19,2026-02-07 15:17:32.177,"the action to take, only one name of [file_read, file_write, file_edit, file_list, shell_run, code_search, find_file], just the name, exactly as it's written.",,f
5ded3304-cf11-4bcd-ba90-42aa68ed5dc8,c0247a2f-a0c5-4965-805a-f087a661d903,coder-01,21,2026-02-07 15:17:32.19,"the action to take, only one name of [file_read, file_write, file_edit, file_list, shell_run, code_search, find_file], just the name, exactly as it's written.",,f
fdbae2a4-9308-44cd-b475-167e8ca7ab83,c0247a2f-a0c5-4965-805a-f087a661d903,coder-01,22,2026-02-07 15:17:32.196,unknown,,f
0b404573-d921-4f94-911a-9d7946914f24,c0247a2f-a0c5-4965-805a-f087a661d903,coder-01,23,2026-02-07 15:17:32.203,"the action to take, only one name of [file_read, file_write, file_edit, file_list, shell_run, code_search, find_file], just the name, exactly as it's written.",,f
aab38742-8f19-4e20-80fe-270de99a8704,c0247a2f-a0c5-4965-805a-f087a661d903,coder-01,24,2026-02-07 15:17:32.208,unknown,,f
ba075f7d-8842-4c77-8084-9d52647ea19f,c0247a2f-a0c5-4965-805a-f087a661d903,coder-01,25,2026-02-07 15:17:32.215,"the action to take, only one name of [file_read, file_write, file_edit, file_list, shell_run, code_search, find_file], just the name, exactly as it's written.",,f
31026dcf-f1c0-47ae-a728-02188bafedf8,c0247a2f-a0c5-4965-805a-f087a661d903,coder-01,26,2026-02-07 15:17:32.222,unknown,,f
213fca2f-1991-4b37-b9c2-4835790b55ae,c0247a2f-a0c5-4965-805a-f087a661d903,coder-01,2,2026-02-07 15:17:32.229,shell_run,56,f
46482302-0828-4a51-9fa8-6d3d5ee3c065,c0247a2f-a0c5-4965-805a-f087a661d903,coder-01,3,2026-02-07 15:17:32.235,find_file,74,f
0ba5315d-b370-4603-b1ba-a0e408701a9c,c0247a2f-a0c5-4965-805a-f087a661d903,coder-01,4,2026-02-07 15:17:32.241,file_write,45,f
490f4da6-555f-422c-84cb-93b8d8c6b401,c0247a2f-a0c5-4965-805a-f087a661d903,coder-01,5,2026-02-07 15:17:32.247,shell_run,64,f
8c828b06-4bb3-482f-82ce-9280ae3acbd8,1bc8dc43-cef3-4e43-865e-8ddc202ffca0,coder-01,1,2026-02-09 23:51:39.116,file_list,15,f
85316a77-c26d-4719-b0dd-708cd38d0b8a,1bc8dc43-cef3-4e43-865e-8ddc202ffca0,coder-01,2,2026-02-09 23:51:48.102,file_write,8,f
8e8c0763-a2e8-44de-a949-f4bd16870261,1bc8dc43-cef3-4e43-865e-8ddc202ffca0,coder-01,3,2026-02-09 23:51:52.738,file_write,9,f
d4a0a5d1-ceac-427e-b3f0-1c5a7add621d,1bc8dc43-cef3-4e43-865e-8ddc202ffca0,coder-01,4,2026-02-09 23:51:56.595,"the action to take, only one name of [file_read, file_write, file_edit, file_list, shell_run, code_search, find_file], just the name, exactly as it's written.",,f
2d34ddc5-ce77-4456-8488-cf80ed56f583,1bc8dc43-cef3-4e43-865e-8ddc202ffca0,coder-01,5,2026-02-09 23:51:56.606,unknown,,f
9e950035-f496-4dc1-8687-f8c90fe702bd,1bc8dc43-cef3-4e43-865e-8ddc202ffca0,coder-01,6,2026-02-09 23:54:01.73,file_write,7,f
c4611ae3-4e66-4c12-8528-6c1a846bc326,6b18d82e-f655-4c00-ac85-11abf52faa17,coder-01,1,2026-02-09 23:54:01.742,file_write,20,f
ddb34df3-c8ea-452c-af5c-c9b5fd158987,1bc8dc43-cef3-4e43-865e-8ddc202ffca0,coder-01,7,2026-02-09 23:54:04.746,shell_run,0,f
ce9ce8c8-f51d-47f1-9ae6-a80e377b2c76,6b18d82e-f655-4c00-ac85-11abf52faa17,coder-01,2,2026-02-09 23:54:04.758,shell_run,13,f
7857bae6-6027-4420-9a26-c4ae10dd0370,1bc8dc43-cef3-4e43-865e-8ddc202ffca0,coder-01,8,2026-02-09 23:54:12.277,file_write,9,f
a02d39c0-f85c-454e-b79e-c46aac578bd9,6b18d82e-f655-4c00-ac85-11abf52faa17,coder-01,3,2026-02-09 23:54:12.29,file_write,22,f
605b2cf4-9954-42df-8724-d4efbf97aee6,6b18d82e-f655-4c00-ac85-11abf52faa17,coder-01,4,2026-02-09 23:54:16.942,"the action to take, only one name of [file_read, file_write, file_edit, file_list, shell_run, code_search, find_file], just the name, exactly as it's written.",,f
e591f36c-d681-48d6-a7c8-799b42761380,6b18d82e-f655-4c00-ac85-11abf52faa17,coder-01,5,2026-02-09 23:54:16.951,unknown,,f
66845511-bb11-45b7-9f61-42fa086907fb,67a94aa5-3189-4c68-8566-6b8a4fae7546,coder-01,166,2026-02-13 12:03:21.989,file_edit,47,f
50d804f6-db83-40d4-997f-f2cdd5ae4200,6d5b4a6a-5aa8-4a3d-8f7a-cfea16412d2a,coder-01,165,2026-02-13 12:03:21.995,file_edit,53,f
44e7b8fd-c842-41eb-a615-aafc6a210722,f558af5d-25ba-479e-8e8b-90a8aaa1ce79,coder-01,166,2026-02-13 12:03:22.001,file_edit,59,f
0afdfd1f-ff02-4146-8833-2e2be900882b,c6f48a65-7b86-4956-b82d-dc010642d5e4,coder-01,162,2026-02-13 12:03:22.006,file_edit,64,f
3d181265-8510-4dcc-bf89-6722f47d2428,6f1d2123-e697-4e8a-8633-b4308b565ef5,coder-01,172,2026-02-13 12:03:22.011,file_edit,70,f
dc9e8c72-8943-4563-a0fc-d448fd859dc5,83a0bbf4-d843-4f97-8b74-113188decd72,coder-01,146,2026-02-13 12:03:22.017,file_edit,75,f
1dd697a7-4d0c-4ee7-bbf1-7ca21870c90d,d1a3ab9b-4da3-4a08-859f-be8a200569b1,coder-01,162,2026-02-13 12:03:22.023,file_edit,81,f
194cd84f-4dcf-4ea1-90dc-73fa9d3dc36b,f89c597b-097d-4f1e-8bc4-5a4c0b16fb71,coder-01,180,2026-02-13 12:03:22.028,file_edit,86,f
d8c058c1-4d9d-4500-a33d-754f90d64e00,6f1d2123-e697-4e8a-8633-b4308b565ef5,coder-01,144,2026-02-13 12:03:22.033,file_edit,91,f
2af5ee1a-e936-4dbb-840b-fee31b44f2fb,3dd1bb00-9339-4be7-97ab-5bba3e98f695,coder-01,102,2026-02-13 12:03:22.037,file_edit,96,f
79b763e9-b080-4ea5-9cc3-28b3e4efb77c,269ba714-8324-432f-b2a3-b20bf11e1e33,coder-01,96,2026-02-13 12:03:22.042,file_edit,100,f
93b6026d-e864-4c59-84e2-795be6da867b,22ac8e2f-da14-498d-afe0-8a90443c4fe0,coder-01,103,2026-02-13 12:03:22.048,file_edit,106,f
7021e61b-e207-4dc2-8911-41d25c538896,6fb4500c-c316-4f3e-a7fd-c4b49f63def0,coder-01,90,2026-02-13 12:03:22.053,file_edit,111,f
ba16227f-0d8b-46d4-85ab-f6ef6e404844,1bc8dc43-cef3-4e43-865e-8ddc202ffca0,coder-01,9,2026-02-09 23:55:42.627,file_write,10,f
4adf6529-90c1-4143-8547-f5557bcac8a7,6b18d82e-f655-4c00-ac85-11abf52faa17,coder-01,6,2026-02-09 23:55:42.634,file_write,19,f
44d8f482-fed7-4837-8231-8433ecdbdf2d,ecf0098a-741b-469f-8c82-e2401a286199,coder-01,1,2026-02-09 23:55:42.643,file_write,27,f
a5ba6d74-4156-479d-98e6-d2fb1c9b80bf,1bc8dc43-cef3-4e43-865e-8ddc202ffca0,coder-01,10,2026-02-09 23:58:37.243,file_write,6,f
345f92d4-b676-4817-984f-674a2c76d738,6b18d82e-f655-4c00-ac85-11abf52faa17,coder-01,7,2026-02-09 23:58:37.256,file_write,20,f
18b2aefa-0357-46e8-9ca7-dc0e94715235,3935adc1-fbd7-4c68-b91d-79b864437873,qa-01,5,2026-02-12 14:54:27.999,file_write,35,f
5b84bafd-dd6d-40ea-a368-8a30c69095ed,ecf0098a-741b-469f-8c82-e2401a286199,coder-01,2,2026-02-09 23:58:37.263,file_write,27,f
c9fe16aa-dd61-48e5-ac34-5b6cc6e31ff3,4721a8cd-2fea-4fbb-98f8-6d5dcca716d7,coder-01,1,2026-02-09 23:58:37.271,file_write,35,f
5973c6d9-ee0b-49a0-8506-3603ae84ba79,1bc8dc43-cef3-4e43-865e-8ddc202ffca0,coder-01,11,2026-02-09 23:58:52.407,file_write,5,f
26530e47-6ff1-44ec-90df-e64c4ee39e37,6b18d82e-f655-4c00-ac85-11abf52faa17,coder-01,8,2026-02-09 23:58:52.414,file_write,13,f
b1e94e15-d176-4aa0-878c-76788dc9f7be,ecf0098a-741b-469f-8c82-e2401a286199,coder-01,3,2026-02-09 23:58:52.421,file_write,20,f
b4b0ed32-f160-4f21-8aca-91bd238b67be,4721a8cd-2fea-4fbb-98f8-6d5dcca716d7,coder-01,2,2026-02-09 23:58:52.429,file_write,27,f
093647e6-2839-4af3-930d-7a4e5e2a3c36,aa254adb-ef85-4523-a55f-e55073ef0cee,coder-01,1,2026-02-09 23:58:52.436,file_write,34,f
434aa24f-9616-4c3a-927e-820dfdfdc495,1bc8dc43-cef3-4e43-865e-8ddc202ffca0,coder-01,12,2026-02-09 23:59:06.127,file_edit,9,f
44460172-7e8d-4aeb-9bdb-756b682a0ba7,aae5fc27-df9e-4137-adb6-b8c6e8caea26,coder-01,18,2026-02-12 14:54:36.054,shell_run,0,f
68c43c1d-c700-454b-9c56-039a9a4d8157,6b18d82e-f655-4c00-ac85-11abf52faa17,coder-01,9,2026-02-09 23:59:06.135,file_edit,17,f
730b1c9d-f3d1-451c-9079-7b76ba890ed4,ecf0098a-741b-469f-8c82-e2401a286199,coder-01,4,2026-02-09 23:59:06.143,file_edit,25,f
0b1b369b-bb34-4111-9aa3-4fb675677d1c,4721a8cd-2fea-4fbb-98f8-6d5dcca716d7,coder-01,3,2026-02-09 23:59:06.15,file_edit,32,f
bd3214ec-ffaf-4049-b558-c0d9167ef3ad,aa254adb-ef85-4523-a55f-e55073ef0cee,coder-01,2,2026-02-09 23:59:06.157,file_edit,39,f
f5258f43-c86a-4983-9807-0fddb38e50d5,ecf0098a-741b-469f-8c82-e2401a286199,coder-01,8,2026-02-09 23:59:29.512,file_read,25,f
3891e21d-ebc9-4e7d-96cc-c794b50006af,f75a2b1e-60fa-446f-933c-2d3e8566466d,coder-01,39,2026-02-12 14:54:36.063,shell_run,10,f
52f51914-9eac-4858-ae88-ec542a8453a1,1bc8dc43-cef3-4e43-865e-8ddc202ffca0,coder-01,13,2026-02-09 23:59:21.032,file_write,10,f
c933674c-614e-4622-8e7c-e094364d99b3,6b18d82e-f655-4c00-ac85-11abf52faa17,coder-01,10,2026-02-09 23:59:21.046,file_write,24,f
7f98a207-ae5a-4fcd-8b97-c8995e606d22,ecf0098a-741b-469f-8c82-e2401a286199,coder-01,5,2026-02-09 23:59:21.056,file_write,32,f
cc081012-9ac0-4cc4-ad20-d9f6c428bb9b,4721a8cd-2fea-4fbb-98f8-6d5dcca716d7,coder-01,4,2026-02-09 23:59:21.064,file_write,41,f
a22b6b01-1cf3-41c1-959b-b3f1b34d4895,f75a2b1e-60fa-446f-933c-2d3e8566466d,coder-01,28,2026-02-12 14:53:02.429,"the action to take, only one name of [file_read, file_write, file_edit, file_list, shell_run, code_search, find_file], just the name, exactly as it's written.",,f
4e62de46-b185-49fe-95d2-da9aa152b96e,f75a2b1e-60fa-446f-933c-2d3e8566466d,coder-01,29,2026-02-12 14:53:02.436,unknown,,f
6e484a6a-755f-47dc-be86-39ff8f9aad07,f75a2b1e-60fa-446f-933c-2d3e8566466d,coder-01,30,2026-02-12 14:53:02.445,"the action to take, only one name of [file_read, file_write, file_edit, file_list, shell_run, code_search, find_file], just the name, exactly as it's written.",,f
1c4494a6-0628-4504-945d-28404c6e655b,f75a2b1e-60fa-446f-933c-2d3e8566466d,coder-01,31,2026-02-12 14:53:02.45,unknown,,f
33587f75-e185-4b19-8ad2-f86679f95357,aa254adb-ef85-4523-a55f-e55073ef0cee,coder-01,3,2026-02-09 23:59:21.071,file_write,49,f
fbbaefa7-fda7-4c99-9764-ad817e82db93,1bc8dc43-cef3-4e43-865e-8ddc202ffca0,coder-01,14,2026-02-09 23:59:24.844,shell_run,0,f
2c6d882d-f97e-461d-a85f-64ed107fa7f9,6b18d82e-f655-4c00-ac85-11abf52faa17,coder-01,11,2026-02-09 23:59:24.857,shell_run,13,f
f35938c1-735f-45af-a4f1-984eb962d716,ecf0098a-741b-469f-8c82-e2401a286199,coder-01,6,2026-02-09 23:59:24.865,shell_run,21,f
ef79e0ef-bdb1-4443-abae-9537cf26634d,4721a8cd-2fea-4fbb-98f8-6d5dcca716d7,coder-01,5,2026-02-09 23:59:24.873,shell_run,28,f
fcdf1554-e226-4466-9a10-18d10f23cda3,aa254adb-ef85-4523-a55f-e55073ef0cee,coder-01,4,2026-02-09 23:59:24.881,shell_run,36,f
8fc93f6b-5154-454e-9f95-4ab7c2dc46d1,1bc8dc43-cef3-4e43-865e-8ddc202ffca0,coder-01,15,2026-02-09 23:59:27.309,shell_run,0,f
3c58b8e4-0aa4-400d-aa8d-8d6ee0841ca9,6b18d82e-f655-4c00-ac85-11abf52faa17,coder-01,12,2026-02-09 23:59:27.319,shell_run,9,f
92e7d116-04d5-413f-9ebe-e37849391ae2,ecf0098a-741b-469f-8c82-e2401a286199,coder-01,7,2026-02-09 23:59:27.328,shell_run,18,f
a93e5fa1-b4d7-4313-be89-fe837fd39ac9,4721a8cd-2fea-4fbb-98f8-6d5dcca716d7,coder-01,6,2026-02-09 23:59:27.337,shell_run,27,f
59ccc29e-bd35-434b-bd8c-69715bc1df08,aa254adb-ef85-4523-a55f-e55073ef0cee,coder-01,5,2026-02-09 23:59:27.346,shell_run,36,f
f08bbd80-ad4d-4bb6-a105-2c18bf59f578,1bc8dc43-cef3-4e43-865e-8ddc202ffca0,coder-01,16,2026-02-09 23:59:29.497,file_read,9,f
13fb618c-f302-43db-9e7d-17ea2a2e45a9,6b18d82e-f655-4c00-ac85-11abf52faa17,coder-01,13,2026-02-09 23:59:29.504,file_read,18,f
312c2326-3a77-4652-8362-30e3ee5191cb,aae5fc27-df9e-4137-adb6-b8c6e8caea26,coder-01,11,2026-02-12 14:54:19.541,file_list,1,f
e688a8f6-e29d-4e2f-be27-8921ae08df88,f75a2b1e-60fa-446f-933c-2d3e8566466d,coder-01,32,2026-02-12 14:54:19.552,file_list,12,f
e4d50c27-5987-4025-af7e-01b5164bf847,4721a8cd-2fea-4fbb-98f8-6d5dcca716d7,coder-01,7,2026-02-09 23:59:29.52,file_read,33,f
7057c495-4b92-4fe2-a688-f4fc2f05a264,aa254adb-ef85-4523-a55f-e55073ef0cee,coder-01,6,2026-02-09 23:59:29.527,file_read,41,f
1ef36d61-edbe-4cbd-bc30-5f37a67b80f0,aa254adb-ef85-4523-a55f-e55073ef0cee,coder-01,7,2026-02-10 00:02:11.718,"the action to take, only one name of [file_read, file_write, file_edit, file_list, shell_run, code_search, find_file], just the name, exactly as it's written.",,f
a32055e6-e7a1-47f7-aa09-f84f1eb0ed9c,aa254adb-ef85-4523-a55f-e55073ef0cee,coder-01,8,2026-02-10 00:02:11.736,unknown,,f
988a3b11-62ad-4bb4-bbdb-8455e651ff8d,aa254adb-ef85-4523-a55f-e55073ef0cee,coder-01,9,2026-02-10 00:02:11.745,"the action to take, only one name of [file_read, file_write, file_edit, file_list, shell_run, code_search, find_file], just the name, exactly as it's written.",,f
066bfac7-1949-4eb9-b3af-3ae57b5e663e,aa254adb-ef85-4523-a55f-e55073ef0cee,coder-01,10,2026-02-10 00:02:11.752,unknown,,f
5ca21837-69ea-4d4c-939c-71d84957d020,aae5fc27-df9e-4137-adb6-b8c6e8caea26,coder-01,1,2026-02-12 14:50:02.714,file_write,10,f
29cc1ba7-6aac-4adc-9bfd-4151ad5c7eba,f75a2b1e-60fa-446f-933c-2d3e8566466d,coder-01,1,2026-02-12 14:50:02.723,file_write,20,f
de4c7994-b499-4ad5-b649-0777d799c93b,aae5fc27-df9e-4137-adb6-b8c6e8caea26,coder-01,2,2026-02-12 14:50:05.092,shell_run,0,f
3ca03211-b461-42b2-be0a-9bbc3033041a,f75a2b1e-60fa-446f-933c-2d3e8566466d,coder-01,2,2026-02-12 14:50:05.106,shell_run,14,f
4d81ef9e-ca8c-45ed-b127-d32d6c237ade,aae5fc27-df9e-4137-adb6-b8c6e8caea26,coder-01,3,2026-02-12 14:50:09.504,file_write,10,f
73913706-8dd8-4835-8e22-95ffce08f39c,f75a2b1e-60fa-446f-933c-2d3e8566466d,coder-01,3,2026-02-12 14:50:09.516,file_write,23,f
5eb5c86a-7730-4d85-8fd0-6cef64ee45af,aae5fc27-df9e-4137-adb6-b8c6e8caea26,coder-01,6,2026-02-12 14:50:54.491,file_edit,12,f
0c545c8a-24e0-416e-b236-dffd1644bfd3,f75a2b1e-60fa-446f-933c-2d3e8566466d,coder-01,6,2026-02-12 14:50:54.502,file_edit,24,f
b2a96725-1582-4e2b-afad-6b05c19583ea,aae5fc27-df9e-4137-adb6-b8c6e8caea26,coder-01,4,2026-02-12 14:50:13.61,shell_run,2356,f
818a268b-607f-47d0-be14-133f33ec95e0,f75a2b1e-60fa-446f-933c-2d3e8566466d,coder-01,4,2026-02-12 14:50:13.618,shell_run,2364,f
42b11458-c96b-4780-ae94-9c469fcb51d6,aae5fc27-df9e-4137-adb6-b8c6e8caea26,coder-01,5,2026-02-12 14:50:15.931,file_edit,14,f
0c36bfcd-f2e6-494d-87c8-4e46962412b8,f75a2b1e-60fa-446f-933c-2d3e8566466d,coder-01,5,2026-02-12 14:50:15.938,file_edit,21,f
5cd80e04-d943-4523-9d19-4e87cd820e20,aae5fc27-df9e-4137-adb6-b8c6e8caea26,coder-01,10,2026-02-12 14:52:25.916,file_edit,11,f
48bb9e2a-99b6-45ca-acf4-ec6dfd732730,f75a2b1e-60fa-446f-933c-2d3e8566466d,coder-01,10,2026-02-12 14:52:25.929,file_edit,23,f
8b5cfe00-e1e1-466d-87a6-d4622fa6ab5c,f75a2b1e-60fa-446f-933c-2d3e8566466d,coder-01,11,2026-02-12 14:53:02.313,"the action to take, only one name of [file_read, file_write, file_edit, file_list, shell_run, code_search, find_file], just the name, exactly as it's written.",,f
e3562687-1877-4897-b03a-3a2292d3bb64,f75a2b1e-60fa-446f-933c-2d3e8566466d,coder-01,12,2026-02-12 14:53:02.319,unknown,,f
a02810d1-793d-4aa8-99e4-ac201c143ca0,f75a2b1e-60fa-446f-933c-2d3e8566466d,coder-01,13,2026-02-12 14:53:02.329,"the action to take, only one name of [file_read, file_write, file_edit, file_list, shell_run, code_search, find_file], just the name, exactly as it's written.",,f
54263d97-b9f1-407b-aa51-24efed3ca7cb,f75a2b1e-60fa-446f-933c-2d3e8566466d,coder-01,14,2026-02-12 14:53:02.334,unknown,,f
8e020b17-ed53-447b-9a11-8080fcb162ce,f75a2b1e-60fa-446f-933c-2d3e8566466d,coder-01,15,2026-02-12 14:53:02.341,"the action to take, only one name of [file_read, file_write, file_edit, file_list, shell_run, code_search, find_file], just the name, exactly as it's written.",,f
c90eaf74-b158-47b2-9da1-2fde503ab9f3,f75a2b1e-60fa-446f-933c-2d3e8566466d,coder-01,16,2026-02-12 14:53:02.347,unknown,,f
96d826e3-b8cc-4c29-87c9-175f2f48553a,f75a2b1e-60fa-446f-933c-2d3e8566466d,coder-01,17,2026-02-12 14:53:02.353,"the action to take, only one name of [file_read, file_write, file_edit, file_list, shell_run, code_search, find_file], just the name, exactly as it's written.",,f
4ba1d902-e0de-4234-af40-a93a51ef04fc,f75a2b1e-60fa-446f-933c-2d3e8566466d,coder-01,18,2026-02-12 14:53:02.359,unknown,,f
1d04d295-1191-4f7f-9425-5428c3dd1015,f75a2b1e-60fa-446f-933c-2d3e8566466d,coder-01,19,2026-02-12 14:53:02.366,"the action to take, only one name of [file_read, file_write, file_edit, file_list, shell_run, code_search, find_file], just the name, exactly as it's written.",,f
cfaf630f-beaa-410f-b026-63173a1d16e7,f75a2b1e-60fa-446f-933c-2d3e8566466d,coder-01,20,2026-02-12 14:53:02.372,unknown,,f
6d71e48a-83f1-4376-9544-6211805dfb71,f75a2b1e-60fa-446f-933c-2d3e8566466d,coder-01,21,2026-02-12 14:53:02.379,"code_search' don't exist, these are the only available Actions:",,f
0fbb12a7-f369-4e6a-a749-ffe6c22944e3,f75a2b1e-60fa-446f-933c-2d3e8566466d,coder-01,22,2026-02-12 14:53:02.386,code_search[00m,,f
138594ce-dc43-4bce-b959-52e5f1181527,f75a2b1e-60fa-446f-933c-2d3e8566466d,coder-01,23,2026-02-12 14:53:02.392,"code_search' don't exist, these are the only available Actions:",,f
07961bc7-e013-4125-80aa-31dc15c2024b,f75a2b1e-60fa-446f-933c-2d3e8566466d,coder-01,24,2026-02-12 14:53:02.398,"the action to take, should be one of [file_read, file_write, file_edit, file_list, shell_run, code_search, find_file]",,f
68220000-5b66-48f4-8953-0e63a8d95803,f75a2b1e-60fa-446f-933c-2d3e8566466d,coder-01,25,2026-02-12 14:53:02.403,unknown,,f
bd195ac3-467e-48ef-abf1-54b104c0be2c,f75a2b1e-60fa-446f-933c-2d3e8566466d,coder-01,26,2026-02-12 14:53:02.413,"the action to take, only one name of [file_read, file_write, file_edit, file_list, shell_run, code_search, find_file], just the name, exactly as it's written.",,f
2d914157-5fa3-43b5-939d-ebf3f548d087,f75a2b1e-60fa-446f-933c-2d3e8566466d,coder-01,27,2026-02-12 14:53:02.42,unknown,,f
5d948a78-307d-4bbd-a7e9-589a6ef7460a,aae5fc27-df9e-4137-adb6-b8c6e8caea26,coder-01,7,2026-02-12 14:51:00.25,shell_run,1613,f
0a701141-8f2f-4dc5-bfa6-833144933d37,f75a2b1e-60fa-446f-933c-2d3e8566466d,coder-01,7,2026-02-12 14:51:00.256,shell_run,1620,f
d5db71a3-a923-4b74-ae6f-6012bf6b4c56,aae5fc27-df9e-4137-adb6-b8c6e8caea26,coder-01,8,2026-02-12 14:51:11.13,file_read,7,f
a3adc027-13bd-4785-b5ca-e02e1073ec5f,f75a2b1e-60fa-446f-933c-2d3e8566466d,coder-01,8,2026-02-12 14:51:11.142,file_read,20,f
bb1593ea-70c8-4254-81fa-8052e7989bed,aae5fc27-df9e-4137-adb6-b8c6e8caea26,coder-01,9,2026-02-12 14:51:18.139,file_edit,10,f
ff6b37f2-9026-4dce-8790-31d8b960d292,f75a2b1e-60fa-446f-933c-2d3e8566466d,coder-01,9,2026-02-12 14:51:18.147,file_edit,16,f
9effdf9f-53e2-4d4f-abc5-348c8e12e1f6,aae5fc27-df9e-4137-adb6-b8c6e8caea26,coder-01,12,2026-02-12 14:54:21.482,file_write,10,f
85674ded-30dc-4a59-a749-f6d3c35c0404,f75a2b1e-60fa-446f-933c-2d3e8566466d,coder-01,33,2026-02-12 14:54:21.49,file_write,18,f
48e95302-ae02-415f-802d-9fe50382dc52,3935adc1-fbd7-4c68-b91d-79b864437873,qa-01,2,2026-02-12 14:54:21.498,file_write,26,f
83664957-7900-4623-a937-3007f7005c18,aae5fc27-df9e-4137-adb6-b8c6e8caea26,coder-01,13,2026-02-12 14:54:23.209,file_write,13,f
590757a3-61b6-4c56-9a9d-b3ea643e236f,f75a2b1e-60fa-446f-933c-2d3e8566466d,coder-01,34,2026-02-12 14:54:23.219,file_write,23,f
48b925ce-dee9-4396-917f-313a099550b9,3935adc1-fbd7-4c68-b91d-79b864437873,qa-01,3,2026-02-12 14:54:23.225,file_write,29,f
5eeb2795-dde7-46cd-9c66-12742b1de273,aae5fc27-df9e-4137-adb6-b8c6e8caea26,coder-01,14,2026-02-12 14:54:24.773,file_read,9,f
d5d770e1-5d21-43f4-94f2-daa1c6c3aae1,f75a2b1e-60fa-446f-933c-2d3e8566466d,coder-01,35,2026-02-12 14:54:24.784,file_read,20,f
f7bcaa99-2dee-4a3c-adb0-aab300b41173,3935adc1-fbd7-4c68-b91d-79b864437873,qa-01,4,2026-02-12 14:54:24.791,file_read,27,f
578abdc9-ad96-42c9-b6bd-bc4eb771d831,aae5fc27-df9e-4137-adb6-b8c6e8caea26,coder-01,15,2026-02-12 14:54:27.984,file_write,21,f
afff8b5f-5410-4c47-b2dc-889b557470d6,f75a2b1e-60fa-446f-933c-2d3e8566466d,coder-01,36,2026-02-12 14:54:27.991,file_write,28,f
3c7b9157-dd79-4ab0-9301-e97478bbf2d9,aae5fc27-df9e-4137-adb6-b8c6e8caea26,coder-01,16,2026-02-12 14:54:30.528,shell_run,1034,f
551dcf54-3932-4f49-bc31-ef3f7101e586,f75a2b1e-60fa-446f-933c-2d3e8566466d,coder-01,37,2026-02-12 14:54:30.534,shell_run,1041,f
ff0ff1ba-3f81-4fca-a5d1-52a0c3cc314b,3935adc1-fbd7-4c68-b91d-79b864437873,qa-01,6,2026-02-12 14:54:30.541,shell_run,1047,f
fe2f1ba9-4cb2-4a47-9f49-14052b5f06c3,aae5fc27-df9e-4137-adb6-b8c6e8caea26,coder-01,17,2026-02-12 14:54:32.587,file_list,12,f
8f4710b7-a772-4ab3-9914-56039f230f8f,f75a2b1e-60fa-446f-933c-2d3e8566466d,coder-01,38,2026-02-12 14:54:32.598,file_list,23,f
777bd9c5-38d8-4869-8edb-e3dd121adbe6,3935adc1-fbd7-4c68-b91d-79b864437873,qa-01,7,2026-02-12 14:54:32.606,file_list,32,f
338b013f-ca56-4367-beaa-0f1ced9c0298,9dfb7c24-167b-482f-a929-22211c91e398,coder-01,86,2026-02-13 12:03:22.058,file_edit,116,f
ae66acbc-ba69-466c-abf7-9810e3a4fb46,b6a07738-f434-47d5-b2c8-73d6208fb99e,coder-01,79,2026-02-13 12:03:22.063,file_edit,121,f
690e448b-3006-4a22-bc80-6ff9f71f297b,c709783c-1f03-4937-9b49-fdd6f3c2fcb3,coder-01,82,2026-02-13 12:03:22.069,file_edit,127,f
699a448e-b867-4371-8cf3-3617adb1f9bf,c544138c-7b9c-4074-9390-7563f48d3dfd,coder-01,74,2026-02-13 12:03:22.074,file_edit,132,f
55ef7e17-3a46-4d4a-acd6-e1c2f1ff6b15,a616133e-d0c0-4cf0-b366-8ad458906eb2,coder-01,69,2026-02-13 12:03:22.079,file_edit,137,f
18d51b78-1fb6-4783-a77a-1849b58cf79e,e5d0cdaa-0921-42ae-b7ea-d83faeb4156e,coder-01,84,2026-02-13 12:03:22.084,file_edit,143,f
1bee1fd7-d13f-4297-8a81-b02468b687b8,d7dc224c-013a-4cc1-98e8-a39f062f266b,coder-01,80,2026-02-13 12:03:22.09,file_edit,148,f
51983921-d65b-4f9c-9663-6a6f8f6e55d2,69d8d66c-77b2-4250-9dc8-c52fbbe15c67,coder-01,61,2026-02-13 12:03:22.095,file_edit,153,f
14122a24-e2b1-4f25-b076-785e8b230ee8,bd725b15-8f05-48c1-86ee-566821f22c69,coder-01,55,2026-02-13 12:03:22.101,file_edit,159,f
ae52f01f-b64b-4f8a-a803-ba2dc6ff899e,d7dc224c-013a-4cc1-98e8-a39f062f266b,coder-01,51,2026-02-13 12:03:22.106,file_edit,164,f
66fa9dcc-3727-4f61-b816-883452c85479,e98343a8-9d76-42f9-9b00-8807c9a75699,coder-01,55,2026-02-13 12:03:22.111,file_edit,169,f
7747d6bf-ddb1-41e9-978a-9cd7d2ba3b6a,77dc4b56-eb73-4241-b51c-290cbb175d6a,coder-01,38,2026-02-13 12:03:22.117,file_edit,175,f
d9a045af-b0e1-45a0-bfa0-c8793a4af646,77dc4b56-eb73-4241-b51c-290cbb175d6a,coder-01,53,2026-02-13 12:03:22.122,file_edit,181,f
3fa9d37d-600e-484f-bf04-a80b519e7593,ba8a1da7-2c5d-43d7-bd94-14f808a1c77e,coder-01,45,2026-02-13 12:03:22.128,file_edit,186,f
00c83cf9-a8ee-4104-97ff-bd65ac6ac8bc,3935adc1-fbd7-4c68-b91d-79b864437873,qa-01,8,2026-02-12 14:54:36.07,shell_run,16,f
48092996-dab6-4128-8636-5d83c8609d14,aae5fc27-df9e-4137-adb6-b8c6e8caea26,coder-01,19,2026-02-12 14:54:37.962,shell_run,25,f
987a7974-3960-49db-b6e8-492edb4700b2,f75a2b1e-60fa-446f-933c-2d3e8566466d,coder-01,40,2026-02-12 14:54:37.973,shell_run,37,f
24859b4a-9546-4a8e-9036-e77f2c5f3057,3935adc1-fbd7-4c68-b91d-79b864437873,qa-01,9,2026-02-12 14:54:37.982,shell_run,45,f
2e3e1b34-6f57-47cb-a473-8a08c1d1c496,aae5fc27-df9e-4137-adb6-b8c6e8caea26,coder-01,20,2026-02-12 14:54:39.95,shell_run,0,f
13ce28ae-8f6f-4a2d-9a90-4cb98579f8b4,f75a2b1e-60fa-446f-933c-2d3e8566466d,coder-01,41,2026-02-12 14:54:39.963,shell_run,12,f
98057660-85c5-4f00-95af-dab4f9711a09,3935adc1-fbd7-4c68-b91d-79b864437873,qa-01,10,2026-02-12 14:54:39.971,shell_run,21,f
5d048e87-f66c-4a27-97ee-df263adee7bf,aae5fc27-df9e-4137-adb6-b8c6e8caea26,coder-01,21,2026-02-12 14:54:46.032,shell_run,831,f
f61a10dc-00fa-4fa8-87c1-15ae5c0249eb,f75a2b1e-60fa-446f-933c-2d3e8566466d,coder-01,42,2026-02-12 14:54:46.037,shell_run,837,f
a46fffeb-87cb-4000-a805-5e66d0ff0823,3935adc1-fbd7-4c68-b91d-79b864437873,qa-01,11,2026-02-12 14:54:46.043,shell_run,842,f
6bf74c8d-a346-4329-9ebf-c2aa84b4bc84,aae5fc27-df9e-4137-adb6-b8c6e8caea26,coder-01,22,2026-02-12 14:54:59.566,shell_run,0,f
aa80b288-cc76-4c8b-9e65-63100d6441f4,f75a2b1e-60fa-446f-933c-2d3e8566466d,coder-01,43,2026-02-12 14:54:59.576,shell_run,10,f
90996e69-b36b-4224-82c5-d8bdbb9d331b,3935adc1-fbd7-4c68-b91d-79b864437873,qa-01,12,2026-02-12 14:54:59.582,shell_run,17,f
dee22b3f-c776-446c-b572-d4e30cd842b2,aae5fc27-df9e-4137-adb6-b8c6e8caea26,coder-01,23,2026-02-12 14:55:03.028,shell_run,0,f
d227caf7-a2d8-4954-a6e5-7d74207d898f,f75a2b1e-60fa-446f-933c-2d3e8566466d,coder-01,44,2026-02-12 14:55:03.034,shell_run,6,f
c1eee7ae-6691-437b-848b-aec1687fd1db,3935adc1-fbd7-4c68-b91d-79b864437873,qa-01,13,2026-02-12 14:55:03.04,shell_run,11,f
6a0593e4-2657-4751-a870-33da61c1423b,aae5fc27-df9e-4137-adb6-b8c6e8caea26,coder-01,24,2026-02-12 14:56:19.74,shell_run,0,f
43fa7ee2-96b4-4ef7-9962-03efc94ce20b,f75a2b1e-60fa-446f-933c-2d3e8566466d,coder-01,45,2026-02-12 14:56:19.746,shell_run,6,f
8908d0b6-2722-47ec-a531-95d101a088c5,3935adc1-fbd7-4c68-b91d-79b864437873,qa-01,14,2026-02-12 14:56:19.752,shell_run,13,f
c717469d-3c7d-4086-9b69-b28216311b82,aae5fc27-df9e-4137-adb6-b8c6e8caea26,coder-01,25,2026-02-12 14:56:33.751,shell_run,0,f
565d5d50-fdd9-43a5-bbc6-cd6be27be910,f75a2b1e-60fa-446f-933c-2d3e8566466d,coder-01,46,2026-02-12 14:56:33.763,shell_run,11,f
07a61048-4fb2-400c-8077-df62cb317197,3935adc1-fbd7-4c68-b91d-79b864437873,qa-01,15,2026-02-12 14:56:33.768,shell_run,17,f
d72e2c1e-bf53-4352-bfaf-bcf89a156442,aae5fc27-df9e-4137-adb6-b8c6e8caea26,coder-01,26,2026-02-12 14:56:46.13,shell_run,0,f
c00c8bd2-913f-4d94-adf6-3983c371b3e9,f75a2b1e-60fa-446f-933c-2d3e8566466d,coder-01,47,2026-02-12 14:56:46.14,shell_run,10,f
b32daae5-823c-45ed-ad24-26c199fd26cf,3935adc1-fbd7-4c68-b91d-79b864437873,qa-01,16,2026-02-12 14:56:46.145,shell_run,16,f
58db6626-6762-4a49-bf1e-397eba0d0b0f,476561aa-39d6-444e-a0b1-f0888b9ddb4c,coder-01,20,2026-02-13 12:03:22.135,file_edit,192,f
7d991470-2dc3-4b9f-bd88-c00f3849480e,103a6302-b032-460d-a216-d9845407b8ce,coder-01,15,2026-02-13 12:03:22.141,file_edit,198,f
8ad9572e-6422-4616-bb18-d0714ee9bdc9,6790e431-4fc3-4003-a73d-2cac2f38c999,coder-01,9,2026-02-13 12:03:22.146,file_edit,204,f
b7f53ef8-2481-4d45-9387-7c8420b3a382,b2e8c360-37e0-4c79-b8b1-86cc0b38a798,coder-01,10,2026-02-13 12:03:22.151,file_edit,209,f
049a97fb-8a08-4919-8da8-6c23c045a8b3,911cf95c-65d0-4a50-b75d-bfc9021c5fc2,coder-01,3,2026-02-13 12:03:22.156,file_edit,214,f
2818e8f6-0afb-4f2f-94db-e4bc70ae0ceb,5c4e8777-119d-41e3-acf0-411722b5a02c,coder-01,187,2026-02-13 12:03:24.695,file_read,6,f
e8282bca-cd29-44df-88a7-71ada5ec68b6,1012d0d2-dff7-467f-9a21-f8c7b0924075,coder-01,183,2026-02-13 12:03:24.706,file_read,17,f
13f623e3-4e30-457c-8987-8752f2f06139,6243144d-a5d2-4eeb-8994-390dc9a13e12,coder-01,195,2026-02-13 12:03:24.714,file_read,25,f
da4ed750-dc59-43d2-8c77-17914272630e,eb17b408-aba9-4859-9bfa-5e89104bfffa,coder-01,174,2026-02-13 12:03:24.721,file_read,33,f
b665d933-00f6-415f-92af-bed011ca55bd,67a94aa5-3189-4c68-8566-6b8a4fae7546,coder-01,167,2026-02-13 12:03:24.727,file_read,39,f
3a2e068f-722f-4f9e-864d-ad32043b190a,6d5b4a6a-5aa8-4a3d-8f7a-cfea16412d2a,coder-01,166,2026-02-13 12:03:24.734,file_read,46,f
c45b6237-319f-4cba-a783-22284e9190d6,f558af5d-25ba-479e-8e8b-90a8aaa1ce79,coder-01,167,2026-02-13 12:03:24.741,file_read,52,f
6c20a1fe-a71e-429a-bcde-63e246c98b2f,c6f48a65-7b86-4956-b82d-dc010642d5e4,coder-01,163,2026-02-13 12:03:24.747,file_read,59,f
9c86449f-5231-40db-8654-ae1c48803295,6f1d2123-e697-4e8a-8633-b4308b565ef5,coder-01,173,2026-02-13 12:03:24.753,file_read,66,f
c13850fd-89ff-4289-bff1-388c2de74b1e,83a0bbf4-d843-4f97-8b74-113188decd72,coder-01,147,2026-02-13 12:03:24.759,file_read,72,f
f8692f1b-5b2b-4cd2-8d42-bc85224edbd2,d1a3ab9b-4da3-4a08-859f-be8a200569b1,coder-01,163,2026-02-13 12:03:24.765,file_read,77,f
51ba41c8-4f04-45b5-9e39-11501e3511e9,f89c597b-097d-4f1e-8bc4-5a4c0b16fb71,coder-01,181,2026-02-13 12:03:24.77,file_read,83,f
ec2f9997-bdd1-47a0-81c6-465f39dce9f3,6f1d2123-e697-4e8a-8633-b4308b565ef5,coder-01,145,2026-02-13 12:03:24.776,file_read,88,f
416053aa-ceb3-4836-bc83-a35af2dc6dd1,3dd1bb00-9339-4be7-97ab-5bba3e98f695,coder-01,103,2026-02-13 12:03:24.781,file_read,94,f
1414ce86-9e79-44e2-8882-c0b6cc0c47ca,269ba714-8324-432f-b2a3-b20bf11e1e33,coder-01,97,2026-02-13 12:03:24.787,file_read,99,f
edc45064-0783-4e63-b7dd-b8a1601e048e,3935adc1-fbd7-4c68-b91d-79b864437873,qa-01,19,2026-02-12 14:59:32.939,"the action to take, only one name of [file_read, file_write, file_list, shell_run, code_search, find_file], just the name, exactly as it's written.",,f
205cc05a-3b29-4504-89f0-8abcc5d81804,3935adc1-fbd7-4c68-b91d-79b864437873,qa-01,20,2026-02-12 14:59:32.946,unknown,,f
8b9f0e68-f16b-4e58-a6a4-a2361325c5d7,3935adc1-fbd7-4c68-b91d-79b864437873,qa-01,21,2026-02-12 14:59:32.953,"the action to take, only one name of [file_read, file_write, file_list, shell_run, code_search, find_file], just the name, exactly as it's written.",,f
7d5afd6b-e01c-4eb0-9313-109951f293b5,3935adc1-fbd7-4c68-b91d-79b864437873,qa-01,22,2026-02-12 14:59:32.959,unknown,,f
c336464c-0dbd-49ac-afda-b07942637ea8,3935adc1-fbd7-4c68-b91d-79b864437873,qa-01,23,2026-02-12 14:59:32.966,"the action to take, only one name of [file_read, file_write, file_list, shell_run, code_search, find_file], just the name, exactly as it's written.",,f
3a69b904-349b-4a11-bd69-11aca13af962,3935adc1-fbd7-4c68-b91d-79b864437873,qa-01,24,2026-02-12 14:59:32.971,unknown,,f
feffc6c1-cc47-4346-8149-e9e217aba168,3935adc1-fbd7-4c68-b91d-79b864437873,qa-01,25,2026-02-12 14:59:32.978,"the action to take, only one name of [file_read, file_write, file_list, shell_run, code_search, find_file], just the name, exactly as it's written.",,f
fd0e2bc9-febb-4aab-91fd-86f3188e1b1f,3935adc1-fbd7-4c68-b91d-79b864437873,qa-01,26,2026-02-12 14:59:32.984,unknown,,f
c58495db-8edc-41c0-a394-5623bfe193f7,3935adc1-fbd7-4c68-b91d-79b864437873,qa-01,27,2026-02-12 14:59:32.991,"the action to take, only one name of [file_read, file_write, file_list, shell_run, code_search, find_file], just the name, exactly as it's written.",,f
82fc577b-e5dc-4524-a70a-1bfd36501256,3935adc1-fbd7-4c68-b91d-79b864437873,qa-01,28,2026-02-12 14:59:32.997,unknown,,f
f7022ede-0452-48c4-ab5b-bd9b1107d0cf,3935adc1-fbd7-4c68-b91d-79b864437873,qa-01,29,2026-02-12 14:59:33.006,"the action to take, only one name of [file_read, file_write, file_list, shell_run, code_search, find_file], just the name, exactly as it's written.",,f
17846d8b-acb3-44e7-aa56-f05be16ce3c5,3935adc1-fbd7-4c68-b91d-79b864437873,qa-01,30,2026-02-12 14:59:33.013,unknown,,f
57834f82-afbc-4930-8edf-e380ea9a8265,3935adc1-fbd7-4c68-b91d-79b864437873,qa-01,31,2026-02-12 14:59:33.02,"the action to take, only one name of [file_read, file_write, file_list, shell_run, code_search, find_file], just the name, exactly as it's written.",,f
e6c5807c-137f-4654-b85a-815c67de4ae6,3935adc1-fbd7-4c68-b91d-79b864437873,qa-01,32,2026-02-12 14:59:33.028,unknown,,f
7db13ead-a21e-401d-907c-de2859f9f65d,3935adc1-fbd7-4c68-b91d-79b864437873,qa-01,33,2026-02-12 14:59:33.038,"the action to take, only one name of [file_read, file_write, file_list, shell_run, code_search, find_file], just the name, exactly as it's written.",,f
2f574866-9a78-4fcf-ac71-a67c26ce91dc,3935adc1-fbd7-4c68-b91d-79b864437873,qa-01,34,2026-02-12 14:59:33.044,unknown,,f
ef2fad12-27f4-41ce-8e8a-4b8f373d469e,3935adc1-fbd7-4c68-b91d-79b864437873,qa-01,35,2026-02-12 14:59:33.051,"the action to take, only one name of [file_read, file_write, file_list, shell_run, code_search, find_file], just the name, exactly as it's written.",,f
1cfc59ad-6645-4799-831d-6809fb6f5517,3935adc1-fbd7-4c68-b91d-79b864437873,qa-01,36,2026-02-12 14:59:33.057,unknown,,f
25bd17ec-a46f-4b05-8310-0c2ba126d855,3935adc1-fbd7-4c68-b91d-79b864437873,qa-01,37,2026-02-12 14:59:33.064,"the action to take, only one name of [file_read, file_write, file_list, shell_run, code_search, find_file], just the name, exactly as it's written.",,f
ef34a6d6-33fc-4711-8d44-2270810fe08e,3935adc1-fbd7-4c68-b91d-79b864437873,qa-01,38,2026-02-12 14:59:33.072,unknown,,f
f29ca751-3819-42c4-a765-30dc55cd996a,3935adc1-fbd7-4c68-b91d-79b864437873,qa-01,39,2026-02-12 14:59:33.078,"the action to take, only one name of [file_read, file_write, file_list, shell_run, code_search, find_file], just the name, exactly as it's written.",,f
db3b5db7-dbdb-4458-af97-29d0dbcf6b29,3935adc1-fbd7-4c68-b91d-79b864437873,qa-01,40,2026-02-12 14:59:33.084,unknown,,f
0bb48c26-eb89-469e-8a70-40c3042edb30,3935adc1-fbd7-4c68-b91d-79b864437873,qa-01,41,2026-02-12 14:59:33.091,"the action to take, only one name of [file_read, file_write, file_list, shell_run, code_search, find_file], just the name, exactly as it's written.",,f
fd28b4a8-8574-4805-85e7-e4ea38b991a6,3935adc1-fbd7-4c68-b91d-79b864437873,qa-01,42,2026-02-12 14:59:33.097,unknown,,f
7a604bfc-5a6b-4c2f-8853-a4909c67834a,3935adc1-fbd7-4c68-b91d-79b864437873,qa-01,43,2026-02-12 14:59:33.103,"the action to take, only one name of [file_read, file_write, file_list, shell_run, code_search, find_file], just the name, exactly as it's written.",,f
66e6f7de-c2ec-4f15-8ba6-323079a87b53,3935adc1-fbd7-4c68-b91d-79b864437873,qa-01,44,2026-02-12 14:59:33.109,unknown,,f
4fd5b415-ee9c-439f-bdd8-910b9d5f2188,3935adc1-fbd7-4c68-b91d-79b864437873,qa-01,45,2026-02-12 14:59:33.118,"the action to take, only one name of [file_read, file_write, file_list, shell_run, code_search, find_file], just the name, exactly as it's written.",,f
1d0ab860-8f47-47b2-9c64-e53b7c273595,3935adc1-fbd7-4c68-b91d-79b864437873,qa-01,46,2026-02-12 14:59:33.123,unknown,,f
f95fee41-b87f-437a-9daf-48fd9f4ef262,3935adc1-fbd7-4c68-b91d-79b864437873,qa-01,47,2026-02-12 14:59:33.13,"the action to take, should be one of [file_read, file_write, file_list, shell_run, code_search, find_file]",,f
42836e31-ce73-4ec8-8ce5-a964f298f0db,3935adc1-fbd7-4c68-b91d-79b864437873,qa-01,48,2026-02-12 14:59:33.135,unknown,,f
d69ec161-0aea-4087-8d6d-b91247496e2f,3935adc1-fbd7-4c68-b91d-79b864437873,qa-01,49,2026-02-12 14:59:33.141,"the action to take, should be one of [file_read, file_write, file_list, shell_run, code_search, find_file]",,f
9d0d9f89-b55b-450f-8747-44e85fdb865c,3935adc1-fbd7-4c68-b91d-79b864437873,qa-01,50,2026-02-12 14:59:33.147,unknown,,f
c08702a4-b26e-4be1-a3f8-0ff787a8809a,3935adc1-fbd7-4c68-b91d-79b864437873,qa-01,51,2026-02-12 14:59:33.154,"the action to take, should be one of [file_read, file_write, file_list, shell_run, code_search, find_file]",,f
208d7c04-db82-4d8b-8ee7-b0bea4b51f5b,3935adc1-fbd7-4c68-b91d-79b864437873,qa-01,52,2026-02-12 14:59:33.159,unknown,,f
c1ca537e-e24a-492e-aada-5eaf770572df,3935adc1-fbd7-4c68-b91d-79b864437873,qa-01,55,2026-02-12 14:59:33.177,"the action to take, should be one of [file_read, file_write, file_list, shell_run, code_search, find_file]",,f
fee81e17-7a90-4843-90ba-febe9bd36281,3935adc1-fbd7-4c68-b91d-79b864437873,qa-01,56,2026-02-12 14:59:33.182,unknown,,f
59e4716f-bbac-4bee-b804-dcab44929f50,3935adc1-fbd7-4c68-b91d-79b864437873,qa-01,57,2026-02-12 14:59:33.189,"the action to take, should be one of [file_read, file_write, file_list, shell_run, code_search, find_file]",,f
3426cc43-ca8d-4fe7-a44e-e1433e07c68d,3935adc1-fbd7-4c68-b91d-79b864437873,qa-01,58,2026-02-12 14:59:33.194,unknown,,f
43e9dbc6-e42f-4a91-89fb-ce5f9537defe,3935adc1-fbd7-4c68-b91d-79b864437873,qa-01,59,2026-02-12 14:59:33.2,"' after 'Thought:'. I will do right next, and don't use a tool I have already used.",,f
b3f484d0-e548-4e5d-a389-3db3af4e78a3,aae5fc27-df9e-4137-adb6-b8c6e8caea26,coder-01,27,2026-02-12 14:59:45.217,file_write,6,f
dcd29de4-3ca6-4121-8a3c-dede967c3e17,f75a2b1e-60fa-446f-933c-2d3e8566466d,coder-01,48,2026-02-12 14:59:45.227,file_write,17,f
961ff0c3-9906-4cc8-a34f-2aef9b12191b,3935adc1-fbd7-4c68-b91d-79b864437873,qa-01,60,2026-02-12 14:59:45.233,file_write,23,f
92b095d7-0ff6-4a9e-94ad-5d3c54a60968,f6f8ec10-b23d-4b1a-9699-3c7317a31e87,coder-01,1,2026-02-12 14:59:45.239,file_write,30,f
248825ea-1285-41dc-8d00-8e2a14eff26f,aae5fc27-df9e-4137-adb6-b8c6e8caea26,coder-01,28,2026-02-12 14:59:47.835,shell_run,29,f
a1f08ebf-ab57-4a91-8afa-6e9d6e43ee78,f75a2b1e-60fa-446f-933c-2d3e8566466d,coder-01,49,2026-02-12 14:59:47.84,shell_run,34,f
2b04a3fd-073d-445c-bca7-37ea19d06b75,3935adc1-fbd7-4c68-b91d-79b864437873,qa-01,61,2026-02-12 14:59:47.845,shell_run,39,f
3a31a816-da67-40e1-817b-8b9857ecbf09,f6f8ec10-b23d-4b1a-9699-3c7317a31e87,coder-01,2,2026-02-12 14:59:47.849,shell_run,43,f
c13fe828-f97e-4e6e-93d4-f4e93a9e67b1,aae5fc27-df9e-4137-adb6-b8c6e8caea26,coder-01,29,2026-02-12 14:59:52.653,shell_run,3310,f
778d805e-559e-4e10-9e96-1539c333f466,3935adc1-fbd7-4c68-b91d-79b864437873,qa-01,69,2026-02-12 15:03:36.803,file_write,19,f
e4bc5c98-6f15-46ba-a4a7-79ed7c68c85c,f6f8ec10-b23d-4b1a-9699-3c7317a31e87,coder-01,21,2026-02-12 15:03:36.809,file_write,25,f
6e700d2a-3834-45a7-b910-720362585820,f75a2b1e-60fa-446f-933c-2d3e8566466d,coder-01,50,2026-02-12 14:59:52.658,shell_run,3316,f
2171474c-1795-4323-8d12-5b7e83863001,3935adc1-fbd7-4c68-b91d-79b864437873,qa-01,62,2026-02-12 14:59:52.664,shell_run,3321,f
b2ba1b6e-d51f-44bd-84b9-e5aba713fbeb,f6f8ec10-b23d-4b1a-9699-3c7317a31e87,coder-01,3,2026-02-12 14:59:52.668,shell_run,3326,f
77d6a399-9d9f-4aec-bdad-b497f3455c38,aae5fc27-df9e-4137-adb6-b8c6e8caea26,coder-01,30,2026-02-12 14:59:57.697,shell_run,436,f
28cd1c23-38b7-4483-8de1-0a1da2af2b71,f75a2b1e-60fa-446f-933c-2d3e8566466d,coder-01,51,2026-02-12 14:59:57.702,shell_run,442,f
935a96b6-6efc-498f-b67d-2fab6179214f,3935adc1-fbd7-4c68-b91d-79b864437873,qa-01,63,2026-02-12 14:59:57.709,shell_run,448,f
66e7f5b7-fb15-4ee7-9f51-644f9139bd86,f6f8ec10-b23d-4b1a-9699-3c7317a31e87,coder-01,4,2026-02-12 14:59:57.716,shell_run,455,f
6993a991-af3a-4e36-b816-253afb043c5f,aae5fc27-df9e-4137-adb6-b8c6e8caea26,coder-01,31,2026-02-12 15:00:26.482,shell_run,692,f
2bc999b7-4eda-4be6-9d81-cb6327cb62fe,a3d8fba3-3553-4cda-bf30-c07ea0c05a7a,qa-01,5,2026-02-12 15:03:36.815,file_write,31,f
9ff92405-24f8-4982-9ba6-09d1b83069d1,de8cd0e7-1ba6-458a-9702-d3c4fce071af,coder-01,1,2026-02-12 15:16:23.116,file_write,6,f
d78dd239-ebd6-4914-b64b-7e40a88c3235,de8cd0e7-1ba6-458a-9702-d3c4fce071af,coder-01,2,2026-02-12 15:16:26.258,shell_run,0,f
37de1115-db1a-4d1e-9ede-b562316f6c30,f75a2b1e-60fa-446f-933c-2d3e8566466d,coder-01,52,2026-02-12 15:00:26.491,shell_run,701,f
7e5b8b9a-09c8-4a1f-b468-a67528d21a76,3935adc1-fbd7-4c68-b91d-79b864437873,qa-01,64,2026-02-12 15:00:26.497,shell_run,707,f
5cd3eef7-8079-4e30-bebb-02fe67d3df70,f6f8ec10-b23d-4b1a-9699-3c7317a31e87,coder-01,5,2026-02-12 15:00:26.502,shell_run,712,f
69bccf3d-1523-489f-9a81-5bdf7a80fb93,f6f8ec10-b23d-4b1a-9699-3c7317a31e87,coder-01,6,2026-02-12 15:00:38.557,"the action to take, should be one of [file_read, file_write, file_edit, file_list, shell_run, code_search, find_file]",,f
9c830600-b0b7-4f43-bf0c-cf2d4c666a30,f6f8ec10-b23d-4b1a-9699-3c7317a31e87,coder-01,7,2026-02-12 15:00:38.562,unknown,,f
742cae2f-5ea7-4c24-9347-7c868b28c20e,f6f8ec10-b23d-4b1a-9699-3c7317a31e87,coder-01,8,2026-02-12 15:00:38.57,"the action to take, only one name of [file_read, file_write, file_edit, file_list, shell_run, code_search, find_file], just the name, exactly as it's written.",,f
74c7a80b-658d-44af-b843-85beaec62772,f6f8ec10-b23d-4b1a-9699-3c7317a31e87,coder-01,9,2026-02-12 15:00:38.576,unknown,,f
bc8daf2b-b78f-4ad5-887a-33bf4f93a503,f6f8ec10-b23d-4b1a-9699-3c7317a31e87,coder-01,10,2026-02-12 15:00:38.584,"the action to take, only one name of [file_read, file_write, file_edit, file_list, shell_run, code_search, find_file], just the name, exactly as it's written.",,f
ebba6f6b-6849-4c1f-828a-1b7ec3313c10,f6f8ec10-b23d-4b1a-9699-3c7317a31e87,coder-01,11,2026-02-12 15:00:38.59,unknown,,f
382dc26f-f3b3-4104-8d04-a046567bbb2a,f6f8ec10-b23d-4b1a-9699-3c7317a31e87,coder-01,12,2026-02-12 15:00:38.598,"the action to take, only one name of [file_read, file_write, file_edit, file_list, shell_run, code_search, find_file], just the name, exactly as it's written.",,f
53656bb2-edd1-4534-934d-5ce89d477c98,f6f8ec10-b23d-4b1a-9699-3c7317a31e87,coder-01,13,2026-02-12 15:00:38.604,unknown,,f
15aaa080-1047-4585-aac9-e93d8bcd782d,f6f8ec10-b23d-4b1a-9699-3c7317a31e87,coder-01,14,2026-02-12 15:00:38.613,"the action to take, only one name of [file_read, file_write, file_edit, file_list, shell_run, code_search, find_file], just the name, exactly as it's written.",,f
1ca72c1c-c419-4bb8-b1ee-80db0304dfdd,f6f8ec10-b23d-4b1a-9699-3c7317a31e87,coder-01,15,2026-02-12 15:00:38.619,unknown,,f
30406d49-d751-4388-828b-dec9797ceb79,f6f8ec10-b23d-4b1a-9699-3c7317a31e87,coder-01,16,2026-02-12 15:00:38.625,"' after 'Thought:'. I will do right next, and don't use a tool I have already used.",,f
4ac02daa-4c32-43b7-b44b-700fa6c9327c,aae5fc27-df9e-4137-adb6-b8c6e8caea26,coder-01,32,2026-02-12 15:03:06.554,file_write,8,f
a5952910-6220-43e7-b851-6298fa3b818e,22ac8e2f-da14-498d-afe0-8a90443c4fe0,coder-01,104,2026-02-13 12:03:24.794,file_read,106,f
f63ad4ff-a155-4cf9-96cb-31972670d6ca,6fb4500c-c316-4f3e-a7fd-c4b49f63def0,coder-01,91,2026-02-13 12:03:24.8,file_read,112,f
2da5a1a6-c848-4a7a-9a95-2f94008c5e66,9dfb7c24-167b-482f-a929-22211c91e398,coder-01,87,2026-02-13 12:03:24.806,file_read,118,f
2335c721-e40c-406f-a197-c21aba288ee8,f75a2b1e-60fa-446f-933c-2d3e8566466d,coder-01,53,2026-02-12 15:03:06.567,file_write,20,f
0f7eb024-b839-4185-b12e-ba486e53892f,3935adc1-fbd7-4c68-b91d-79b864437873,qa-01,65,2026-02-12 15:03:06.574,file_write,28,f
7a78f5ef-15cb-48ff-b6ae-553943a1770a,f6f8ec10-b23d-4b1a-9699-3c7317a31e87,coder-01,17,2026-02-12 15:03:06.582,file_write,37,f
92eae464-b97d-4dd8-9d41-583032683f54,a3d8fba3-3553-4cda-bf30-c07ea0c05a7a,qa-01,1,2026-02-12 15:03:06.589,file_write,43,f
c046701d-79eb-491d-8905-fa4032a10423,aae5fc27-df9e-4137-adb6-b8c6e8caea26,coder-01,33,2026-02-12 15:03:21.989,file_write,6,f
a8ec1894-e8d6-4752-bf41-d51b44832dfb,f75a2b1e-60fa-446f-933c-2d3e8566466d,coder-01,54,2026-02-12 15:03:21.999,file_write,16,f
a4e0d59d-8d8c-4e8a-abd7-fa500de55244,3935adc1-fbd7-4c68-b91d-79b864437873,qa-01,66,2026-02-12 15:03:22.005,file_write,23,f
e2172133-19b0-4980-b644-36831f022d63,f6f8ec10-b23d-4b1a-9699-3c7317a31e87,coder-01,18,2026-02-12 15:03:22.011,file_write,29,f
77d80df8-75e7-4399-a4d3-147d5b05c4e2,a3d8fba3-3553-4cda-bf30-c07ea0c05a7a,qa-01,2,2026-02-12 15:03:22.016,file_write,34,f
b8d1e24a-1a96-41ac-8fc1-d61ec1731a0b,7b5ab70f-4c76-48fb-bfb4-05881fb29b2b,coder-01,21,2026-02-12 16:36:25.503,"the action to take, should be one of [file_read, file_write, file_edit, file_list, shell_run, code_search, find_file]",,f
ef2d829e-86c1-4665-a2f1-1418ae328d46,aae5fc27-df9e-4137-adb6-b8c6e8caea26,coder-01,34,2026-02-12 15:03:26.138,shell_run,1576,f
5b7ffb81-dbfd-468f-ac58-2b414d13f614,f75a2b1e-60fa-446f-933c-2d3e8566466d,coder-01,55,2026-02-12 15:03:26.144,shell_run,1583,f
59a4e265-f830-4bc7-beff-0b8b213b04cc,3935adc1-fbd7-4c68-b91d-79b864437873,qa-01,67,2026-02-12 15:03:26.15,shell_run,1589,f
f581cd8a-3f4f-4d45-a57c-daa28ba3086c,f6f8ec10-b23d-4b1a-9699-3c7317a31e87,coder-01,19,2026-02-12 15:03:26.156,shell_run,1594,f
8af3fa44-fbd9-4098-8220-a98f0ca82808,a3d8fba3-3553-4cda-bf30-c07ea0c05a7a,qa-01,3,2026-02-12 15:03:26.162,shell_run,1600,f
2e0bc244-ce0c-4525-ae24-a8ef69c843d7,aae5fc27-df9e-4137-adb6-b8c6e8caea26,coder-01,35,2026-02-12 15:03:29.945,file_write,7,f
8dff1b82-49bd-4f43-b6f9-e13c59fa0c3d,f75a2b1e-60fa-446f-933c-2d3e8566466d,coder-01,56,2026-02-12 15:03:29.95,file_write,13,f
8de3a85f-4449-4cf1-88b8-456325e68696,3935adc1-fbd7-4c68-b91d-79b864437873,qa-01,68,2026-02-12 15:03:29.956,file_write,19,f
86afb3e8-4435-4d9d-9a29-2269a8721f48,f6f8ec10-b23d-4b1a-9699-3c7317a31e87,coder-01,20,2026-02-12 15:03:29.962,file_write,25,f
35b50863-1dbe-4061-81fa-ad2feccda9d7,a3d8fba3-3553-4cda-bf30-c07ea0c05a7a,qa-01,4,2026-02-12 15:03:29.968,file_write,30,f
0a1d26eb-c1f5-449b-b6d2-c1e9c50dae29,aae5fc27-df9e-4137-adb6-b8c6e8caea26,coder-01,36,2026-02-12 15:03:36.79,file_write,6,f
bbd343c2-8969-4fcc-9df6-7bb47e9d3a63,f75a2b1e-60fa-446f-933c-2d3e8566466d,coder-01,57,2026-02-12 15:03:36.797,file_write,13,f
c7b49d88-1fb2-45cd-b3f3-a3541ba04391,de8cd0e7-1ba6-458a-9702-d3c4fce071af,coder-01,3,2026-02-12 15:16:28.26,shell_run,0,f
d08e84b5-043a-4cf1-ae45-819bac1589dc,de8cd0e7-1ba6-458a-9702-d3c4fce071af,coder-01,6,2026-02-12 15:16:46.083,file_read,6,f
e8dee810-2c2e-4ca1-a581-22469a6face5,de8cd0e7-1ba6-458a-9702-d3c4fce071af,coder-01,7,2026-02-12 15:16:52.658,"the action to take, only one name of [file_read, file_write, file_edit, file_list, shell_run, code_search, find_file], just the name, exactly as it's written.",,f
5a739a2f-5028-46e3-a601-e115b6e5b15b,de8cd0e7-1ba6-458a-9702-d3c4fce071af,coder-01,8,2026-02-12 15:16:52.665,unknown,,f
cfa15bae-ecad-495e-b748-b39de0b1e9fd,de8cd0e7-1ba6-458a-9702-d3c4fce071af,coder-01,9,2026-02-12 15:16:52.672,"the action to take, only one name of [file_read, file_write, file_edit, file_list, shell_run, code_search, find_file], just the name, exactly as it's written.",,f
cabd50e5-aa66-4e94-a197-7a18951403b8,de8cd0e7-1ba6-458a-9702-d3c4fce071af,coder-01,10,2026-02-12 15:16:52.677,unknown,,f
f720adc3-84ee-4aca-836e-552d44a5eac0,de8cd0e7-1ba6-458a-9702-d3c4fce071af,coder-01,13,2026-02-12 15:18:25.615,shell_run,2062,f
94ca2ffa-a65a-478e-9fa3-c3b6c6fa3c14,0e912a7f-9b09-48a5-b468-8dff91d3f686,coder-01,3,2026-02-12 15:18:25.622,shell_run,2069,f
877a8d81-085a-43f6-9ebb-bde5dc889ab3,de8cd0e7-1ba6-458a-9702-d3c4fce071af,coder-01,14,2026-02-12 15:18:34.984,file_write,8,f
6f9e2b32-fee6-48e8-a112-dab1cdeeeed2,0e912a7f-9b09-48a5-b468-8dff91d3f686,coder-01,4,2026-02-12 15:18:34.991,file_write,16,f
fb5afc31-1a60-43c1-a6ec-ee96933cb221,de8cd0e7-1ba6-458a-9702-d3c4fce071af,coder-01,15,2026-02-12 15:18:38.536,shell_run,1456,f
01a14f8b-6c1b-4dae-a865-b775a300e365,956e66fa-23f1-4952-b266-52271af032c1,coder-01,5,2026-02-12 16:07:11.089,file_edit,21,f
46fd7b01-5a5b-46dc-ab77-c6181ad0276d,956e66fa-23f1-4952-b266-52271af032c1,coder-01,11,2026-02-12 16:09:43.493,"the action to take, only one name of [file_read, file_write, file_edit, file_list, shell_run, code_search, find_file], just the name, exactly as it's written.",,f
5001cb84-18c5-49fb-880c-8b6ce4c07ca8,956e66fa-23f1-4952-b266-52271af032c1,coder-01,12,2026-02-12 16:09:43.499,unknown,,f
7250fb52-d26d-4c1a-90d1-6cbc5089ee42,956e66fa-23f1-4952-b266-52271af032c1,coder-01,13,2026-02-12 16:09:43.51,"the action to take, only one name of [file_read, file_write, file_edit, file_list, shell_run, code_search, find_file], just the name, exactly as it's written.",,f
d5048317-8b12-46d4-b425-649c19d6af92,de8cd0e7-1ba6-458a-9702-d3c4fce071af,coder-01,4,2026-02-12 15:16:38.197,file_write,4,f
a0215bbd-8945-4e8b-a2b6-f56c11ebdf1c,de8cd0e7-1ba6-458a-9702-d3c4fce071af,coder-01,5,2026-02-12 15:16:43.919,shell_run,65,f
c4959e13-df18-4613-8b35-4d6981301f77,de8cd0e7-1ba6-458a-9702-d3c4fce071af,coder-01,11,2026-02-12 15:18:18.988,file_write,13,f
f6ac09e7-de5c-4394-bc34-a71a1c95a966,0e912a7f-9b09-48a5-b468-8dff91d3f686,coder-01,1,2026-02-12 15:18:18.995,file_write,25,f
a3e971ad-1f49-4972-a235-9fe088dd8ce3,de8cd0e7-1ba6-458a-9702-d3c4fce071af,coder-01,12,2026-02-12 15:18:21.771,shell_run,26,f
4c2ef962-9bef-422c-9dcd-d6f13808577e,0e912a7f-9b09-48a5-b468-8dff91d3f686,coder-01,2,2026-02-12 15:18:21.782,shell_run,37,f
a37ef6a9-3831-476f-98df-92c360c38898,b6a07738-f434-47d5-b2c8-73d6208fb99e,coder-01,80,2026-02-13 12:03:24.811,file_read,124,f
5458877e-70f3-4855-8b75-96b05b28c7fc,c709783c-1f03-4937-9b49-fdd6f3c2fcb3,coder-01,83,2026-02-13 12:03:24.817,file_read,130,f
588ef6d8-0aa6-4a6a-9d44-b3a7bce333d4,c544138c-7b9c-4074-9390-7563f48d3dfd,coder-01,75,2026-02-13 12:03:24.823,file_read,135,f
0fc98661-df3b-4a4d-b24d-02a138ea4f1a,a616133e-d0c0-4cf0-b366-8ad458906eb2,coder-01,70,2026-02-13 12:03:24.829,file_read,141,f
e78a87de-91bb-4f97-b796-3611195540ec,e5d0cdaa-0921-42ae-b7ea-d83faeb4156e,coder-01,85,2026-02-13 12:03:24.835,file_read,147,f
3c8c489e-f542-4f0f-9cfd-1eefd60046bd,d7dc224c-013a-4cc1-98e8-a39f062f266b,coder-01,81,2026-02-13 12:03:24.843,file_read,155,f
d7b95e9d-b82d-4ce7-b2c3-cf3ef0236278,69d8d66c-77b2-4250-9dc8-c52fbbe15c67,coder-01,62,2026-02-13 12:03:24.849,file_read,161,f
4e9bc52a-b9e3-496a-ae4f-3a5d9f18a606,bd725b15-8f05-48c1-86ee-566821f22c69,coder-01,56,2026-02-13 12:03:24.855,file_read,167,f
527b4b9b-7c81-4e42-ba1b-5b8806fe8b0d,d7dc224c-013a-4cc1-98e8-a39f062f266b,coder-01,52,2026-02-13 12:03:24.86,file_read,173,f
82cc31fd-7e6b-466f-972d-6c4115580721,e98343a8-9d76-42f9-9b00-8807c9a75699,coder-01,56,2026-02-13 12:03:24.866,file_read,178,f
ae348576-f924-4169-813d-ce67200558a3,77dc4b56-eb73-4241-b51c-290cbb175d6a,coder-01,39,2026-02-13 12:03:24.872,file_read,185,f
43a72c5d-6827-41a7-8c7d-e02fe0ea8aa5,77dc4b56-eb73-4241-b51c-290cbb175d6a,coder-01,54,2026-02-13 12:03:24.878,file_read,190,f
e254b92d-9746-471d-b90d-b6d660680626,ba8a1da7-2c5d-43d7-bd94-14f808a1c77e,coder-01,46,2026-02-13 12:03:24.884,file_read,196,f
0f1ac110-e4e2-49fb-adca-ab95072fd502,476561aa-39d6-444e-a0b1-f0888b9ddb4c,coder-01,21,2026-02-13 12:03:24.89,file_read,202,f
0af70d37-9959-4f36-9c11-af5e11df07ed,0e912a7f-9b09-48a5-b468-8dff91d3f686,coder-01,5,2026-02-12 15:18:38.542,shell_run,1463,f
e4c50936-ba9f-4e70-b649-ea1dfa08d26d,0e912a7f-9b09-48a5-b468-8dff91d3f686,coder-01,6,2026-02-12 15:19:11.36,"the action to take, only one name of [file_read, file_write, file_edit, file_list, shell_run, code_search, find_file], just the name, exactly as it's written.",,f
c53a6e76-fae7-4f62-835f-84a4f50e9506,0e912a7f-9b09-48a5-b468-8dff91d3f686,coder-01,7,2026-02-12 15:19:11.367,unknown,,f
592abc9f-cd2a-474b-bd32-890278f2b868,0e912a7f-9b09-48a5-b468-8dff91d3f686,coder-01,8,2026-02-12 15:19:11.388,"' after 'Thought:'. I will do right next, and don't use a tool I have already used.",,f
605a32d1-cc60-4ccc-a4c0-baedd189b5b7,88030ed2-1183-4310-a85b-4479b7f9e2da,coder-01,1,2026-02-12 16:06:22.552,file_write,9,f
4dfef8d9-ad57-4f9b-a6ce-b21d99622b3e,88030ed2-1183-4310-a85b-4479b7f9e2da,coder-01,2,2026-02-12 16:06:26.209,file_write,7,f
631fe4e5-9038-495d-bca0-c1366d65995a,88030ed2-1183-4310-a85b-4479b7f9e2da,coder-01,3,2026-02-12 16:06:28.811,shell_run,150,f
2b986879-bd9b-46c2-a00f-abc8cb0a3c3f,88030ed2-1183-4310-a85b-4479b7f9e2da,coder-01,4,2026-02-12 16:06:34.703,"the action to take, only one name of [file_read, file_write, file_edit, file_list, shell_run, code_search, find_file], just the name, exactly as it's written.",,f
43d0f997-26e5-4ade-bdc7-13d12b723e46,88030ed2-1183-4310-a85b-4479b7f9e2da,coder-01,5,2026-02-12 16:06:34.709,unknown,,f
c1043d94-9c83-4b0a-9f8a-d81115d61e47,88030ed2-1183-4310-a85b-4479b7f9e2da,coder-01,6,2026-02-12 16:06:43.784,file_write,6,f
2677fb60-a905-498b-aeb3-ee0c12214d68,956e66fa-23f1-4952-b266-52271af032c1,coder-01,1,2026-02-12 16:06:43.794,file_write,17,f
a1c23d07-851e-4e33-b9e4-4a64bd8f6300,88030ed2-1183-4310-a85b-4479b7f9e2da,coder-01,7,2026-02-12 16:06:48.736,file_write,6,f
162d2018-da49-49b3-bbd4-3e88ba098ca4,956e66fa-23f1-4952-b266-52271af032c1,coder-01,2,2026-02-12 16:06:48.743,file_write,14,f
e116ecfa-a173-4dc1-b647-d210b77b4132,88030ed2-1183-4310-a85b-4479b7f9e2da,coder-01,8,2026-02-12 16:06:51.511,shell_run,1510,f
dcd7bf72-cf45-4e91-92f1-551b381bdf55,88030ed2-1183-4310-a85b-4479b7f9e2da,coder-01,10,2026-02-12 16:07:11.08,file_edit,10,f
69fbcdb7-9a81-4fb3-bf00-40e28a3bf0db,956e66fa-23f1-4952-b266-52271af032c1,coder-01,3,2026-02-12 16:06:51.519,shell_run,1519,f
370365cf-58ed-4bf3-9578-84919d144a75,88030ed2-1183-4310-a85b-4479b7f9e2da,coder-01,9,2026-02-12 16:07:05.97,file_edit,15,f
be815549-5647-4416-add7-7721d4d09f46,956e66fa-23f1-4952-b266-52271af032c1,coder-01,4,2026-02-12 16:07:05.977,file_edit,24,f
45992ea8-b57f-445b-b49e-170d399a8073,88030ed2-1183-4310-a85b-4479b7f9e2da,coder-01,11,2026-02-12 16:07:15.9,file_edit,10,f
01e49483-074e-4525-b588-50b206c2b344,956e66fa-23f1-4952-b266-52271af032c1,coder-01,6,2026-02-12 16:07:15.91,file_edit,20,f
3ed35f61-5979-4564-99d0-682df7bb73f5,88030ed2-1183-4310-a85b-4479b7f9e2da,coder-01,12,2026-02-12 16:07:24.316,file_edit,9,f
cf91e14b-eef7-4753-b62b-a6519e9631e9,956e66fa-23f1-4952-b266-52271af032c1,coder-01,7,2026-02-12 16:07:24.326,file_edit,20,f
1af2c95a-911c-4418-aa33-ab0ccb4baf7b,88030ed2-1183-4310-a85b-4479b7f9e2da,coder-01,13,2026-02-12 16:09:25.302,find_file,32,f
9d63a85c-0693-4f63-a5fa-582737c5fd0b,956e66fa-23f1-4952-b266-52271af032c1,coder-01,8,2026-02-12 16:09:25.313,find_file,43,f
3366eec4-a86d-4fac-9c19-cf9046270711,88030ed2-1183-4310-a85b-4479b7f9e2da,coder-01,14,2026-02-12 16:09:29.426,file_read,7,f
7438296c-2ce1-4986-91b4-313ef6e16aec,956e66fa-23f1-4952-b266-52271af032c1,coder-01,9,2026-02-12 16:09:29.437,file_read,17,f
4b660b01-e4d9-4730-ab5a-db33b3481bd5,88030ed2-1183-4310-a85b-4479b7f9e2da,coder-01,15,2026-02-12 16:09:33.605,file_read,6,f
918b42cd-3193-4f5a-ba2b-b32b6a87a0b2,956e66fa-23f1-4952-b266-52271af032c1,coder-01,10,2026-02-12 16:09:33.61,file_read,11,f
5365ad79-2c12-40e7-a89c-cc43afa5fc42,103a6302-b032-460d-a216-d9845407b8ce,coder-01,16,2026-02-13 12:03:24.896,file_read,208,f
7f0d1c8a-7fc2-425a-9739-943840a83693,6790e431-4fc3-4003-a73d-2cac2f38c999,coder-01,10,2026-02-13 12:03:24.902,file_read,215,f
f823a675-9017-480f-ad97-fa9197ce6dd3,76276ac4-f51c-419f-894d-160614e8b4a7,coder-01,4,2026-02-13 13:07:29.552,shell_run,375,f
2620aa2b-87af-43b2-b824-8b4a38c0e58c,956e66fa-23f1-4952-b266-52271af032c1,coder-01,15,2026-02-12 16:09:43.528,"the action to take, only one name of [file_read, file_write, file_edit, file_list, shell_run, code_search, find_file], just the name, exactly as it's written.",,f
d5b80343-73e2-42f3-8cb4-a55ea34f66ac,956e66fa-23f1-4952-b266-52271af032c1,coder-01,16,2026-02-12 16:09:43.534,unknown,,f
94634e99-6fd8-49c4-b717-b945f76e95fd,956e66fa-23f1-4952-b266-52271af032c1,coder-01,17,2026-02-12 16:09:43.543,"the action to take, only one name of [file_read, file_write, file_edit, file_list, shell_run, code_search, find_file], just the name, exactly as it's written.",,f
f8a93507-060f-4b69-9a8f-14926b6788c7,956e66fa-23f1-4952-b266-52271af032c1,coder-01,18,2026-02-12 16:09:43.548,unknown,,f
60493352-6417-4327-9899-635709a4277a,956e66fa-23f1-4952-b266-52271af032c1,coder-01,19,2026-02-12 16:09:43.556,"the action to take, only one name of [file_read, file_write, file_edit, file_list, shell_run, code_search, find_file], just the name, exactly as it's written.",,f
841bd231-9dde-4028-acbc-ec4929a8e7fe,956e66fa-23f1-4952-b266-52271af032c1,coder-01,20,2026-02-12 16:09:43.561,unknown,,f
c60609c1-0953-449f-8f20-b4dda869645f,956e66fa-23f1-4952-b266-52271af032c1,coder-01,21,2026-02-12 16:09:43.57,"the action to take, only one name of [file_read, file_write, file_edit, file_list, shell_run, code_search, find_file], just the name, exactly as it's written.",,f
e0224539-82f8-46d7-9a48-f1385a398208,956e66fa-23f1-4952-b266-52271af032c1,coder-01,22,2026-02-12 16:09:43.575,unknown,,f
9b7ace8d-b06c-48a8-bffc-8f7791643133,956e66fa-23f1-4952-b266-52271af032c1,coder-01,23,2026-02-12 16:09:43.583,"the action to take, only one name of [file_read, file_write, file_edit, file_list, shell_run, code_search, find_file], just the name, exactly as it's written.",,f
527a4a55-9f02-4c5d-8dcc-f2e2c7bf931e,956e66fa-23f1-4952-b266-52271af032c1,coder-01,24,2026-02-12 16:09:43.589,unknown,,f
e9cc4dd3-d7ff-48fa-af3c-ded35f01aead,956e66fa-23f1-4952-b266-52271af032c1,coder-01,25,2026-02-12 16:09:43.596,"the action to take, only one name of [file_read, file_write, file_edit, file_list, shell_run, code_search, find_file], just the name, exactly as it's written.",,f
fcd29644-c996-48d7-a2f0-1260a1f2a2e5,956e66fa-23f1-4952-b266-52271af032c1,coder-01,26,2026-02-12 16:09:43.602,unknown,,f
e9bbf828-fa62-492d-b706-e40d331e21b4,88030ed2-1183-4310-a85b-4479b7f9e2da,coder-01,16,2026-02-12 16:09:53.67,file_write,6,f
95751ed0-596f-454a-9e9d-0fb9a123dc94,956e66fa-23f1-4952-b266-52271af032c1,coder-01,27,2026-02-12 16:09:53.676,file_write,13,f
e5e30362-7c9f-4fc7-b70d-d39a90bebc24,d5bfe13e-68dc-4bdb-ba46-4bf7256bfbbf,coder-01,1,2026-02-12 16:09:53.682,file_write,19,f
83ce66bc-da1a-4f6e-b086-ca7881a9bf1a,d5c01688-352e-4239-a224-29f66f485010,coder-01,1,2026-02-12 16:33:13.275,file_write,6,f
d3e5bb4d-512f-4e1c-a5c0-9dc8cead2369,d5c01688-352e-4239-a224-29f66f485010,coder-01,2,2026-02-12 16:33:16.737,file_write,6,f
b4954b1b-7a50-4f90-8d15-1badf72adf81,d5c01688-352e-4239-a224-29f66f485010,coder-01,3,2026-02-12 16:33:18.707,shell_run,154,f
44a4fa7a-e2d1-4b32-9979-d99efe5cc541,d5c01688-352e-4239-a224-29f66f485010,coder-01,4,2026-02-12 16:33:21.989,file_edit,8,f
8d698a1b-b296-41fb-8897-3007f9e45ff8,d5c01688-352e-4239-a224-29f66f485010,coder-01,5,2026-02-12 16:33:28.909,"the action to take, only one name of [file_read, file_write, file_edit, file_list, shell_run, code_search, find_file], just the name, exactly as it's written.",,f
f31eb4e0-ddf0-489d-9d2e-d9ea6b3d60c2,d5c01688-352e-4239-a224-29f66f485010,coder-01,6,2026-02-12 16:33:28.916,unknown,,f
463e0284-3326-40cf-8c57-63a6d2f0c291,d5c01688-352e-4239-a224-29f66f485010,coder-01,7,2026-02-12 16:33:38.122,file_write,5,f
d65db4a6-73e7-4b54-955f-709526d7b620,7b5ab70f-4c76-48fb-bfb4-05881fb29b2b,coder-01,1,2026-02-12 16:33:38.132,file_write,15,f
57973f85-9c09-4a2b-b9cc-00d55ed8f383,d5c01688-352e-4239-a224-29f66f485010,coder-01,8,2026-02-12 16:33:42.65,file_write,7,f
587887ff-cc7c-4993-9333-6e30c8b47b81,7b5ab70f-4c76-48fb-bfb4-05881fb29b2b,coder-01,2,2026-02-12 16:33:42.661,file_write,17,f
2dba416b-a94a-41a8-8322-4c9abfe3fcff,d5c01688-352e-4239-a224-29f66f485010,coder-01,9,2026-02-12 16:33:45.525,shell_run,1618,f
c326884b-3f89-415f-a852-9ad629ef00bd,7b5ab70f-4c76-48fb-bfb4-05881fb29b2b,coder-01,3,2026-02-12 16:33:45.532,shell_run,1625,f
77ae9d3f-9b62-4e17-9e0e-897ba683642c,d5c01688-352e-4239-a224-29f66f485010,coder-01,10,2026-02-12 16:33:48.687,file_edit,11,f
020ef8ea-fa3d-482a-9122-0115da5dc5db,7b5ab70f-4c76-48fb-bfb4-05881fb29b2b,coder-01,4,2026-02-12 16:33:48.693,file_edit,17,f
0367960b-f630-4a55-8681-c90018c6f438,d5c01688-352e-4239-a224-29f66f485010,coder-01,11,2026-02-12 16:33:53.77,file_edit,10,f
9d608406-338b-483b-a7e3-1b6f7b4bc750,7b5ab70f-4c76-48fb-bfb4-05881fb29b2b,coder-01,5,2026-02-12 16:33:53.775,file_edit,15,f
6122b34b-05b8-4c57-8767-9e558a0778ff,7b5ab70f-4c76-48fb-bfb4-05881fb29b2b,coder-01,6,2026-02-12 16:36:25.371,"the action to take, only one name of [file_read, file_write, file_edit, file_list, shell_run, code_search, find_file], just the name, exactly as it's written.",,f
b3a9a0ea-7466-419d-93e7-04ec57b195e1,7b5ab70f-4c76-48fb-bfb4-05881fb29b2b,coder-01,7,2026-02-12 16:36:25.379,unknown,,f
a6e35ddc-56f0-4d6c-a901-e71f600f22a9,7b5ab70f-4c76-48fb-bfb4-05881fb29b2b,coder-01,8,2026-02-12 16:36:25.389,"the action to take, only one name of [file_read, file_write, file_edit, file_list, shell_run, code_search, find_file], just the name, exactly as it's written.",,f
6c9df614-0636-45df-b76f-c52926817a50,7b5ab70f-4c76-48fb-bfb4-05881fb29b2b,coder-01,9,2026-02-12 16:36:25.397,unknown,,f
28677468-8e58-43fb-b3a3-2543da33782b,7b5ab70f-4c76-48fb-bfb4-05881fb29b2b,coder-01,10,2026-02-12 16:36:25.407,"the action to take, only one name of [file_read, file_write, file_edit, file_list, shell_run, code_search, find_file], just the name, exactly as it's written.",,f
ca7a9298-e77f-4ab3-9e5c-112c2e9be435,7b5ab70f-4c76-48fb-bfb4-05881fb29b2b,coder-01,11,2026-02-12 16:36:25.414,unknown,,f
3a21af6d-c098-4772-9873-39e6e79ce200,7b5ab70f-4c76-48fb-bfb4-05881fb29b2b,coder-01,12,2026-02-12 16:36:25.422,file_edit,,f
3a491fab-eb3f-4e37-9909-bff8d7fd77d2,7b5ab70f-4c76-48fb-bfb4-05881fb29b2b,coder-01,13,2026-02-12 16:36:25.432,file_edit,,f
d2d38434-db21-467d-adc5-03a0d47bcc8b,7b5ab70f-4c76-48fb-bfb4-05881fb29b2b,coder-01,14,2026-02-12 16:36:25.443,file_edit,,f
d1ff470e-11ae-45e9-b8b3-eafe94539f7a,7b5ab70f-4c76-48fb-bfb4-05881fb29b2b,coder-01,15,2026-02-12 16:36:25.451,"the action to take, should be one of [file_read, file_write, file_edit, file_list, shell_run, code_search, find_file]",,f
e8870271-0a71-4819-b961-7e8bbce3530c,7b5ab70f-4c76-48fb-bfb4-05881fb29b2b,coder-01,16,2026-02-12 16:36:25.461,unknown,,f
367c53fc-e7f5-41d7-82b3-290cbac68394,7b5ab70f-4c76-48fb-bfb4-05881fb29b2b,coder-01,17,2026-02-12 16:36:25.47,"the action to take, should be one of [file_read, file_write, file_edit, file_list, shell_run, code_search, find_file]",,f
4a039c4f-8f3b-4287-a322-dca44acd212e,7b5ab70f-4c76-48fb-bfb4-05881fb29b2b,coder-01,18,2026-02-12 16:36:25.477,unknown,,f
b2ee2c2b-64d4-4fa5-b948-42ea463589be,7b5ab70f-4c76-48fb-bfb4-05881fb29b2b,coder-01,19,2026-02-12 16:36:25.486,"the action to take, should be one of [file_read, file_write, file_edit, file_list, shell_run, code_search, find_file]",,f
53ff6cb3-b103-4f5a-842c-dc5fd2a1084e,7b5ab70f-4c76-48fb-bfb4-05881fb29b2b,coder-01,20,2026-02-12 16:36:25.492,unknown,,f
5c51d7e7-85a0-4a05-971c-313a953413b0,7b5ab70f-4c76-48fb-bfb4-05881fb29b2b,coder-01,22,2026-02-12 16:36:25.512,unknown,,f
1372e042-a4d3-4f96-b683-658e762a8459,7b5ab70f-4c76-48fb-bfb4-05881fb29b2b,coder-01,23,2026-02-12 16:36:25.524,"the action to take, should be one of [file_read, file_write, file_edit, file_list, shell_run, code_search, find_file]",,f
769f5070-0325-4c32-95ba-d54a79c0ede8,7b5ab70f-4c76-48fb-bfb4-05881fb29b2b,coder-01,24,2026-02-12 16:36:25.531,unknown,,f
7c4e6f1f-d71c-435d-a483-beba2beb9b9c,7b5ab70f-4c76-48fb-bfb4-05881fb29b2b,coder-01,25,2026-02-12 16:36:25.541,"the action to take, should be one of [file_read, file_write, file_edit, file_list, shell_run, code_search, find_file]",,f
f1c30e01-ab87-4101-8a73-5a915c0dd68e,7b5ab70f-4c76-48fb-bfb4-05881fb29b2b,coder-01,26,2026-02-12 16:36:25.548,unknown,,f
a45ae020-dec2-4f35-b311-80f62d490b2c,7b5ab70f-4c76-48fb-bfb4-05881fb29b2b,coder-01,27,2026-02-12 16:36:25.561,"the action to take, should be one of [file_read, file_write, file_edit, file_list, shell_run, code_search, find_file]",,f
ec6ae720-dc69-46b6-8f45-2f7f86bb1294,7b5ab70f-4c76-48fb-bfb4-05881fb29b2b,coder-01,28,2026-02-12 16:36:25.569,unknown,,f
a8f4ce6c-dab8-4bf2-a63f-c1fec7a5534c,7b5ab70f-4c76-48fb-bfb4-05881fb29b2b,coder-01,29,2026-02-12 16:36:25.579,"the action to take, should be one of [file_read, file_write, file_edit, file_list, shell_run, code_search, find_file]",,f
83989928-28df-484b-992f-502061ed5f0a,7b5ab70f-4c76-48fb-bfb4-05881fb29b2b,coder-01,30,2026-02-12 16:36:25.585,unknown,,f
23af2d38-683c-4e2f-95d6-484df466efe1,b2e8c360-37e0-4c79-b8b1-86cc0b38a798,coder-01,11,2026-02-13 12:03:24.908,file_read,220,f
063f4f8d-e4d9-4d0a-b06f-1e1ed5f7d6a1,911cf95c-65d0-4a50-b75d-bfc9021c5fc2,coder-01,4,2026-02-13 12:03:24.914,file_read,227,f
e759642d-9583-46d1-95a8-b3261b72b978,5c4e8777-119d-41e3-acf0-411722b5a02c,coder-01,188,2026-02-13 12:03:27.632,file_edit,10,f
c0d3298a-480e-4bac-a53e-8e00d7be975f,1012d0d2-dff7-467f-9a21-f8c7b0924075,coder-01,184,2026-02-13 12:03:27.64,file_edit,18,f
8894ad27-83b4-4811-9732-fcacc0d1352a,6243144d-a5d2-4eeb-8994-390dc9a13e12,coder-01,196,2026-02-13 12:03:27.649,file_edit,26,f
29b53c60-66f4-4d1f-859d-7502b893d7ff,eb17b408-aba9-4859-9bfa-5e89104bfffa,coder-01,175,2026-02-13 12:03:27.656,file_edit,35,f
31f5f50d-5418-46e8-b463-c74684ab8b0f,67a94aa5-3189-4c68-8566-6b8a4fae7546,coder-01,168,2026-02-13 12:03:27.663,file_edit,42,f
33b00312-bc4f-47d7-8721-f973636d2274,6d5b4a6a-5aa8-4a3d-8f7a-cfea16412d2a,coder-01,167,2026-02-13 12:03:27.671,file_edit,50,f
68cb76c3-8df3-4341-a9f3-d26b487c75b9,f558af5d-25ba-479e-8e8b-90a8aaa1ce79,coder-01,168,2026-02-13 12:03:27.678,file_edit,57,f
a06c1b8a-e190-4ea1-a69a-d41b33572c39,c6f48a65-7b86-4956-b82d-dc010642d5e4,coder-01,164,2026-02-13 12:03:27.684,file_edit,64,f
fb1200a3-c180-4dd0-8e35-96a383660dbb,6f1d2123-e697-4e8a-8633-b4308b565ef5,coder-01,174,2026-02-13 12:03:27.691,file_edit,70,f
96f5a7fb-2bfd-42ae-a445-86ba0038560d,83a0bbf4-d843-4f97-8b74-113188decd72,coder-01,148,2026-02-13 12:03:27.697,file_edit,77,f
991d6f29-7e54-4c02-9503-fa5db4958d50,d1a3ab9b-4da3-4a08-859f-be8a200569b1,coder-01,164,2026-02-13 12:03:27.704,file_edit,83,f
bd690dab-f8bc-4eb5-ad6b-b536292e69a0,f89c597b-097d-4f1e-8bc4-5a4c0b16fb71,coder-01,182,2026-02-13 12:03:27.71,file_edit,90,f
18bb4af0-19ed-4802-8231-daa1f55b73fc,6f1d2123-e697-4e8a-8633-b4308b565ef5,coder-01,146,2026-02-13 12:03:27.718,file_edit,97,f
b2b3a95e-701e-47f8-bbf3-dd3ebf4365a5,3dd1bb00-9339-4be7-97ab-5bba3e98f695,coder-01,104,2026-02-13 12:03:27.724,file_edit,104,f
5f1c8a52-e729-4712-bdd2-e22b937ebf93,269ba714-8324-432f-b2a3-b20bf11e1e33,coder-01,98,2026-02-13 12:03:27.732,file_edit,110,f
9384d8d9-cb06-4143-a37b-be59fdceffdf,22ac8e2f-da14-498d-afe0-8a90443c4fe0,coder-01,105,2026-02-13 12:03:27.739,file_edit,118,f
a2810d1b-811b-49c0-9a2e-b96449bb8788,6fb4500c-c316-4f3e-a7fd-c4b49f63def0,coder-01,92,2026-02-13 12:03:27.745,file_edit,125,f
6f74c309-35cc-4f09-9bc6-592e5488572c,d5c01688-352e-4239-a224-29f66f485010,coder-01,12,2026-02-12 16:36:40.55,file_write,4,f
6ccbd65a-6583-480d-aa59-c3bc5d23305c,7b5ab70f-4c76-48fb-bfb4-05881fb29b2b,coder-01,31,2026-02-12 16:36:40.556,file_write,10,f
9091b0cc-9a36-4999-9057-101f1f246fef,348e7b04-1226-446a-ad52-db8cd967cfd9,coder-01,1,2026-02-12 16:36:40.561,file_write,16,f
95899c50-a2ed-46cc-8e93-b3e8c224c48b,9dfb7c24-167b-482f-a929-22211c91e398,coder-01,88,2026-02-13 12:03:27.751,file_edit,131,f
5ef13089-95c4-43c1-b532-4d230e32167e,c7ffc43d-f989-44e7-a3e4-c6301ef3eb1e,coder-01,1,2026-02-12 16:47:40.4,file_write,12,f
835b0f31-a3c2-4101-a3b4-c2e535014f7a,c7ffc43d-f989-44e7-a3e4-c6301ef3eb1e,coder-01,2,2026-02-12 16:47:44.692,file_write,18,f
a44d5680-d493-4d7a-9985-01cb9a60a99b,c7ffc43d-f989-44e7-a3e4-c6301ef3eb1e,coder-01,3,2026-02-12 16:48:24.44,file_write,21,f
a24a3d32-012f-4c2e-a9f5-85116e232b2e,37ce1b55-e143-4338-8f81-c26461cbba62,coder-01,1,2026-02-12 16:48:24.446,file_write,26,f
34e87572-3b69-4c03-a0b0-7b3f22a6297d,c7ffc43d-f989-44e7-a3e4-c6301ef3eb1e,coder-01,4,2026-02-12 17:32:10.204,file_list,32,f
2834ae55-7f06-44e2-b8ca-a1fa076f10d6,598da556-0373-428b-a5ac-20d83ba8de81,coder-01,9,2026-02-12 17:38:49.48,shell_run,24,f
4e8e3450-5cfd-41b8-a23a-9ce89c0b1784,d8dc6e20-c22f-4db9-80cf-943a91a16ff6,coder-01,8,2026-02-12 17:38:49.486,shell_run,30,f
6c7a98b9-7131-43f1-b1fa-0e432573076f,68c345d0-103b-4b7b-8728-aaa4296acc24,qa-01,6,2026-02-12 17:38:49.492,shell_run,35,f
9b835c78-3d5d-48f6-8a94-9d5c39fb6aa9,37ce1b55-e143-4338-8f81-c26461cbba62,coder-01,20,2026-02-12 17:38:59.899,file_write,29,f
12e56dcf-3353-44b2-958c-8aa95ea1aeb3,a4b682bf-1b35-40fc-afc8-4586122c4ba4,qa-01,19,2026-02-12 17:38:59.905,file_write,35,f
f2ebbab7-55c5-457a-9bcd-029c73098507,598da556-0373-428b-a5ac-20d83ba8de81,coder-01,12,2026-02-12 17:38:59.912,file_write,42,f
6c3e5d64-9d18-4eed-8955-3b4e4406e305,d8dc6e20-c22f-4db9-80cf-943a91a16ff6,coder-01,11,2026-02-12 17:38:59.918,file_write,48,f
47dbfa08-3112-4adf-824f-e9a90b7b598b,68c345d0-103b-4b7b-8728-aaa4296acc24,qa-01,9,2026-02-12 17:38:59.924,file_write,54,f
91bb6e9e-b98b-4dfa-9a12-6db521b92c4a,023498d1-7073-4f08-ad9f-0570ff0163a9,coder-01,1,2026-02-12 17:38:59.931,file_write,60,f
cc3ac0bd-8fe4-41ac-a160-c1f3cb0c073b,c7ffc43d-f989-44e7-a3e4-c6301ef3eb1e,coder-01,24,2026-02-12 17:39:07.614,shell_run,8,f
196cbe57-eec1-4122-8787-8a9e3f26a6d5,37ce1b55-e143-4338-8f81-c26461cbba62,coder-01,22,2026-02-12 17:39:07.624,shell_run,18,f
1a078d36-4bc3-47ee-b990-2bb9ee40e79c,a4b682bf-1b35-40fc-afc8-4586122c4ba4,qa-01,21,2026-02-12 17:39:07.63,shell_run,23,f
bd211dd4-4982-47b0-98eb-384ea5194f3c,598da556-0373-428b-a5ac-20d83ba8de81,coder-01,14,2026-02-12 17:39:07.635,shell_run,29,f
3763d70e-d63a-4c4b-93ff-06d3282cbf22,6243144d-a5d2-4eeb-8994-390dc9a13e12,coder-01,75,2026-02-13 11:36:24.271,shell_run,335,f
16ba2990-908a-4509-a09a-ba762f722e04,37ce1b55-e143-4338-8f81-c26461cbba62,coder-01,2,2026-02-12 17:32:10.211,file_list,39,f
d3979d23-96d5-4ecc-84ac-0048c0125d80,a4b682bf-1b35-40fc-afc8-4586122c4ba4,qa-01,1,2026-02-12 17:32:10.217,file_list,45,f
b0f3f8a9-0430-4c2e-bd87-54de48aebd7e,b6a07738-f434-47d5-b2c8-73d6208fb99e,coder-01,81,2026-02-13 12:03:27.758,file_edit,137,f
58bbd720-d997-4363-8069-745107bc1ed0,c7ffc43d-f989-44e7-a3e4-c6301ef3eb1e,coder-01,5,2026-02-12 17:32:11.499,file_list,348,f
b8dd4320-5fab-455d-aaa7-f0c51732a5aa,37ce1b55-e143-4338-8f81-c26461cbba62,coder-01,3,2026-02-12 17:32:11.506,file_list,354,f
996f75ab-412f-4549-aa47-c0430d96edda,c7ffc43d-f989-44e7-a3e4-c6301ef3eb1e,coder-01,7,2026-02-12 17:32:15.738,file_list,135,f
11fbaf6b-1692-4e09-97b2-27ae36deff3e,c709783c-1f03-4937-9b49-fdd6f3c2fcb3,coder-01,84,2026-02-13 12:03:27.766,file_edit,145,f
6a60fa04-c3de-4c09-999e-156864285ec3,c544138c-7b9c-4074-9390-7563f48d3dfd,coder-01,76,2026-02-13 12:03:27.774,file_edit,153,f
28b99c06-274f-4a63-9308-d464093abb6a,a616133e-d0c0-4cf0-b366-8ad458906eb2,coder-01,71,2026-02-13 12:03:27.782,file_edit,161,f
c43426bc-f4e1-4797-854e-a19b80baff52,e5d0cdaa-0921-42ae-b7ea-d83faeb4156e,coder-01,86,2026-02-13 12:03:27.789,file_edit,169,f
0e33bbfc-063b-49cc-b583-a5b01b987d8d,d7dc224c-013a-4cc1-98e8-a39f062f266b,coder-01,82,2026-02-13 12:03:27.796,file_edit,175,f
87d32b7a-cc69-4c95-b93c-e87119239ca3,a4b682bf-1b35-40fc-afc8-4586122c4ba4,qa-01,2,2026-02-12 17:32:11.511,file_list,360,f
81cffe3c-00d6-4465-bb84-dc28eea2e2f5,69d8d66c-77b2-4250-9dc8-c52fbbe15c67,coder-01,63,2026-02-13 12:03:27.801,file_edit,180,f
04bed393-fcf7-4e31-936e-73eccd0302df,c7ffc43d-f989-44e7-a3e4-c6301ef3eb1e,coder-01,6,2026-02-12 17:32:13.248,file_read,14,f
f9eb6e9d-a784-4496-8df8-ddce3d3bb278,37ce1b55-e143-4338-8f81-c26461cbba62,coder-01,4,2026-02-12 17:32:13.258,file_read,24,f
e0f6e909-9567-4fed-998b-e1b1e87dd27d,a4b682bf-1b35-40fc-afc8-4586122c4ba4,qa-01,3,2026-02-12 17:32:13.264,file_read,30,f
cb8dcd3e-5f47-4f61-aa12-937fb1c6206d,bd725b15-8f05-48c1-86ee-566821f22c69,coder-01,57,2026-02-13 12:03:27.807,file_edit,186,f
c03732a3-8ac7-49e3-9efe-8fc8cdb4078e,d7dc224c-013a-4cc1-98e8-a39f062f266b,coder-01,53,2026-02-13 12:03:27.814,file_edit,193,f
59273b85-6b98-4f4d-a199-11c4bb7089ad,d8dc6e20-c22f-4db9-80cf-943a91a16ff6,coder-01,13,2026-02-12 17:39:07.641,shell_run,35,f
6c5eb93a-758d-4198-b693-191fe46306b9,e98343a8-9d76-42f9-9b00-8807c9a75699,coder-01,57,2026-02-13 12:03:27.82,file_edit,200,f
b9935088-43f9-4318-b69a-3508fc43bd42,5c4e8777-119d-41e3-acf0-411722b5a02c,coder-01,195,2026-02-13 12:04:29.555,file_edit,9,f
07c224ad-24ac-4b56-90fe-bbcaf791b07a,1012d0d2-dff7-467f-9a21-f8c7b0924075,coder-01,191,2026-02-13 12:04:29.563,file_edit,16,f
f508e243-38d7-4365-991e-4e2245ae3274,6243144d-a5d2-4eeb-8994-390dc9a13e12,coder-01,203,2026-02-13 12:04:29.571,file_edit,24,f
cd94db9a-f2b9-408c-a5d4-9a778d2122a0,37ce1b55-e143-4338-8f81-c26461cbba62,coder-01,5,2026-02-12 17:32:15.744,file_list,142,f
0f113e72-7115-4693-ae4f-ed92b4e19480,a4b682bf-1b35-40fc-afc8-4586122c4ba4,qa-01,4,2026-02-12 17:32:15.751,file_list,148,f
941f3a4f-c7ae-4365-9f1e-470c622d3920,eb17b408-aba9-4859-9bfa-5e89104bfffa,coder-01,182,2026-02-13 12:04:29.578,file_edit,32,f
5bcdd7be-522b-4303-8fd4-f0a62406bacb,c7ffc43d-f989-44e7-a3e4-c6301ef3eb1e,coder-01,11,2026-02-12 17:33:04.403,file_list,24,f
66c5356d-0f45-4903-bac8-5d240423ea81,37ce1b55-e143-4338-8f81-c26461cbba62,coder-01,9,2026-02-12 17:33:04.41,file_list,31,f
0c0024d3-7518-4766-ad25-c0cb3e145201,a4b682bf-1b35-40fc-afc8-4586122c4ba4,qa-01,8,2026-02-12 17:33:04.424,file_list,44,f
160e3841-57ee-480f-b9a0-2071d6462fd5,598da556-0373-428b-a5ac-20d83ba8de81,coder-01,1,2026-02-12 17:33:04.43,file_list,51,f
4a10edc8-aff6-47a9-a9d6-457805429e03,67a94aa5-3189-4c68-8566-6b8a4fae7546,coder-01,175,2026-02-13 12:04:29.584,file_edit,39,f
d205faf7-b7e7-4844-9f2f-5ee732d414f0,6d5b4a6a-5aa8-4a3d-8f7a-cfea16412d2a,coder-01,174,2026-02-13 12:04:29.591,file_edit,45,f
8d0fdbfa-a453-46cf-a4e8-43c198ccc4e0,f558af5d-25ba-479e-8e8b-90a8aaa1ce79,coder-01,175,2026-02-13 12:04:29.598,file_edit,53,f
577e585c-bb2b-41d5-beed-a162cb5b1dc3,c6f48a65-7b86-4956-b82d-dc010642d5e4,coder-01,171,2026-02-13 12:04:29.605,file_edit,60,f
26d4c4ca-15a4-4afc-ba87-385d145b7ba5,5c4e8777-119d-41e3-acf0-411722b5a02c,coder-01,198,2026-02-13 12:06:28.363,file_write,9,f
ea2d02e2-e7d0-43bb-8dfb-e6e354f7ccad,c7ffc43d-f989-44e7-a3e4-c6301ef3eb1e,coder-01,8,2026-02-12 17:32:16.894,file_read,13,f
43b97824-a66a-4ceb-95f8-6640ec57e73f,37ce1b55-e143-4338-8f81-c26461cbba62,coder-01,6,2026-02-12 17:32:16.904,file_read,23,f
654cc54e-f947-4b41-b6d2-ebb2204f95b1,a4b682bf-1b35-40fc-afc8-4586122c4ba4,qa-01,5,2026-02-12 17:32:16.91,file_read,29,f
e3e1aa06-c042-4191-a923-8c45204bd1d4,6f1d2123-e697-4e8a-8633-b4308b565ef5,coder-01,181,2026-02-13 12:04:29.612,file_edit,67,f
fbe50b69-1468-4225-99d3-1d889889baf2,c7ffc43d-f989-44e7-a3e4-c6301ef3eb1e,coder-01,9,2026-02-12 17:32:17.91,file_read,12,f
8d9292dc-0c84-4ebe-99d2-10180bccb9b3,37ce1b55-e143-4338-8f81-c26461cbba62,coder-01,7,2026-02-12 17:32:17.915,file_read,17,f
12b77c7c-6817-4695-ad84-acf0b32023c1,a4b682bf-1b35-40fc-afc8-4586122c4ba4,qa-01,6,2026-02-12 17:32:17.921,file_read,22,f
d990194e-ebfb-4763-8811-8ab33ab18905,83a0bbf4-d843-4f97-8b74-113188decd72,coder-01,155,2026-02-13 12:04:29.619,file_edit,74,f
bcd3245c-ac01-4bde-bd1d-d0898ab90f56,a4b682bf-1b35-40fc-afc8-4586122c4ba4,qa-01,11,2026-02-12 17:38:34.426,file_list,34,f
06475ddf-78df-496a-94ab-a83072f59e0a,d1a3ab9b-4da3-4a08-859f-be8a200569b1,coder-01,171,2026-02-13 12:04:29.626,file_edit,80,f
ee9e7437-52fe-4c52-88d0-61e57009e57b,1012d0d2-dff7-467f-9a21-f8c7b0924075,coder-01,194,2026-02-13 12:06:28.377,file_write,22,f
57a97593-bd84-460c-81a0-01a941cc20f2,c7ffc43d-f989-44e7-a3e4-c6301ef3eb1e,coder-01,10,2026-02-12 17:32:47.565,shell_run,1513,f
90409f40-6f4f-4a14-944a-0c6711df5fa6,37ce1b55-e143-4338-8f81-c26461cbba62,coder-01,8,2026-02-12 17:32:47.571,shell_run,1519,f
f1bb661a-29d6-496b-a251-8f31d1f2b858,a4b682bf-1b35-40fc-afc8-4586122c4ba4,qa-01,7,2026-02-12 17:32:47.577,shell_run,1525,f
95bcaa43-004f-453e-a667-9cfcc204c18d,f89c597b-097d-4f1e-8bc4-5a4c0b16fb71,coder-01,189,2026-02-13 12:04:29.632,file_edit,87,f
e762b196-cd11-4367-8a8e-20171b9bdc2f,c7ffc43d-f989-44e7-a3e4-c6301ef3eb1e,coder-01,12,2026-02-12 17:38:25.998,file_write,14,f
7d294b90-5591-4980-8e4a-c11209f15ccd,37ce1b55-e143-4338-8f81-c26461cbba62,coder-01,10,2026-02-12 17:38:26.006,file_write,22,f
b9a2eedd-2a7a-4a5b-ae1e-8eccc8c25509,a4b682bf-1b35-40fc-afc8-4586122c4ba4,qa-01,9,2026-02-12 17:38:26.012,file_write,29,f
954dc7f2-559a-4c8c-b391-c21e863abfa5,598da556-0373-428b-a5ac-20d83ba8de81,coder-01,2,2026-02-12 17:38:26.019,file_write,35,f
97d0dbd4-bcdf-4859-923e-f160eadfc1ee,d8dc6e20-c22f-4db9-80cf-943a91a16ff6,coder-01,1,2026-02-12 17:38:26.025,file_write,42,f
dae53be6-e2c6-4c86-8089-1c2518cd7f61,6f1d2123-e697-4e8a-8633-b4308b565ef5,coder-01,153,2026-02-13 12:04:29.639,file_edit,94,f
e71cc9b4-b0c1-461d-85b0-0c37e4e306bb,c7ffc43d-f989-44e7-a3e4-c6301ef3eb1e,coder-01,13,2026-02-12 17:38:28.857,shell_run,7,f
7e03baac-879e-4ef9-8579-1eb131117dfa,37ce1b55-e143-4338-8f81-c26461cbba62,coder-01,11,2026-02-12 17:38:28.867,shell_run,16,f
7a424fe0-9495-4bb2-a29f-4858a4956547,a4b682bf-1b35-40fc-afc8-4586122c4ba4,qa-01,10,2026-02-12 17:38:28.872,shell_run,21,f
9eff4cd3-a862-4fa2-8003-29ae741bebf7,598da556-0373-428b-a5ac-20d83ba8de81,coder-01,3,2026-02-12 17:38:28.877,shell_run,27,f
1a23e57a-f36a-40f8-9f0e-a95b88f0a893,d8dc6e20-c22f-4db9-80cf-943a91a16ff6,coder-01,2,2026-02-12 17:38:28.883,shell_run,33,f
b1dd4636-37f1-4f51-a395-9922bca8ae41,c7ffc43d-f989-44e7-a3e4-c6301ef3eb1e,coder-01,14,2026-02-12 17:38:34.411,file_list,20,f
1b03d265-7552-43bf-909a-92973360f290,37ce1b55-e143-4338-8f81-c26461cbba62,coder-01,12,2026-02-12 17:38:34.42,file_list,28,f
67356091-638f-48d7-83ad-c67b30c5e4e6,5c4e8777-119d-41e3-acf0-411722b5a02c,coder-01,4,2026-02-13 11:21:32.637,shell_run,46,f
36deefb3-a172-4ee7-b4ae-e356ceefaefe,598da556-0373-428b-a5ac-20d83ba8de81,coder-01,4,2026-02-12 17:38:34.432,file_list,40,f
98fe2727-966c-4d30-8a88-43354e7e6ae6,d8dc6e20-c22f-4db9-80cf-943a91a16ff6,coder-01,3,2026-02-12 17:38:34.439,file_list,46,f
d8d5b232-63f8-4ee0-b2a7-7759afd83eb1,68c345d0-103b-4b7b-8728-aaa4296acc24,qa-01,1,2026-02-12 17:38:34.445,file_list,53,f
4c67443c-931b-4bda-a7bb-4983d48567ef,3dd1bb00-9339-4be7-97ab-5bba3e98f695,coder-01,111,2026-02-13 12:04:29.646,file_edit,100,f
bba3bc62-2f86-41d5-b614-87b2bf9b2c4b,c7ffc43d-f989-44e7-a3e4-c6301ef3eb1e,coder-01,15,2026-02-12 17:38:36.571,file_list,394,f
f87f67f7-f2d1-41dc-b5cf-1598057bb993,37ce1b55-e143-4338-8f81-c26461cbba62,coder-01,13,2026-02-12 17:38:36.581,file_list,405,f
4112cfbe-03dc-4895-937e-194f0f39d3a5,c7ffc43d-f989-44e7-a3e4-c6301ef3eb1e,coder-01,16,2026-02-12 17:38:39.6,file_read,13,f
50c15d17-ad5d-41ec-9a61-af212b2234a5,37ce1b55-e143-4338-8f81-c26461cbba62,coder-01,29,2026-02-12 17:39:32.207,shell_run,13,f
167ecafe-6eb9-4a1d-91bd-80ec0cbdcda8,269ba714-8324-432f-b2a3-b20bf11e1e33,coder-01,105,2026-02-13 12:04:29.652,file_edit,107,f
98d93523-900c-48c0-b50b-55e4120c4c16,22ac8e2f-da14-498d-afe0-8a90443c4fe0,coder-01,112,2026-02-13 12:04:29.66,file_edit,113,f
731ec0e2-8817-4e4c-9bd5-7bc36031e59c,a4b682bf-1b35-40fc-afc8-4586122c4ba4,qa-01,12,2026-02-12 17:38:36.588,file_list,411,f
c20d5030-c929-42ea-92d5-35d66886ee9a,598da556-0373-428b-a5ac-20d83ba8de81,coder-01,5,2026-02-12 17:38:36.594,file_list,418,f
3ca1003f-0b40-400a-854f-4cc7dc943b23,d8dc6e20-c22f-4db9-80cf-943a91a16ff6,coder-01,4,2026-02-12 17:38:36.601,file_list,425,f
2ef96bcb-1f39-44d1-b517-22752e6138db,68c345d0-103b-4b7b-8728-aaa4296acc24,qa-01,2,2026-02-12 17:38:36.608,file_list,432,f
804f188c-955f-4aeb-a4a0-b56723269819,6243144d-a5d2-4eeb-8994-390dc9a13e12,coder-01,206,2026-02-13 12:06:28.387,file_write,32,f
4452c473-aee6-4af7-91c1-71840896bbd5,a4b682bf-1b35-40fc-afc8-4586122c4ba4,qa-01,16,2026-02-12 17:38:49.474,shell_run,18,f
0ca7f9e3-6b25-40fc-9e00-06bc6317b61a,37ce1b55-e143-4338-8f81-c26461cbba62,coder-01,14,2026-02-12 17:38:39.609,file_read,22,f
96b64aa6-1dd2-4c7a-9ff3-a48e7e58d611,a4b682bf-1b35-40fc-afc8-4586122c4ba4,qa-01,13,2026-02-12 17:38:39.615,file_read,28,f
96278510-bd51-4e25-ba76-311a3894d8a2,598da556-0373-428b-a5ac-20d83ba8de81,coder-01,6,2026-02-12 17:38:39.62,file_read,33,f
fe6d33cb-3426-4d1c-9893-438b0148d1c2,d8dc6e20-c22f-4db9-80cf-943a91a16ff6,coder-01,5,2026-02-12 17:38:39.626,file_read,39,f
bbc458ab-6f1a-4c3c-af5d-2cd9225e6fc9,68c345d0-103b-4b7b-8728-aaa4296acc24,qa-01,3,2026-02-12 17:38:39.631,file_read,44,f
fc989122-d228-4a3b-ba2b-9312a9642c60,6fb4500c-c316-4f3e-a7fd-c4b49f63def0,coder-01,99,2026-02-13 12:04:29.667,file_edit,121,f
a7a67c09-8dce-42d1-a59e-e27f5eb65386,c7ffc43d-f989-44e7-a3e4-c6301ef3eb1e,coder-01,20,2026-02-12 17:38:52.07,shell_run,1426,f
f214734d-9246-4468-a197-9239f41f73e2,68c345d0-103b-4b7b-8728-aaa4296acc24,qa-01,8,2026-02-12 17:38:54.185,file_read,43,f
022f98da-a0cd-4224-826b-bb0d83d75e87,9dfb7c24-167b-482f-a929-22211c91e398,coder-01,95,2026-02-13 12:04:29.674,file_edit,128,f
0a3a6a0b-519c-4071-a632-56fc063ee42c,b6a07738-f434-47d5-b2c8-73d6208fb99e,coder-01,88,2026-02-13 12:04:29.68,file_edit,135,f
aca84727-d970-4e5c-80f1-3f5fa96a6c71,c709783c-1f03-4937-9b49-fdd6f3c2fcb3,coder-01,91,2026-02-13 12:04:29.688,file_edit,142,f
172ede09-7eab-41f4-afa2-08ebadef9d4e,c544138c-7b9c-4074-9390-7563f48d3dfd,coder-01,83,2026-02-13 12:04:29.694,file_edit,149,f
2e0d4ca8-7cb4-40b6-ac1b-d6fa1577929d,a616133e-d0c0-4cf0-b366-8ad458906eb2,coder-01,78,2026-02-13 12:04:29.701,file_edit,156,f
cb8ca9d0-4b78-4e2e-a822-e42a8b4d279f,c7ffc43d-f989-44e7-a3e4-c6301ef3eb1e,coder-01,17,2026-02-12 17:38:42.419,file_write,13,f
a7f27b66-2416-4ab9-9d14-4fa3de778aca,37ce1b55-e143-4338-8f81-c26461cbba62,coder-01,15,2026-02-12 17:38:42.426,file_write,20,f
3c7179bb-4c9f-449a-8f25-a35ae1e1a5db,a4b682bf-1b35-40fc-afc8-4586122c4ba4,qa-01,14,2026-02-12 17:38:42.432,file_write,26,f
78c019a6-871e-419d-9bb1-bc9ba6f40a20,598da556-0373-428b-a5ac-20d83ba8de81,coder-01,7,2026-02-12 17:38:42.437,file_write,32,f
22aa4083-1586-4053-869a-7b1b4b48aedd,d8dc6e20-c22f-4db9-80cf-943a91a16ff6,coder-01,6,2026-02-12 17:38:42.443,file_write,38,f
9f620da1-8c90-4f69-b0d6-d80469d4ffdc,68c345d0-103b-4b7b-8728-aaa4296acc24,qa-01,4,2026-02-12 17:38:42.449,file_write,44,f
3b694393-fe55-4b03-a256-2cbd7e953dee,e5d0cdaa-0921-42ae-b7ea-d83faeb4156e,coder-01,93,2026-02-13 12:04:29.708,file_edit,163,f
fba02f49-c9da-4e81-ac71-fae376ea01b3,d7dc224c-013a-4cc1-98e8-a39f062f266b,coder-01,89,2026-02-13 12:04:29.715,file_edit,170,f
0f7c027c-efe6-463f-83ed-c204c8b4b88a,69d8d66c-77b2-4250-9dc8-c52fbbe15c67,coder-01,70,2026-02-13 12:04:29.722,file_edit,177,f
d1173a02-f5eb-4604-8359-2fa888f4dda3,c7ffc43d-f989-44e7-a3e4-c6301ef3eb1e,coder-01,18,2026-02-12 17:38:48.222,file_write,18,f
133bde60-9440-479a-9d65-97e6eef6efdd,37ce1b55-e143-4338-8f81-c26461cbba62,coder-01,16,2026-02-12 17:38:48.23,file_write,25,f
e0760011-dfe7-4e23-9509-af507d6481f8,a4b682bf-1b35-40fc-afc8-4586122c4ba4,qa-01,15,2026-02-12 17:38:48.236,file_write,32,f
1a52709c-3d0b-4a06-954b-1ce9bb61423b,598da556-0373-428b-a5ac-20d83ba8de81,coder-01,8,2026-02-12 17:38:48.244,file_write,39,f
41e37dcf-e82b-4562-a051-7840674f450f,d8dc6e20-c22f-4db9-80cf-943a91a16ff6,coder-01,7,2026-02-12 17:38:48.251,file_write,47,f
f72faaf4-0311-4e89-9efe-3505d7534dc9,68c345d0-103b-4b7b-8728-aaa4296acc24,qa-01,5,2026-02-12 17:38:48.258,file_write,54,f
96e15869-6ae5-43f8-9f76-17a484c8f203,eb17b408-aba9-4859-9bfa-5e89104bfffa,coder-01,185,2026-02-13 12:06:28.396,file_write,41,f
e2518170-0485-428f-b060-a55f50221c9d,c7ffc43d-f989-44e7-a3e4-c6301ef3eb1e,coder-01,19,2026-02-12 17:38:49.463,shell_run,6,f
49865ce8-444b-4795-8363-0644bdfacfec,37ce1b55-e143-4338-8f81-c26461cbba62,coder-01,17,2026-02-12 17:38:49.468,shell_run,13,f
bc25e389-3c06-42c5-b785-8f1df3bf3eaf,6243144d-a5d2-4eeb-8994-390dc9a13e12,coder-01,38,2026-02-13 11:26:33.393,shell_run,67,f
288fb715-2f77-42be-8cd2-126d7d569122,37ce1b55-e143-4338-8f81-c26461cbba62,coder-01,18,2026-02-12 17:38:52.076,shell_run,1432,f
bdaa6e70-3ad0-4082-a6b2-a74cc59af00d,a4b682bf-1b35-40fc-afc8-4586122c4ba4,qa-01,17,2026-02-12 17:38:52.082,shell_run,1438,f
40c254dc-0eda-47ca-bd35-d5f72ff34586,598da556-0373-428b-a5ac-20d83ba8de81,coder-01,10,2026-02-12 17:38:52.088,shell_run,1444,f
6bd5c3d1-0f4a-43c1-bb9c-e914843195c8,d8dc6e20-c22f-4db9-80cf-943a91a16ff6,coder-01,9,2026-02-12 17:38:52.094,shell_run,1450,f
1404dc01-d3d3-444f-b9a4-012322d62038,68c345d0-103b-4b7b-8728-aaa4296acc24,qa-01,7,2026-02-12 17:38:52.101,shell_run,1457,f
8652bc97-39c0-407e-90f6-057cc7a17ea9,bd725b15-8f05-48c1-86ee-566821f22c69,coder-01,64,2026-02-13 12:04:29.729,file_edit,183,f
721702e0-bb1b-46ca-96c4-600f9ba19a41,c7ffc43d-f989-44e7-a3e4-c6301ef3eb1e,coder-01,21,2026-02-12 17:38:54.156,file_read,15,f
eaa3b417-ad0d-4033-bfc8-b18fea32f6a2,37ce1b55-e143-4338-8f81-c26461cbba62,coder-01,19,2026-02-12 17:38:54.162,file_read,20,f
b1bb06fd-efc5-4d29-bdc7-0d63d468805f,a4b682bf-1b35-40fc-afc8-4586122c4ba4,qa-01,18,2026-02-12 17:38:54.167,file_read,26,f
046899a2-fa58-4643-975d-85ddf24b7ff9,598da556-0373-428b-a5ac-20d83ba8de81,coder-01,11,2026-02-12 17:38:54.173,file_read,32,f
e996ad10-7f92-4273-9cf7-9c762e30bee8,d8dc6e20-c22f-4db9-80cf-943a91a16ff6,coder-01,10,2026-02-12 17:38:54.179,file_read,38,f
a8c9c21e-5388-439a-a658-ecc154d20866,d7dc224c-013a-4cc1-98e8-a39f062f266b,coder-01,60,2026-02-13 12:04:29.736,file_edit,191,f
99ba9d1d-74d4-4d6c-ba6b-292c1bf43c36,c7ffc43d-f989-44e7-a3e4-c6301ef3eb1e,coder-01,22,2026-02-12 17:38:59.889,file_write,18,f
86cea7a1-72b1-4f12-83c6-fec5680df885,c7ffc43d-f989-44e7-a3e4-c6301ef3eb1e,coder-01,23,2026-02-12 17:39:05.552,file_write,15,f
9a74d4ae-334a-4079-a3e1-ed5d3aab7fe0,37ce1b55-e143-4338-8f81-c26461cbba62,coder-01,21,2026-02-12 17:39:05.564,file_write,26,f
1c473a23-93c9-4d93-a11d-e8cf129d1862,a4b682bf-1b35-40fc-afc8-4586122c4ba4,qa-01,20,2026-02-12 17:39:05.57,file_write,33,f
b5121850-f69e-4c4f-9fba-c32a39a9874c,598da556-0373-428b-a5ac-20d83ba8de81,coder-01,13,2026-02-12 17:39:05.576,file_write,38,f
c66d8702-faf7-41e4-bacc-32f29979527a,d8dc6e20-c22f-4db9-80cf-943a91a16ff6,coder-01,12,2026-02-12 17:39:05.582,file_write,44,f
e30b9f59-ab81-4987-bf45-8ec2a6a1edf2,68c345d0-103b-4b7b-8728-aaa4296acc24,qa-01,10,2026-02-12 17:39:05.587,file_write,50,f
6a5b4d64-9c84-44d0-9bf5-11a7d06fd316,023498d1-7073-4f08-ad9f-0570ff0163a9,coder-01,2,2026-02-12 17:39:05.593,file_write,56,f
ec800070-1f40-4f7f-b310-c68b9a0a4897,c310585e-29b5-4667-87c3-54e047363377,coder-01,1,2026-02-12 17:39:05.6,file_write,62,f
17844ed9-d057-4747-ad83-27be40ac537b,e98343a8-9d76-42f9-9b00-8807c9a75699,coder-01,64,2026-02-13 12:04:29.743,file_edit,198,f
f04cddd9-8791-40b3-934a-a2e6509f9b84,c7ffc43d-f989-44e7-a3e4-c6301ef3eb1e,coder-01,25,2026-02-12 17:39:12.183,file_write,15,f
f089adb0-ae42-4f8c-8742-5615bc18e0b0,67a94aa5-3189-4c68-8566-6b8a4fae7546,coder-01,178,2026-02-13 12:06:28.404,file_write,50,f
af38eb6f-6d0c-41b4-97c2-1b8b66119a8b,68c345d0-103b-4b7b-8728-aaa4296acc24,qa-01,11,2026-02-12 17:39:07.647,shell_run,40,f
ce0fcb11-30d2-492f-8c7e-42668ade531a,023498d1-7073-4f08-ad9f-0570ff0163a9,coder-01,3,2026-02-12 17:39:07.653,shell_run,46,f
3fc48e1f-8368-4581-8aa8-0ac567827f4f,c310585e-29b5-4667-87c3-54e047363377,coder-01,2,2026-02-12 17:39:07.658,shell_run,52,f
37380785-cf1c-4882-9b3f-4aa08eba6ac3,77dc4b56-eb73-4241-b51c-290cbb175d6a,coder-01,47,2026-02-13 12:04:29.751,file_edit,206,f
239de947-80d0-4712-a7d7-18673402f91d,c7ffc43d-f989-44e7-a3e4-c6301ef3eb1e,coder-01,30,2026-02-12 17:39:30.222,file_write,15,f
597d3622-0441-4436-97e9-ad6a75c8fc1e,37ce1b55-e143-4338-8f81-c26461cbba62,coder-01,28,2026-02-12 17:39:30.232,file_write,25,f
f25db90b-d4ba-4602-97d9-47134be446bf,a4b682bf-1b35-40fc-afc8-4586122c4ba4,qa-01,27,2026-02-12 17:39:30.238,file_write,31,f
b09da05b-c60e-4170-99c5-2cd45b8f3880,598da556-0373-428b-a5ac-20d83ba8de81,coder-01,20,2026-02-12 17:39:30.245,file_write,37,f
b960558c-7a72-4a02-a464-496180e00471,d8dc6e20-c22f-4db9-80cf-943a91a16ff6,coder-01,19,2026-02-12 17:39:30.252,file_write,45,f
d46ff3c7-d225-48c3-b79c-4add30092d33,68c345d0-103b-4b7b-8728-aaa4296acc24,qa-01,17,2026-02-12 17:39:30.257,file_write,51,f
90164e9a-bf49-43d2-9129-d50d71ed04ae,023498d1-7073-4f08-ad9f-0570ff0163a9,coder-01,9,2026-02-12 17:39:30.263,file_write,56,f
b25af9a3-e573-4532-a622-15aa557e74d2,c310585e-29b5-4667-87c3-54e047363377,coder-01,10,2026-02-12 17:39:30.271,file_write,63,f
673f7db9-5722-4bb2-b864-4c49e05eaddf,8660d171-66fd-4298-89e4-75ae042991bf,coder-01,4,2026-02-12 17:39:30.277,file_write,70,f
36408832-7154-41a8-8f18-e216a96aecab,6d5b4a6a-5aa8-4a3d-8f7a-cfea16412d2a,coder-01,177,2026-02-13 12:06:28.41,file_write,56,f
1054633a-c7f3-4ca5-95d1-ad250e86d026,c7ffc43d-f989-44e7-a3e4-c6301ef3eb1e,coder-01,31,2026-02-12 17:39:32.2,shell_run,6,f
57e56c23-68d7-4b30-9ccf-a96abf34a60b,eb17b408-aba9-4859-9bfa-5e89104bfffa,coder-01,17,2026-02-13 11:26:33.4,shell_run,75,f
e384f251-f06a-446d-9678-78619a916d13,37ce1b55-e143-4338-8f81-c26461cbba62,coder-01,23,2026-02-12 17:39:12.189,file_write,21,f
89810592-5dec-42b6-b050-45d0116974fb,a4b682bf-1b35-40fc-afc8-4586122c4ba4,qa-01,22,2026-02-12 17:39:12.196,file_write,27,f
542b011e-56a7-411b-bb81-c539d05399db,77dc4b56-eb73-4241-b51c-290cbb175d6a,coder-01,62,2026-02-13 12:04:29.758,file_edit,213,f
6b062079-8942-4ea9-8d93-c22611995016,ba8a1da7-2c5d-43d7-bd94-14f808a1c77e,coder-01,54,2026-02-13 12:04:29.766,file_edit,220,f
2a6871f9-d2a0-4a38-8859-ffdd9e49cc2b,476561aa-39d6-444e-a0b1-f0888b9ddb4c,coder-01,29,2026-02-13 12:04:29.773,file_edit,228,f
8d252e4d-672d-4bb1-8b03-fc9ab601b4f2,103a6302-b032-460d-a216-d9845407b8ce,coder-01,24,2026-02-13 12:04:29.78,file_edit,235,f
94e6f895-ba8c-4d66-b9a2-5ee0f8b65a04,6790e431-4fc3-4003-a73d-2cac2f38c999,coder-01,18,2026-02-13 12:04:29.786,file_edit,241,f
431e8df1-4f0f-4da2-a6a9-7e2ce0bcf35f,b2e8c360-37e0-4c79-b8b1-86cc0b38a798,coder-01,19,2026-02-13 12:04:29.792,file_edit,248,f
8eb6087c-40a1-4bf1-b2f4-d8c6d78ecd10,911cf95c-65d0-4a50-b75d-bfc9021c5fc2,coder-01,12,2026-02-13 12:04:29.799,file_edit,254,f
3f055f9c-b9b6-4660-b0bc-0042e3f5a7b3,f558af5d-25ba-479e-8e8b-90a8aaa1ce79,coder-01,178,2026-02-13 12:06:28.415,file_write,61,f
64b42336-d78d-4932-9231-3b9352567816,c6f48a65-7b86-4956-b82d-dc010642d5e4,coder-01,174,2026-02-13 12:06:28.422,file_write,67,f
73c04071-6c98-432a-88b3-f8b62f853205,6f1d2123-e697-4e8a-8633-b4308b565ef5,coder-01,184,2026-02-13 12:06:28.428,file_write,74,f
4ae0df2d-91ae-46e1-965f-0516c89a859d,83a0bbf4-d843-4f97-8b74-113188decd72,coder-01,158,2026-02-13 12:06:28.433,file_write,79,f
b50ea18e-4d32-43c9-adbe-5cdf2a8dd3a6,d1a3ab9b-4da3-4a08-859f-be8a200569b1,coder-01,174,2026-02-13 12:06:28.44,file_write,86,f
7a0701e4-4914-4cd4-86ee-e4c397d1aea6,f89c597b-097d-4f1e-8bc4-5a4c0b16fb71,coder-01,192,2026-02-13 12:06:28.445,file_write,92,f
aec1d519-f68e-4532-8e98-e30e4ce40aed,6f1d2123-e697-4e8a-8633-b4308b565ef5,coder-01,156,2026-02-13 12:06:28.45,file_write,97,f
1e40389b-3c50-437c-8c62-f21125b3a5f9,3dd1bb00-9339-4be7-97ab-5bba3e98f695,coder-01,114,2026-02-13 12:06:28.455,file_write,102,f
69fd1ed5-7c29-4ece-8d00-164bad7130a0,269ba714-8324-432f-b2a3-b20bf11e1e33,coder-01,108,2026-02-13 12:06:28.461,file_write,107,f
929b6d23-ebf9-4385-b56d-26dcadd1f78e,a4b682bf-1b35-40fc-afc8-4586122c4ba4,qa-01,28,2026-02-12 17:39:32.213,shell_run,20,f
72dfb490-69ef-4679-a3a4-16c5f880772e,598da556-0373-428b-a5ac-20d83ba8de81,coder-01,21,2026-02-12 17:39:32.221,shell_run,26,f
a73467ad-00f5-4fc2-8e78-298f6833ad72,d8dc6e20-c22f-4db9-80cf-943a91a16ff6,coder-01,20,2026-02-12 17:39:32.227,shell_run,33,f
30d94960-d949-4e32-934a-2fc9ad77b5fb,68c345d0-103b-4b7b-8728-aaa4296acc24,qa-01,18,2026-02-12 17:39:32.233,shell_run,39,f
a77b7a25-1590-4342-aadd-b43be7adf7af,023498d1-7073-4f08-ad9f-0570ff0163a9,coder-01,10,2026-02-12 17:39:32.239,shell_run,45,f
4e1c9f6d-e5f8-4ca2-afd3-d97e7227b8b2,c310585e-29b5-4667-87c3-54e047363377,coder-01,11,2026-02-12 17:39:32.245,shell_run,52,f
2e0f4ad7-90c6-4fbb-8044-bb35baf664d9,8660d171-66fd-4298-89e4-75ae042991bf,coder-01,5,2026-02-12 17:39:32.25,shell_run,58,f
31ed42b3-7694-426d-9e80-88f30f9f3e4a,84a7e6bd-e3ab-42d3-b01e-5dfea81d627b,coder-01,1,2026-02-12 17:49:58.989,file_write,8,f
30ef1639-b431-4462-ac40-097bf7fee928,84a7e6bd-e3ab-42d3-b01e-5dfea81d627b,coder-01,2,2026-02-12 17:50:00.776,shell_run,0,f
1a1ecd83-305a-4b1f-97b9-852a5d2e48be,84a7e6bd-e3ab-42d3-b01e-5dfea81d627b,coder-01,3,2026-02-12 17:50:04.639,file_write,16,f
e5cdb902-145e-4ed2-9ec9-5cb5c3e59e93,84a7e6bd-e3ab-42d3-b01e-5dfea81d627b,coder-01,4,2026-02-12 17:50:06.389,shell_run,0,f
319d09a0-b6c6-4d8f-acf8-9789c36deb73,84a7e6bd-e3ab-42d3-b01e-5dfea81d627b,coder-01,5,2026-02-12 17:50:09.163,shell_run,0,f
0fd0d028-7b77-46a0-bdf9-d45320075d8f,84a7e6bd-e3ab-42d3-b01e-5dfea81d627b,coder-01,6,2026-02-12 17:50:10.532,file_read,7,f
82a67a32-82ae-4fea-9bfd-2d6b5cdeea83,84a7e6bd-e3ab-42d3-b01e-5dfea81d627b,coder-01,7,2026-02-12 17:50:17.753,file_read,12,f
c23ea3e3-f90c-4e53-a512-86de6db69e2f,5c4e8777-119d-41e3-acf0-411722b5a02c,coder-01,1,2026-02-13 11:21:24.269,file_write,7,f
d688b526-a584-4033-b10d-3cbc3df76410,5c4e8777-119d-41e3-acf0-411722b5a02c,coder-01,2,2026-02-13 11:21:26.596,shell_run,0,f
c3781b84-f27a-4eef-8584-706ec1fb3597,5c4e8777-119d-41e3-acf0-411722b5a02c,coder-01,3,2026-02-13 11:21:30.345,file_write,6,f
c040ae0c-e549-462a-89f5-632a270c9d7f,5c4e8777-119d-41e3-acf0-411722b5a02c,coder-01,7,2026-02-13 11:21:42.974,file_write,12,f
fe10e6e9-e090-49c0-b586-3a571fee1735,1012d0d2-dff7-467f-9a21-f8c7b0924075,coder-01,1,2026-02-13 11:21:42.982,file_write,19,f
6411d712-fb3a-49b2-90bf-93485f471260,5c4e8777-119d-41e3-acf0-411722b5a02c,coder-01,8,2026-02-13 11:21:45.378,shell_run,0,f
702d1f58-6a4e-4e39-a50a-9f62987f990f,5c4e8777-119d-41e3-acf0-411722b5a02c,coder-01,5,2026-02-13 11:21:35.091,"the action to take, only one name of [file_read, file_write, file_edit, file_list, shell_run, code_search, find_file], just the name, exactly as it's written.",,f
7a8970be-8d0f-4016-93b2-2f4a1869c504,5c4e8777-119d-41e3-acf0-411722b5a02c,coder-01,6,2026-02-13 11:21:35.099,unknown,,f
be07a94c-c183-4df5-b8c7-4dcabb49f4e2,5c4e8777-119d-41e3-acf0-411722b5a02c,coder-01,196,2026-02-13 12:04:43.613,code_search,512,f
8029e25d-49d0-42d3-bf62-e49159a58ab0,1012d0d2-dff7-467f-9a21-f8c7b0924075,coder-01,192,2026-02-13 12:04:43.621,code_search,519,f
263d6c88-54c7-4490-9a43-1bb09f79016e,6243144d-a5d2-4eeb-8994-390dc9a13e12,coder-01,204,2026-02-13 12:04:43.629,code_search,527,f
fd0b2782-d999-42c6-96ba-c1fd0b363ed9,eb17b408-aba9-4859-9bfa-5e89104bfffa,coder-01,183,2026-02-13 12:04:43.636,code_search,536,f
ed2273bf-3b0a-4158-bb94-0e5febd7b803,67a94aa5-3189-4c68-8566-6b8a4fae7546,coder-01,176,2026-02-13 12:04:43.643,code_search,542,f
6a207b85-cb96-4e64-8d8e-b87237c6e149,6d5b4a6a-5aa8-4a3d-8f7a-cfea16412d2a,coder-01,175,2026-02-13 12:04:43.65,code_search,549,f
f9a44cdd-e60c-4388-b88b-48e009584fc5,f558af5d-25ba-479e-8e8b-90a8aaa1ce79,coder-01,176,2026-02-13 12:04:43.656,code_search,556,f
073f249f-a172-4e83-a3a0-2006cd3b0f98,c6f48a65-7b86-4956-b82d-dc010642d5e4,coder-01,172,2026-02-13 12:04:43.662,code_search,563,f
990eb9d1-297d-4e0e-9703-821a8aedc704,6f1d2123-e697-4e8a-8633-b4308b565ef5,coder-01,182,2026-02-13 12:04:43.668,code_search,569,f
5dcc5ee0-8e7e-4cc7-a926-a992011e9aa3,1012d0d2-dff7-467f-9a21-f8c7b0924075,coder-01,2,2026-02-13 11:21:45.384,shell_run,5,f
2014e7dd-981e-4406-a2e0-85d9629d1325,1012d0d2-dff7-467f-9a21-f8c7b0924075,coder-01,3,2026-02-13 11:21:50.812,"the action to take, should be one of [file_read, file_write, file_edit, file_list, shell_run, code_search, find_file]",,f
a984cec5-e55e-4c51-9349-12f4f442c88f,1012d0d2-dff7-467f-9a21-f8c7b0924075,coder-01,4,2026-02-13 11:21:50.821,unknown,,f
966068ee-b9a6-458c-826c-3e4bcf443caf,5c4e8777-119d-41e3-acf0-411722b5a02c,coder-01,9,2026-02-13 11:21:53.669,file_write,7,f
1e473e97-efdc-463f-8c1c-b8346f4a349b,1012d0d2-dff7-467f-9a21-f8c7b0924075,coder-01,5,2026-02-13 11:21:53.676,file_write,15,f
9e1f2bda-40af-4a5d-8a03-051274223836,6243144d-a5d2-4eeb-8994-390dc9a13e12,coder-01,1,2026-02-13 11:21:53.683,file_write,21,f
1dfaad2d-178e-4bda-a3c0-962e48180509,5c4e8777-119d-41e3-acf0-411722b5a02c,coder-01,10,2026-02-13 11:21:55.922,shell_run,0,f
b8e59163-1293-48b2-8c0a-e43943722b48,1012d0d2-dff7-467f-9a21-f8c7b0924075,coder-01,6,2026-02-13 11:21:55.931,shell_run,8,f
68249a1b-8264-4e4b-94bf-7283edea524b,6243144d-a5d2-4eeb-8994-390dc9a13e12,coder-01,2,2026-02-13 11:21:55.94,shell_run,18,f
8df44461-3a1f-4953-8644-aa68ff0a58d7,5c4e8777-119d-41e3-acf0-411722b5a02c,coder-01,11,2026-02-13 11:21:59.657,file_write,6,f
089a3f88-0779-4d9b-84a2-e31d2d9a3396,1012d0d2-dff7-467f-9a21-f8c7b0924075,coder-01,7,2026-02-13 11:21:59.671,file_write,19,f
8910b730-b0c0-4f22-9684-2e93ed88d89c,6243144d-a5d2-4eeb-8994-390dc9a13e12,coder-01,3,2026-02-13 11:21:59.678,file_write,27,f
e7e59580-de18-4ebe-b2be-e82a29281ca5,5c4e8777-119d-41e3-acf0-411722b5a02c,coder-01,12,2026-02-13 11:22:02.117,shell_run,49,f
763d38ae-5aa8-4e4b-b37f-038c0a191169,1012d0d2-dff7-467f-9a21-f8c7b0924075,coder-01,8,2026-02-13 11:22:02.127,shell_run,58,f
425067d1-27fe-46ee-b8eb-aa7cf9b0c25a,6243144d-a5d2-4eeb-8994-390dc9a13e12,coder-01,4,2026-02-13 11:22:02.135,shell_run,67,f
c0534f12-e991-4e25-b9cc-63af2fb4b575,5c4e8777-119d-41e3-acf0-411722b5a02c,coder-01,13,2026-02-13 11:22:06.238,file_write,8,f
95835238-f230-4e1f-ab06-b068dfee827e,1012d0d2-dff7-467f-9a21-f8c7b0924075,coder-01,9,2026-02-13 11:22:06.248,file_write,18,f
323cd61b-1558-49c4-b96b-c9edbc4424f3,6243144d-a5d2-4eeb-8994-390dc9a13e12,coder-01,5,2026-02-13 11:22:06.255,file_write,24,f
701770f9-52b2-45ff-a009-4b89a05dcca7,5c4e8777-119d-41e3-acf0-411722b5a02c,coder-01,14,2026-02-13 11:22:23.223,file_write,9,f
d3e37951-bc65-4943-b4f8-209dd7d82c00,1012d0d2-dff7-467f-9a21-f8c7b0924075,coder-01,10,2026-02-13 11:22:23.23,file_write,17,f
1a5eade7-6963-44b6-a27c-bd4f8ce8070d,6243144d-a5d2-4eeb-8994-390dc9a13e12,coder-01,6,2026-02-13 11:22:23.238,file_write,25,f
2c9a2c78-d12c-4896-97ad-9cde8ea9adb0,5c4e8777-119d-41e3-acf0-411722b5a02c,coder-01,15,2026-02-13 11:22:50.183,file_write,9,f
446e84ba-2508-4345-b630-7b17eee181d9,1012d0d2-dff7-467f-9a21-f8c7b0924075,coder-01,11,2026-02-13 11:22:50.193,file_write,19,f
6eb2acf6-355e-481e-afc0-1912dfdaa86c,6243144d-a5d2-4eeb-8994-390dc9a13e12,coder-01,7,2026-02-13 11:22:50.202,file_write,27,f
540d3622-c45f-44b5-ade0-80d37283ef90,6243144d-a5d2-4eeb-8994-390dc9a13e12,coder-01,8,2026-02-13 11:25:23.744,"the action to take, only one name of [file_read, file_write, file_edit, file_list, shell_run, code_search, find_file], just the name, exactly as it's written.",,f
b4a97ff6-e7fd-4ec2-8f5f-9807d488ad9e,6243144d-a5d2-4eeb-8994-390dc9a13e12,coder-01,9,2026-02-13 11:25:23.755,unknown,,f
d95885a6-6050-4cf9-adfc-afb8b50b6190,6243144d-a5d2-4eeb-8994-390dc9a13e12,coder-01,10,2026-02-13 11:25:23.764,"the action to take, only one name of [file_read, file_write, file_edit, file_list, shell_run, code_search, find_file], just the name, exactly as it's written.",,f
fd431fc4-0fd8-49ca-9b7d-a9d7800b40e9,6243144d-a5d2-4eeb-8994-390dc9a13e12,coder-01,11,2026-02-13 11:25:23.771,unknown,,f
6f9adbe1-8d35-481e-ba53-92df28d7aa9d,6243144d-a5d2-4eeb-8994-390dc9a13e12,coder-01,12,2026-02-13 11:25:23.781,"the action to take, only one name of [file_read, file_write, file_edit, file_list, shell_run, code_search, find_file], just the name, exactly as it's written.",,f
9cb30a84-2233-4b16-b8f9-1954204f348e,6243144d-a5d2-4eeb-8994-390dc9a13e12,coder-01,13,2026-02-13 11:25:23.789,unknown,,f
ec69be4f-efa3-42ca-9962-c39941de7e5c,6243144d-a5d2-4eeb-8994-390dc9a13e12,coder-01,14,2026-02-13 11:25:23.798,"the action to take, only one name of [file_read, file_write, file_edit, file_list, shell_run, code_search, find_file], just the name, exactly as it's written.",,f
6f0bca86-f4f9-4479-9b2d-7a1af8530c1f,6243144d-a5d2-4eeb-8994-390dc9a13e12,coder-01,15,2026-02-13 11:25:23.805,unknown,,f
62e25495-425f-4630-9555-e82d52384e2a,6243144d-a5d2-4eeb-8994-390dc9a13e12,coder-01,16,2026-02-13 11:25:23.812,"the action to take, only one name of [file_read, file_write, file_edit, file_list, shell_run, code_search, find_file], just the name, exactly as it's written.",,f
9352ac05-20ea-4287-86b1-59f7e8212f5a,6243144d-a5d2-4eeb-8994-390dc9a13e12,coder-01,17,2026-02-13 11:25:23.819,unknown,,f
8cd53ffd-4a7c-4a09-a8aa-b57e7555bbc4,6243144d-a5d2-4eeb-8994-390dc9a13e12,coder-01,18,2026-02-13 11:25:23.827,"the action to take, only one name of [file_read, file_write, file_edit, file_list, shell_run, code_search, find_file], just the name, exactly as it's written.",,f
75c6825b-ecdf-4326-9cd4-2913d0183da9,6243144d-a5d2-4eeb-8994-390dc9a13e12,coder-01,19,2026-02-13 11:25:23.834,unknown,,f
ed1c3fd0-8a65-40b3-8068-81dba6d61921,6243144d-a5d2-4eeb-8994-390dc9a13e12,coder-01,20,2026-02-13 11:25:23.845,"the action to take, only one name of [file_read, file_write, file_edit, file_list, shell_run, code_search, find_file], just the name, exactly as it's written.",,f
d57fc167-62ce-4e00-8e60-941e88e67400,6243144d-a5d2-4eeb-8994-390dc9a13e12,coder-01,21,2026-02-13 11:25:23.853,unknown,,f
91f16c61-a6c0-4d1c-8bab-3646a4619846,6243144d-a5d2-4eeb-8994-390dc9a13e12,coder-01,22,2026-02-13 11:25:23.864,"the action to take, only one name of [file_read, file_write, file_edit, file_list, shell_run, code_search, find_file], just the name, exactly as it's written.",,f
0d9ad071-b88b-4cd2-86d3-18ed12560259,6243144d-a5d2-4eeb-8994-390dc9a13e12,coder-01,23,2026-02-13 11:25:23.872,unknown,,f
36ae6bd2-576e-4b10-afd0-96356114f261,5c4e8777-119d-41e3-acf0-411722b5a02c,coder-01,16,2026-02-13 11:25:26.983,file_write,6,f
d39262d2-61b0-4160-ab6f-0c1b7a05cc6b,1012d0d2-dff7-467f-9a21-f8c7b0924075,coder-01,12,2026-02-13 11:25:26.994,file_write,17,f
6e1e05dc-5155-494d-951e-8820c396292e,6243144d-a5d2-4eeb-8994-390dc9a13e12,coder-01,24,2026-02-13 11:25:27,file_write,24,f
5127accb-6268-4891-9d94-ddf3694ec809,eb17b408-aba9-4859-9bfa-5e89104bfffa,coder-01,1,2026-02-13 11:25:27.006,file_write,30,f
e1153951-78e9-480b-adfd-4ab44d611a71,5c4e8777-119d-41e3-acf0-411722b5a02c,coder-01,17,2026-02-13 11:25:29.725,shell_run,0,f
7e5ca3fa-7781-4070-9928-88bfbda2590c,1012d0d2-dff7-467f-9a21-f8c7b0924075,coder-01,13,2026-02-13 11:25:29.738,shell_run,13,f
47c26b3d-71a7-4c83-9b22-24d87a5af3ca,6243144d-a5d2-4eeb-8994-390dc9a13e12,coder-01,25,2026-02-13 11:25:29.748,shell_run,23,f
b451ce6c-714c-4bc4-ab5f-c1ca4cc8d26d,eb17b408-aba9-4859-9bfa-5e89104bfffa,coder-01,2,2026-02-13 11:25:29.757,shell_run,32,f
d4f857f5-5c39-4cb3-b680-bdcb3dc46df1,5c4e8777-119d-41e3-acf0-411722b5a02c,coder-01,18,2026-02-13 11:25:33.516,file_edit,12,f
00d882aa-a195-40c4-a883-96818a9cdd87,1012d0d2-dff7-467f-9a21-f8c7b0924075,coder-01,14,2026-02-13 11:25:33.529,file_edit,24,f
78a2d44e-f52e-4514-95c0-83a20c76e866,6243144d-a5d2-4eeb-8994-390dc9a13e12,coder-01,26,2026-02-13 11:25:33.536,file_edit,32,f
5e59a39f-3afe-44ee-bd87-c444189f1090,eb17b408-aba9-4859-9bfa-5e89104bfffa,coder-01,3,2026-02-13 11:25:33.543,file_edit,39,f
5c8bffc6-958c-4252-ac0f-b7235402b46c,5c4e8777-119d-41e3-acf0-411722b5a02c,coder-01,19,2026-02-13 11:25:41.303,file_write,11,f
a768785a-5c33-4ac6-b811-2ae65bb005fb,1012d0d2-dff7-467f-9a21-f8c7b0924075,coder-01,15,2026-02-13 11:25:41.314,file_write,23,f
de15aac3-9ea7-45a1-9829-49f790c244f9,6243144d-a5d2-4eeb-8994-390dc9a13e12,coder-01,27,2026-02-13 11:25:41.322,file_write,30,f
7e7d61ee-19f4-4992-842e-6397c08554f1,eb17b408-aba9-4859-9bfa-5e89104bfffa,coder-01,4,2026-02-13 11:25:41.329,file_write,37,f
5ebba98f-f985-4f18-9709-50375afb851f,5c4e8777-119d-41e3-acf0-411722b5a02c,coder-01,20,2026-02-13 11:25:45.073,shell_run,1799,f
a74ed381-0fb7-4092-8ecb-d3374a21ebcb,67a94aa5-3189-4c68-8566-6b8a4fae7546,coder-01,10,2026-02-13 11:26:33.407,shell_run,81,f
e35ec3d4-a233-4b02-8d51-9ae3cb032177,1012d0d2-dff7-467f-9a21-f8c7b0924075,coder-01,16,2026-02-13 11:25:45.082,shell_run,1810,f
e4fac071-3de0-4d2d-b996-ffaeed6d15b0,6243144d-a5d2-4eeb-8994-390dc9a13e12,coder-01,28,2026-02-13 11:25:45.091,shell_run,1818,f
750f4b27-3d80-4401-9d5b-86a1dbacc893,eb17b408-aba9-4859-9bfa-5e89104bfffa,coder-01,5,2026-02-13 11:25:45.099,shell_run,1827,f
1559362e-8a3e-458e-8a93-121ea8879cab,eb17b408-aba9-4859-9bfa-5e89104bfffa,coder-01,6,2026-02-13 11:25:48.836,"the action to take, only one name of [file_read, file_write, file_edit, file_list, shell_run, code_search, find_file], just the name, exactly as it's written.",,f
e7aaf90e-9f98-48f5-9bb9-5992cebabfbe,eb17b408-aba9-4859-9bfa-5e89104bfffa,coder-01,7,2026-02-13 11:25:48.843,unknown,,f
009bdb7a-9505-4b16-bef1-288ed8476006,5c4e8777-119d-41e3-acf0-411722b5a02c,coder-01,23,2026-02-13 11:26:05.882,file_write,7,f
b15c7788-5c2c-4ced-9540-f70442935afb,1012d0d2-dff7-467f-9a21-f8c7b0924075,coder-01,19,2026-02-13 11:26:05.893,file_write,17,f
c4ec9e0d-2fed-49ce-a572-3b507e01b87c,6243144d-a5d2-4eeb-8994-390dc9a13e12,coder-01,31,2026-02-13 11:26:05.9,file_write,25,f
019c74f4-9001-4fb2-861a-9e93d02556be,eb17b408-aba9-4859-9bfa-5e89104bfffa,coder-01,10,2026-02-13 11:26:05.907,file_write,32,f
10663ac0-4d43-43bf-85d7-877dd3ae1a6d,67a94aa5-3189-4c68-8566-6b8a4fae7546,coder-01,3,2026-02-13 11:26:05.913,file_write,39,f
53203984-66eb-4208-98d4-84ae958881ce,6d5b4a6a-5aa8-4a3d-8f7a-cfea16412d2a,coder-01,2,2026-02-13 11:26:05.919,file_write,45,f
99d84ece-80f0-4018-8dc6-78d923a37240,f558af5d-25ba-479e-8e8b-90a8aaa1ce79,coder-01,1,2026-02-13 11:26:05.926,file_write,51,f
a09d4824-4ed8-4dac-a975-fb5617db88b3,5c4e8777-119d-41e3-acf0-411722b5a02c,coder-01,24,2026-02-13 11:26:08.379,shell_run,0,f
7a26d7ee-3bbe-4f12-9f13-d300c8ab4481,1012d0d2-dff7-467f-9a21-f8c7b0924075,coder-01,20,2026-02-13 11:26:08.39,shell_run,11,f
ae9268ba-9b5b-478a-9463-d40784ebcd0f,6243144d-a5d2-4eeb-8994-390dc9a13e12,coder-01,32,2026-02-13 11:26:08.396,shell_run,17,f
d71d2a5e-2a0b-481f-9120-a63b9a4280cb,eb17b408-aba9-4859-9bfa-5e89104bfffa,coder-01,11,2026-02-13 11:26:08.403,shell_run,24,f
4a27fa76-d209-428b-a308-d0b2fc8f40b9,67a94aa5-3189-4c68-8566-6b8a4fae7546,coder-01,4,2026-02-13 11:26:08.41,shell_run,31,f
510b8e05-2197-489e-b31f-c3584e371f18,6d5b4a6a-5aa8-4a3d-8f7a-cfea16412d2a,coder-01,3,2026-02-13 11:26:08.417,shell_run,38,f
9e6e4e3d-fe1c-457b-af06-05f4f537f46c,5c4e8777-119d-41e3-acf0-411722b5a02c,coder-01,21,2026-02-13 11:25:56.331,file_write,7,f
02159eb0-4d81-44b7-a81d-1c6db30531ea,1012d0d2-dff7-467f-9a21-f8c7b0924075,coder-01,17,2026-02-13 11:25:56.343,file_write,19,f
34aa7dd5-e6e6-4753-a7f7-5b7845d9e304,6243144d-a5d2-4eeb-8994-390dc9a13e12,coder-01,29,2026-02-13 11:25:56.351,file_write,28,f
3d01c4e3-3f14-4265-995e-132df753b455,eb17b408-aba9-4859-9bfa-5e89104bfffa,coder-01,8,2026-02-13 11:25:56.359,file_write,35,f
2a42298d-ae8d-4827-8a24-1af6cf4e85ed,67a94aa5-3189-4c68-8566-6b8a4fae7546,coder-01,1,2026-02-13 11:25:56.366,file_write,43,f
e92c49ea-ce1e-4b32-97e7-149ca234b5e5,5c4e8777-119d-41e3-acf0-411722b5a02c,coder-01,22,2026-02-13 11:26:00.798,file_write,11,f
bbff1f93-2def-4c99-ac74-c6115c70b60d,1012d0d2-dff7-467f-9a21-f8c7b0924075,coder-01,18,2026-02-13 11:26:00.804,file_write,18,f
fafb0634-c9a9-4031-a210-31178c1d07ce,6243144d-a5d2-4eeb-8994-390dc9a13e12,coder-01,30,2026-02-13 11:26:00.811,file_write,25,f
7525935c-0d4e-43b2-8580-b228c130c628,eb17b408-aba9-4859-9bfa-5e89104bfffa,coder-01,9,2026-02-13 11:26:00.818,file_write,32,f
2bdd91d6-f342-4d67-8ac9-4666046ea685,67a94aa5-3189-4c68-8566-6b8a4fae7546,coder-01,2,2026-02-13 11:26:00.825,file_write,39,f
9d55090b-6ae0-4542-8d5a-c128402fa423,6d5b4a6a-5aa8-4a3d-8f7a-cfea16412d2a,coder-01,1,2026-02-13 11:26:00.832,file_write,46,f
0e32f010-e82d-4efd-b726-87a5c13425ea,5c4e8777-119d-41e3-acf0-411722b5a02c,coder-01,29,2026-02-13 11:26:31.009,file_write,13,f
e05f0c2c-74e1-4937-9f92-30481d57aba6,1012d0d2-dff7-467f-9a21-f8c7b0924075,coder-01,25,2026-02-13 11:26:31.014,file_write,19,f
66c4d705-3ffa-4243-a3a5-b17f7067de3d,6243144d-a5d2-4eeb-8994-390dc9a13e12,coder-01,37,2026-02-13 11:26:31.02,file_write,24,f
6e8d3e36-ace4-46fe-bfd3-59eb43bf73b4,eb17b408-aba9-4859-9bfa-5e89104bfffa,coder-01,16,2026-02-13 11:26:31.025,file_write,29,f
f29e14db-a61c-4460-9248-1d18a98e883d,67a94aa5-3189-4c68-8566-6b8a4fae7546,coder-01,9,2026-02-13 11:26:31.031,file_write,35,f
20619aa5-2f9d-4427-9a57-34b369ceb359,6d5b4a6a-5aa8-4a3d-8f7a-cfea16412d2a,coder-01,8,2026-02-13 11:26:31.037,file_write,41,f
09f37449-05bc-45b7-acf8-39e37fb2ad0d,f558af5d-25ba-479e-8e8b-90a8aaa1ce79,coder-01,9,2026-02-13 11:26:31.043,file_write,47,f
7bd14208-5147-4d9f-b18d-13f841209043,c6f48a65-7b86-4956-b82d-dc010642d5e4,coder-01,3,2026-02-13 11:26:31.05,file_write,54,f
1ad14afb-e4b3-4980-b405-a80847a83fd0,5c4e8777-119d-41e3-acf0-411722b5a02c,coder-01,30,2026-02-13 11:26:33.375,shell_run,50,f
0015ae87-d63c-42da-a132-f849904ace16,1012d0d2-dff7-467f-9a21-f8c7b0924075,coder-01,26,2026-02-13 11:26:33.386,shell_run,61,f
f86a40db-6057-4e76-887b-a3ab46a5c775,f558af5d-25ba-479e-8e8b-90a8aaa1ce79,coder-01,2,2026-02-13 11:26:08.424,shell_run,45,f
f34e1ffb-dec9-41ae-a1ff-ef25fecd3644,5c4e8777-119d-41e3-acf0-411722b5a02c,coder-01,25,2026-02-13 11:26:13.171,file_write,14,f
af68d99e-68b6-4c6a-8734-812fcde5a34c,1012d0d2-dff7-467f-9a21-f8c7b0924075,coder-01,21,2026-02-13 11:26:13.179,file_write,22,f
0d81e820-9f45-4aa6-a2f1-f1520f0ff737,6243144d-a5d2-4eeb-8994-390dc9a13e12,coder-01,33,2026-02-13 11:26:13.187,file_write,29,f
676779c0-f8f9-4d11-93da-310466699f03,eb17b408-aba9-4859-9bfa-5e89104bfffa,coder-01,12,2026-02-13 11:26:13.195,file_write,38,f
4adacf14-bad9-4788-92a9-44445c245e1b,67a94aa5-3189-4c68-8566-6b8a4fae7546,coder-01,5,2026-02-13 11:26:13.203,file_write,46,f
3a7ecaf7-3af8-456b-9d54-82479d3333ae,6d5b4a6a-5aa8-4a3d-8f7a-cfea16412d2a,coder-01,4,2026-02-13 11:26:13.21,file_write,53,f
d4401d2e-0459-4b99-b3bf-3c22de2a963f,f558af5d-25ba-479e-8e8b-90a8aaa1ce79,coder-01,3,2026-02-13 11:26:13.217,file_write,60,f
30a9a843-2df9-4f10-980a-b0790d7794b0,5c4e8777-119d-41e3-acf0-411722b5a02c,coder-01,26,2026-02-13 11:26:17.898,shell_run,1354,f
c2e165c1-32fd-43a5-b6dd-92b2aef3d001,1012d0d2-dff7-467f-9a21-f8c7b0924075,coder-01,22,2026-02-13 11:26:17.905,shell_run,1361,f
97b56db7-0842-4506-8881-909a3d8b3e18,6243144d-a5d2-4eeb-8994-390dc9a13e12,coder-01,34,2026-02-13 11:26:17.91,shell_run,1367,f
2800eaa6-17da-463e-b0d2-a8ab80ad2d3f,eb17b408-aba9-4859-9bfa-5e89104bfffa,coder-01,13,2026-02-13 11:26:17.916,shell_run,1372,f
69759a63-3df4-41d9-aa28-ca7fb92856d8,67a94aa5-3189-4c68-8566-6b8a4fae7546,coder-01,6,2026-02-13 11:26:17.922,shell_run,1378,f
ecc73862-5428-4b9e-a2af-0d44b70c3716,6d5b4a6a-5aa8-4a3d-8f7a-cfea16412d2a,coder-01,9,2026-02-13 11:26:33.414,shell_run,88,f
bde7280f-a3f0-4077-be04-e0557e9e0827,f558af5d-25ba-479e-8e8b-90a8aaa1ce79,coder-01,10,2026-02-13 11:26:33.421,shell_run,95,f
0bbfa313-a67e-4e0b-8477-b0ab46b451f1,6d5b4a6a-5aa8-4a3d-8f7a-cfea16412d2a,coder-01,5,2026-02-13 11:26:17.927,shell_run,1383,f
1f23f5e6-570f-4054-aaac-a12d876c5d36,f558af5d-25ba-479e-8e8b-90a8aaa1ce79,coder-01,4,2026-02-13 11:26:17.934,shell_run,1390,f
6565d116-d91c-4ce9-bb5e-35a251e1ffba,f558af5d-25ba-479e-8e8b-90a8aaa1ce79,coder-01,5,2026-02-13 11:26:22.242,"the action to take, only one name of [file_read, file_write, file_edit, file_list, shell_run, code_search, find_file], just the name, exactly as it's written.",,f
bcbfe821-ee54-4161-acc2-eb4305f8130e,f558af5d-25ba-479e-8e8b-90a8aaa1ce79,coder-01,6,2026-02-13 11:26:22.249,unknown,,f
a746db6e-300e-4c04-af3d-4d9e58ac2eaa,5c4e8777-119d-41e3-acf0-411722b5a02c,coder-01,27,2026-02-13 11:26:24.332,file_write,7,f
ef2bd970-5165-468f-a237-0a075333fb29,1012d0d2-dff7-467f-9a21-f8c7b0924075,coder-01,23,2026-02-13 11:26:24.34,file_write,14,f
8ad79f8a-3528-48f9-a4ef-9e508139a32c,6243144d-a5d2-4eeb-8994-390dc9a13e12,coder-01,35,2026-02-13 11:26:24.347,file_write,21,f
4969a9e7-b876-4c60-b301-713a8219bb93,eb17b408-aba9-4859-9bfa-5e89104bfffa,coder-01,14,2026-02-13 11:26:24.355,file_write,29,f
71d1c60a-de01-4d41-9550-87126d2ec6a8,67a94aa5-3189-4c68-8566-6b8a4fae7546,coder-01,7,2026-02-13 11:26:24.363,file_write,37,f
c5942d5b-99b9-435e-9b28-5a434f17fd76,6d5b4a6a-5aa8-4a3d-8f7a-cfea16412d2a,coder-01,6,2026-02-13 11:26:24.371,file_write,45,f
20b8c6bf-347a-4ee8-85e5-4189aff4e68a,f558af5d-25ba-479e-8e8b-90a8aaa1ce79,coder-01,7,2026-02-13 11:26:24.379,file_write,53,f
da81ccff-8407-46eb-942a-01068e630ca7,c6f48a65-7b86-4956-b82d-dc010642d5e4,coder-01,1,2026-02-13 11:26:24.386,file_write,60,f
84cd2d35-c50b-4358-90a0-536fc2940c92,5c4e8777-119d-41e3-acf0-411722b5a02c,coder-01,28,2026-02-13 11:26:27.04,shell_run,0,f
8e1e4c26-a1d7-4f6e-abae-2dfb03f72b50,1012d0d2-dff7-467f-9a21-f8c7b0924075,coder-01,24,2026-02-13 11:26:27.052,shell_run,13,f
c3a0708f-6642-4e2b-967d-05a696535bbd,6243144d-a5d2-4eeb-8994-390dc9a13e12,coder-01,36,2026-02-13 11:26:27.059,shell_run,20,f
f754b58b-341d-4f56-867f-a41d02f20271,eb17b408-aba9-4859-9bfa-5e89104bfffa,coder-01,15,2026-02-13 11:26:27.066,shell_run,27,f
31af76c4-768f-423e-8315-a8a2bb8f7cb3,67a94aa5-3189-4c68-8566-6b8a4fae7546,coder-01,8,2026-02-13 11:26:27.073,shell_run,34,f
7d6c4871-d7c2-4507-adde-23661ada0bc1,6d5b4a6a-5aa8-4a3d-8f7a-cfea16412d2a,coder-01,7,2026-02-13 11:26:27.08,shell_run,41,f
1fc35486-c0e2-4829-8d99-d245b34f35cc,f558af5d-25ba-479e-8e8b-90a8aaa1ce79,coder-01,8,2026-02-13 11:26:27.087,shell_run,48,f
17e283ca-eb6c-42e4-befb-21e8906c2100,c6f48a65-7b86-4956-b82d-dc010642d5e4,coder-01,2,2026-02-13 11:26:27.094,shell_run,55,f
64d2b0fe-0969-4338-876b-08c81a0f0ca4,5c4e8777-119d-41e3-acf0-411722b5a02c,coder-01,34,2026-02-13 11:26:55.021,file_write,7,f
8ff86830-52a9-4e9b-af9f-c143b7b186d3,1012d0d2-dff7-467f-9a21-f8c7b0924075,coder-01,30,2026-02-13 11:26:55.032,file_write,20,f
f32aa3ba-50a2-48c9-8763-58b0ab6c54b2,c6f48a65-7b86-4956-b82d-dc010642d5e4,coder-01,5,2026-02-13 11:26:36.93,"the action to take, only one name of [file_read, file_write, file_edit, file_list, shell_run, code_search, find_file], just the name, exactly as it's written.",,f
5bf97cf1-6932-48fe-8058-4d13bf11a2cf,c6f48a65-7b86-4956-b82d-dc010642d5e4,coder-01,6,2026-02-13 11:26:36.937,unknown,,f
2b55a53b-5ce8-479b-a19f-2610fb7c8923,5c4e8777-119d-41e3-acf0-411722b5a02c,coder-01,31,2026-02-13 11:26:39.14,file_write,6,f
73069a7f-77b9-4672-b941-e0dad35bd6ee,1012d0d2-dff7-467f-9a21-f8c7b0924075,coder-01,27,2026-02-13 11:26:39.152,file_write,18,f
5f52cff0-31eb-4187-b46e-ee01999f1d22,6243144d-a5d2-4eeb-8994-390dc9a13e12,coder-01,39,2026-02-13 11:26:39.159,file_write,25,f
6102f747-a830-4c13-984d-ac62a2ee2325,eb17b408-aba9-4859-9bfa-5e89104bfffa,coder-01,18,2026-02-13 11:26:39.167,file_write,33,f
c7a9cad0-ae7d-42e8-ad66-26034c008cdf,67a94aa5-3189-4c68-8566-6b8a4fae7546,coder-01,11,2026-02-13 11:26:39.174,file_write,40,f
cc9c3a39-d2ed-401b-ac76-540747389c7a,6d5b4a6a-5aa8-4a3d-8f7a-cfea16412d2a,coder-01,10,2026-02-13 11:26:39.181,file_write,47,f
1beb766d-eeae-4346-a628-91590dd92a04,f558af5d-25ba-479e-8e8b-90a8aaa1ce79,coder-01,11,2026-02-13 11:26:39.188,file_write,54,f
35c9864c-c7df-4a67-afea-c2ec7b216926,c6f48a65-7b86-4956-b82d-dc010642d5e4,coder-01,7,2026-02-13 11:26:39.195,file_write,62,f
942d4cbd-456f-4ef1-861e-cc021f82ddef,6f1d2123-e697-4e8a-8633-b4308b565ef5,coder-01,1,2026-02-13 11:26:39.204,file_write,70,f
48b7035d-a9ca-45ee-a1a3-fe0d1a61d2f5,5c4e8777-119d-41e3-acf0-411722b5a02c,coder-01,32,2026-02-13 11:26:42.105,shell_run,0,f
97e3664e-95d3-478a-a2c9-ef21178a7105,1012d0d2-dff7-467f-9a21-f8c7b0924075,coder-01,28,2026-02-13 11:26:42.112,shell_run,8,f
d7f4d9aa-34fc-4f7e-89d2-cd1192a6be4b,6243144d-a5d2-4eeb-8994-390dc9a13e12,coder-01,40,2026-02-13 11:26:42.119,shell_run,15,f
7ee23070-a5e4-417c-b96e-76e77f3210f7,eb17b408-aba9-4859-9bfa-5e89104bfffa,coder-01,19,2026-02-13 11:26:42.125,shell_run,22,f
4615c40d-ae81-4f83-9b8e-632491fbbd0c,67a94aa5-3189-4c68-8566-6b8a4fae7546,coder-01,12,2026-02-13 11:26:42.132,shell_run,28,f
bce27f8b-fb74-418f-b64c-b7b5e9c19a37,6d5b4a6a-5aa8-4a3d-8f7a-cfea16412d2a,coder-01,11,2026-02-13 11:26:42.138,shell_run,35,f
8e4ee2d6-cf5d-4154-9ef5-a9a149589370,f558af5d-25ba-479e-8e8b-90a8aaa1ce79,coder-01,12,2026-02-13 11:26:42.144,shell_run,41,f
fb3cb7e7-571a-4f62-a69a-a9a18c7d774f,c6f48a65-7b86-4956-b82d-dc010642d5e4,coder-01,8,2026-02-13 11:26:42.15,shell_run,47,f
6e438dbf-3e62-43e4-a00e-0538dcc921dc,6f1d2123-e697-4e8a-8633-b4308b565ef5,coder-01,2,2026-02-13 11:26:42.156,shell_run,53,f
fa125b72-7f13-4df7-b8e3-7382902d46ad,6243144d-a5d2-4eeb-8994-390dc9a13e12,coder-01,42,2026-02-13 11:26:55.039,file_write,27,f
49606a57-412c-4b52-84cb-ab1eecbb646e,eb17b408-aba9-4859-9bfa-5e89104bfffa,coder-01,21,2026-02-13 11:26:55.047,file_write,34,f
7ff28dae-1a6e-4489-9a39-5da07e6bc858,67a94aa5-3189-4c68-8566-6b8a4fae7546,coder-01,14,2026-02-13 11:26:55.054,file_write,41,f
1658e330-4bdb-4e08-a1f6-1ce8f0b7cb86,5c4e8777-119d-41e3-acf0-411722b5a02c,coder-01,33,2026-02-13 11:26:44.325,file_list,176,f
c3905d16-5e9e-4ada-b264-6440626f06da,1012d0d2-dff7-467f-9a21-f8c7b0924075,coder-01,29,2026-02-13 11:26:44.336,file_list,187,f
302195a4-cee2-489f-9c01-8c61891fc8c4,6243144d-a5d2-4eeb-8994-390dc9a13e12,coder-01,41,2026-02-13 11:26:44.343,file_list,195,f
6c9c12cc-b7d0-425c-b24a-0fdac44df9bb,5c4e8777-119d-41e3-acf0-411722b5a02c,coder-01,37,2026-02-13 11:27:28.072,file_write,13,f
09b81a02-d282-48a0-a32b-2b1f54f2823e,1012d0d2-dff7-467f-9a21-f8c7b0924075,coder-01,33,2026-02-13 11:27:28.078,file_write,20,f
e48d0989-cbe8-4073-ab6e-e953b0aaecaa,6243144d-a5d2-4eeb-8994-390dc9a13e12,coder-01,45,2026-02-13 11:27:28.085,file_write,26,f
91128df6-5f79-4091-9cd7-061d295f6d76,eb17b408-aba9-4859-9bfa-5e89104bfffa,coder-01,24,2026-02-13 11:27:28.091,file_write,33,f
e10615dc-110b-4f2a-897e-66b0dca41342,67a94aa5-3189-4c68-8566-6b8a4fae7546,coder-01,17,2026-02-13 11:27:28.098,file_write,40,f
b9e5f245-a91d-4714-8c37-fa122571bd71,6d5b4a6a-5aa8-4a3d-8f7a-cfea16412d2a,coder-01,16,2026-02-13 11:27:28.105,file_write,47,f
9adae2ad-fed8-451b-a8f7-5909f0c92dcb,f558af5d-25ba-479e-8e8b-90a8aaa1ce79,coder-01,17,2026-02-13 11:27:28.112,file_write,53,f
886a34ef-00fd-45ad-be5e-90ff9e71846c,c6f48a65-7b86-4956-b82d-dc010642d5e4,coder-01,13,2026-02-13 11:27:28.119,file_write,60,f
4100aa5f-4fe3-46fe-94e2-2646029b7bd1,6f1d2123-e697-4e8a-8633-b4308b565ef5,coder-01,7,2026-02-13 11:27:28.126,file_write,67,f
34d235a2-0859-4235-8a7b-23b8ce1a866c,5c4e8777-119d-41e3-acf0-411722b5a02c,coder-01,42,2026-02-13 11:29:33.895,find_file,34,f
bb3b41f5-f7a9-4680-b0cd-b63fae67f5b0,c6f48a65-7b86-4956-b82d-dc010642d5e4,coder-01,19,2026-02-13 11:29:52.243,file_write,56,f
2deb35a2-dc0b-4e11-abb0-435f248f6471,eb17b408-aba9-4859-9bfa-5e89104bfffa,coder-01,20,2026-02-13 11:26:44.352,file_list,202,f
4e9c59eb-acd9-478f-9d5f-0cea7bbffcc2,67a94aa5-3189-4c68-8566-6b8a4fae7546,coder-01,13,2026-02-13 11:26:44.361,file_list,211,f
e57be728-f37e-4d66-9a23-6583ac14bb94,6d5b4a6a-5aa8-4a3d-8f7a-cfea16412d2a,coder-01,12,2026-02-13 11:26:44.367,file_list,218,f
1f741296-db5a-401a-9d56-a5c8996c28ae,f558af5d-25ba-479e-8e8b-90a8aaa1ce79,coder-01,13,2026-02-13 11:26:44.374,file_list,225,f
7a8a11e4-79f7-4a7d-b7a5-16cee4aacbe9,c6f48a65-7b86-4956-b82d-dc010642d5e4,coder-01,9,2026-02-13 11:26:44.381,file_list,232,f
9cec9574-4180-4b6f-b98d-b1298af5a6d7,6f1d2123-e697-4e8a-8633-b4308b565ef5,coder-01,3,2026-02-13 11:26:44.388,file_list,239,f
aa2a3f84-a06b-408a-a8fb-587e33491664,6d5b4a6a-5aa8-4a3d-8f7a-cfea16412d2a,coder-01,13,2026-02-13 11:26:55.063,file_write,49,f
ce10f512-81f7-4bb5-bcd9-a0f14a43d581,f558af5d-25ba-479e-8e8b-90a8aaa1ce79,coder-01,14,2026-02-13 11:26:55.071,file_write,58,f
ebc3bd77-0d4e-4a9c-9310-eae25136e4aa,c6f48a65-7b86-4956-b82d-dc010642d5e4,coder-01,10,2026-02-13 11:26:55.079,file_write,66,f
e2cbaa75-80da-46bb-8126-cd92bef3015b,6f1d2123-e697-4e8a-8633-b4308b565ef5,coder-01,4,2026-02-13 11:26:55.086,file_write,74,f
2460f05e-ff04-4ad3-9e24-145e12b26a25,5c4e8777-119d-41e3-acf0-411722b5a02c,coder-01,35,2026-02-13 11:26:59.631,shell_run,34,f
019b3072-69ed-428e-a0f7-4129db2abb31,1012d0d2-dff7-467f-9a21-f8c7b0924075,coder-01,31,2026-02-13 11:26:59.639,shell_run,43,f
786c0967-4593-40f1-8364-170a2b2b8c7c,6243144d-a5d2-4eeb-8994-390dc9a13e12,coder-01,43,2026-02-13 11:26:59.651,shell_run,54,f
525e2796-001a-4ada-bc59-d0d2f5a532c3,eb17b408-aba9-4859-9bfa-5e89104bfffa,coder-01,22,2026-02-13 11:26:59.66,shell_run,63,f
4de8a470-9ffd-4268-8963-b2719e747af5,67a94aa5-3189-4c68-8566-6b8a4fae7546,coder-01,15,2026-02-13 11:26:59.669,shell_run,72,f
88a9fbe1-cd3e-4cc6-942e-4edf1752d874,6d5b4a6a-5aa8-4a3d-8f7a-cfea16412d2a,coder-01,14,2026-02-13 11:26:59.68,shell_run,83,f
9e311bfe-19d4-4939-ba01-aca85a6977b8,f558af5d-25ba-479e-8e8b-90a8aaa1ce79,coder-01,15,2026-02-13 11:26:59.69,shell_run,92,f
a579d4dd-17b4-4e91-a6fb-7d76ca793276,c6f48a65-7b86-4956-b82d-dc010642d5e4,coder-01,11,2026-02-13 11:26:59.699,shell_run,102,f
fdfea399-ba29-4ca7-aa44-e596eb1dc843,6f1d2123-e697-4e8a-8633-b4308b565ef5,coder-01,5,2026-02-13 11:26:59.712,shell_run,114,f
01d4055b-6ec7-40de-8c09-96df36e54957,5c4e8777-119d-41e3-acf0-411722b5a02c,coder-01,36,2026-02-13 11:27:06.027,file_edit,11,f
21e12001-9917-42b2-bbdc-dc2e6015a88f,1012d0d2-dff7-467f-9a21-f8c7b0924075,coder-01,32,2026-02-13 11:27:06.039,file_edit,22,f
86e36468-b594-4b33-a695-53f82f687982,6243144d-a5d2-4eeb-8994-390dc9a13e12,coder-01,44,2026-02-13 11:27:06.046,file_edit,29,f
13e9c73a-2a6e-4f8c-aecb-8103b5e9e925,eb17b408-aba9-4859-9bfa-5e89104bfffa,coder-01,23,2026-02-13 11:27:06.052,file_edit,35,f
2bccfb41-330a-47e5-8ca7-4c43ccba30f3,67a94aa5-3189-4c68-8566-6b8a4fae7546,coder-01,16,2026-02-13 11:27:06.057,file_edit,41,f
a254ad76-1758-41c7-896e-8adaefc7abcc,6d5b4a6a-5aa8-4a3d-8f7a-cfea16412d2a,coder-01,15,2026-02-13 11:27:06.063,file_edit,47,f
173d2d71-18c8-4ed6-b6f3-868c815b81a1,f558af5d-25ba-479e-8e8b-90a8aaa1ce79,coder-01,16,2026-02-13 11:27:06.069,file_edit,53,f
ca39077a-4d24-44b9-b39e-0e23de591f93,c6f48a65-7b86-4956-b82d-dc010642d5e4,coder-01,12,2026-02-13 11:27:06.075,file_edit,59,f
9b55a3b4-9a7a-4c80-b532-aef56956bdba,6f1d2123-e697-4e8a-8633-b4308b565ef5,coder-01,6,2026-02-13 11:27:06.081,file_edit,65,f
16b79b3c-a2a0-4128-8379-9dc879953a07,5c4e8777-119d-41e3-acf0-411722b5a02c,coder-01,38,2026-02-13 11:27:32.332,shell_run,21,f
df2e9ac7-0b0f-4907-9de6-6266b6fd399a,1012d0d2-dff7-467f-9a21-f8c7b0924075,coder-01,34,2026-02-13 11:27:32.338,shell_run,28,f
3dd85807-329a-4b83-af75-557512383523,6243144d-a5d2-4eeb-8994-390dc9a13e12,coder-01,46,2026-02-13 11:27:32.347,shell_run,36,f
cca5c17c-e08d-4c90-90a6-a252b5c2d108,eb17b408-aba9-4859-9bfa-5e89104bfffa,coder-01,25,2026-02-13 11:27:32.355,shell_run,44,f
3aa48f1d-34ba-45fd-9fb4-693389ef7a8d,67a94aa5-3189-4c68-8566-6b8a4fae7546,coder-01,18,2026-02-13 11:27:32.361,shell_run,50,f
72e724d9-f02b-4914-b43b-03870d4083ff,6d5b4a6a-5aa8-4a3d-8f7a-cfea16412d2a,coder-01,17,2026-02-13 11:27:32.368,shell_run,57,f
af363035-ce19-4bcb-b703-937cb8fcb520,f558af5d-25ba-479e-8e8b-90a8aaa1ce79,coder-01,18,2026-02-13 11:27:32.374,shell_run,63,f
43e9375c-0691-4ca2-a20c-63502aace434,c6f48a65-7b86-4956-b82d-dc010642d5e4,coder-01,14,2026-02-13 11:27:32.381,shell_run,70,f
ad9f0ec4-b598-494f-8ac2-7e56260fd673,6f1d2123-e697-4e8a-8633-b4308b565ef5,coder-01,8,2026-02-13 11:27:32.387,shell_run,77,f
96c842b5-7e7a-494c-a54c-29e5011ce6fa,5c4e8777-119d-41e3-acf0-411722b5a02c,coder-01,39,2026-02-13 11:27:39.453,file_edit,10,f
10ef15e9-0661-4d10-9cf6-fc6df07c248f,1012d0d2-dff7-467f-9a21-f8c7b0924075,coder-01,35,2026-02-13 11:27:39.464,file_edit,21,f
62686b15-0973-4aa0-9892-1d9e913d6182,6243144d-a5d2-4eeb-8994-390dc9a13e12,coder-01,47,2026-02-13 11:27:39.471,file_edit,28,f
de7c72bf-6411-45e6-bab5-9d19b765d087,eb17b408-aba9-4859-9bfa-5e89104bfffa,coder-01,26,2026-02-13 11:27:39.479,file_edit,36,f
a67e81b4-63c0-4759-b5e1-4f9398994e07,67a94aa5-3189-4c68-8566-6b8a4fae7546,coder-01,19,2026-02-13 11:27:39.486,file_edit,43,f
f234eb16-c9a7-416c-aa40-50580276afd0,6d5b4a6a-5aa8-4a3d-8f7a-cfea16412d2a,coder-01,18,2026-02-13 11:27:39.494,file_edit,51,f
e6b309fc-20e1-4c1e-9980-af028b63ac20,f558af5d-25ba-479e-8e8b-90a8aaa1ce79,coder-01,19,2026-02-13 11:27:39.502,file_edit,59,f
35da3522-e04d-41ff-870c-b294b1182944,c6f48a65-7b86-4956-b82d-dc010642d5e4,coder-01,15,2026-02-13 11:27:39.509,file_edit,66,f
506ba2dc-4dec-4823-8491-4da3154b85a8,6f1d2123-e697-4e8a-8633-b4308b565ef5,coder-01,9,2026-02-13 11:27:39.516,file_edit,73,f
4ef58452-418d-4599-9e04-111610aa5019,5c4e8777-119d-41e3-acf0-411722b5a02c,coder-01,40,2026-02-13 11:28:26.21,file_edit,5,f
0ac67c06-af05-4e8b-86d2-5c6a3cd6cd09,1012d0d2-dff7-467f-9a21-f8c7b0924075,coder-01,36,2026-02-13 11:28:26.221,file_edit,17,f
8276a29a-c107-4112-bf8a-ba0b4ebd2e3b,6243144d-a5d2-4eeb-8994-390dc9a13e12,coder-01,48,2026-02-13 11:28:26.227,file_edit,23,f
2715a19e-53f8-4fba-a506-7701ebc13de0,eb17b408-aba9-4859-9bfa-5e89104bfffa,coder-01,27,2026-02-13 11:28:26.233,file_edit,29,f
210a0e6c-7ee4-4eec-95fe-ab27f17dd338,67a94aa5-3189-4c68-8566-6b8a4fae7546,coder-01,20,2026-02-13 11:28:26.239,file_edit,35,f
8fd0b7ea-3bb6-4321-90ce-dda9b672fac7,6d5b4a6a-5aa8-4a3d-8f7a-cfea16412d2a,coder-01,19,2026-02-13 11:28:26.245,file_edit,41,f
2d391e0b-617d-4a6b-a1ea-5ad9cb541ce9,f558af5d-25ba-479e-8e8b-90a8aaa1ce79,coder-01,20,2026-02-13 11:28:26.251,file_edit,47,f
aff20a59-c4b4-4a50-8deb-4642f099439b,c6f48a65-7b86-4956-b82d-dc010642d5e4,coder-01,16,2026-02-13 11:28:26.257,file_edit,53,f
1b609b08-576d-4749-96b1-f3af44ff4613,6f1d2123-e697-4e8a-8633-b4308b565ef5,coder-01,10,2026-02-13 11:28:26.263,file_edit,60,f
a1d0254d-9ccc-4c53-9e2a-61dfe6c87e6f,5c4e8777-119d-41e3-acf0-411722b5a02c,coder-01,41,2026-02-13 11:29:30.125,file_list,13,f
aa44f544-11cf-4a44-8685-22f6f60650bf,1012d0d2-dff7-467f-9a21-f8c7b0924075,coder-01,37,2026-02-13 11:29:30.136,file_list,24,f
eac57a07-a2a9-40fb-ab50-1a711da966eb,6243144d-a5d2-4eeb-8994-390dc9a13e12,coder-01,49,2026-02-13 11:29:30.143,file_list,31,f
c86e6385-f201-4342-8e7e-94499e863290,eb17b408-aba9-4859-9bfa-5e89104bfffa,coder-01,28,2026-02-13 11:29:30.15,file_list,38,f
6999e63e-dcc0-4b58-939d-67fcce114549,67a94aa5-3189-4c68-8566-6b8a4fae7546,coder-01,21,2026-02-13 11:29:30.157,file_list,44,f
68220fc1-5a66-48c8-84ed-0b62e73f14ed,6d5b4a6a-5aa8-4a3d-8f7a-cfea16412d2a,coder-01,20,2026-02-13 11:29:30.163,file_list,51,f
97b0432a-dc26-4c8d-af12-b4ac1588976a,f558af5d-25ba-479e-8e8b-90a8aaa1ce79,coder-01,21,2026-02-13 11:29:30.172,file_list,59,f
7e7f6d7a-0f27-4d65-a455-cc6a192659ea,c6f48a65-7b86-4956-b82d-dc010642d5e4,coder-01,17,2026-02-13 11:29:30.18,file_list,68,f
be495f28-fed5-44ba-85fd-cae9b6deb95d,6f1d2123-e697-4e8a-8633-b4308b565ef5,coder-01,11,2026-02-13 11:29:30.188,file_list,76,f
d73524ae-8525-451b-97be-518db80c9505,5c4e8777-119d-41e3-acf0-411722b5a02c,coder-01,43,2026-02-13 11:29:52.195,file_write,7,f
0a2624ab-aac8-4acb-9207-210ed1625155,1012d0d2-dff7-467f-9a21-f8c7b0924075,coder-01,39,2026-02-13 11:29:52.202,file_write,15,f
d198a065-d454-46f6-a67d-858740804393,6243144d-a5d2-4eeb-8994-390dc9a13e12,coder-01,51,2026-02-13 11:29:52.209,file_write,21,f
ac9063a7-fd16-4dbb-b27e-f7229bee8bf3,eb17b408-aba9-4859-9bfa-5e89104bfffa,coder-01,30,2026-02-13 11:29:52.215,file_write,28,f
e2ad6047-1b33-4801-ab1a-5d918a22daac,67a94aa5-3189-4c68-8566-6b8a4fae7546,coder-01,23,2026-02-13 11:29:52.222,file_write,34,f
1c864eb9-da99-4d55-8573-fde31f4f99e4,6d5b4a6a-5aa8-4a3d-8f7a-cfea16412d2a,coder-01,22,2026-02-13 11:29:52.229,file_write,41,f
b09f3408-d01d-45e4-a671-bb039fba6baa,f558af5d-25ba-479e-8e8b-90a8aaa1ce79,coder-01,23,2026-02-13 11:29:52.237,file_write,49,f
0c97da5c-0350-4a5b-8915-3dd3902352ff,1012d0d2-dff7-467f-9a21-f8c7b0924075,coder-01,38,2026-02-13 11:29:33.905,find_file,44,f
41ff3962-5af8-4983-9d34-70f4b5224b9f,6243144d-a5d2-4eeb-8994-390dc9a13e12,coder-01,50,2026-02-13 11:29:33.911,find_file,50,f
5b8c118b-415a-48e0-9589-93e34b239411,eb17b408-aba9-4859-9bfa-5e89104bfffa,coder-01,29,2026-02-13 11:29:33.916,find_file,56,f
3ffafb3e-168f-4747-b68f-f987727c008e,67a94aa5-3189-4c68-8566-6b8a4fae7546,coder-01,22,2026-02-13 11:29:33.922,find_file,61,f
fa52f62f-8b52-41c9-bc12-b930f1541b6f,6d5b4a6a-5aa8-4a3d-8f7a-cfea16412d2a,coder-01,21,2026-02-13 11:29:33.929,find_file,69,f
272d8d58-845e-443d-9d3a-f5b9dd6f663b,f558af5d-25ba-479e-8e8b-90a8aaa1ce79,coder-01,22,2026-02-13 11:29:33.935,find_file,75,f
f2f5a169-5f60-4a0c-9c92-7d9c43eb86b9,6f1d2123-e697-4e8a-8633-b4308b565ef5,coder-01,29,2026-02-13 11:29:52.25,file_write,63,f
879a059f-cdb7-4af1-83fe-10245f41bc88,83a0bbf4-d843-4f97-8b74-113188decd72,coder-01,1,2026-02-13 11:29:52.257,file_write,70,f
6048f792-29c6-4db5-88f6-85a31b5852ca,5c4e8777-119d-41e3-acf0-411722b5a02c,coder-01,47,2026-02-13 11:30:05.68,file_write,9,f
e23e90b5-fc8a-46c2-8ace-24b4a43ba2fb,c6f48a65-7b86-4956-b82d-dc010642d5e4,coder-01,18,2026-02-13 11:29:33.941,find_file,81,f
21567f5a-57aa-4295-aba2-e91b83729741,6f1d2123-e697-4e8a-8633-b4308b565ef5,coder-01,12,2026-02-13 11:29:33.948,find_file,87,f
11f34014-2d2b-4569-bb46-a8662b3cce29,6f1d2123-e697-4e8a-8633-b4308b565ef5,coder-01,13,2026-02-13 11:29:48.904,"the action to take, only one name of [file_read, file_write, file_edit, file_list, shell_run, code_search, find_file], just the name, exactly as it's written.",,f
1ca667fe-23df-4d18-a8e3-1ff9735d8bc3,6f1d2123-e697-4e8a-8633-b4308b565ef5,coder-01,14,2026-02-13 11:29:48.911,unknown,,f
1a9804ef-4319-4bd6-ba69-57fa1c822191,6f1d2123-e697-4e8a-8633-b4308b565ef5,coder-01,15,2026-02-13 11:29:48.919,"the action to take, only one name of [file_read, file_write, file_edit, file_list, shell_run, code_search, find_file], just the name, exactly as it's written.",,f
6a2e32ae-76f6-4b7a-9ff2-0e371e81f40a,6f1d2123-e697-4e8a-8633-b4308b565ef5,coder-01,16,2026-02-13 11:29:48.926,unknown,,f
583cffa6-a518-4887-8822-ae9d3f8ab543,6f1d2123-e697-4e8a-8633-b4308b565ef5,coder-01,17,2026-02-13 11:29:48.934,"the action to take, only one name of [file_read, file_write, file_edit, file_list, shell_run, code_search, find_file], just the name, exactly as it's written.",,f
fd1ac674-712e-41ce-9796-f6aa2eda46b4,6f1d2123-e697-4e8a-8633-b4308b565ef5,coder-01,18,2026-02-13 11:29:48.942,unknown,,f
413953ae-f087-43a4-ac61-df38a66cfb9e,6f1d2123-e697-4e8a-8633-b4308b565ef5,coder-01,19,2026-02-13 11:29:48.951,"the action to take, only one name of [file_read, file_write, file_edit, file_list, shell_run, code_search, find_file], just the name, exactly as it's written.",,f
0e2d52ec-345d-462b-94ed-31d2f8420753,6f1d2123-e697-4e8a-8633-b4308b565ef5,coder-01,20,2026-02-13 11:29:48.958,unknown,,f
8fcd659e-78ed-4b5e-ade4-54344e9285a9,6f1d2123-e697-4e8a-8633-b4308b565ef5,coder-01,21,2026-02-13 11:29:48.967,"the action to take, only one name of [file_read, file_write, file_edit, file_list, shell_run, code_search, find_file], just the name, exactly as it's written.",,f
743cfa7a-e4c5-4a47-a3a1-0e34d3866f67,6f1d2123-e697-4e8a-8633-b4308b565ef5,coder-01,22,2026-02-13 11:29:48.974,unknown,,f
955bdd68-8795-49d3-aa93-d72e061c4d45,6f1d2123-e697-4e8a-8633-b4308b565ef5,coder-01,23,2026-02-13 11:29:48.982,"the action to take, only one name of [file_read, file_write, file_edit, file_list, shell_run, code_search, find_file], just the name, exactly as it's written.",,f
c5fa8660-e3fd-4c0f-ba9a-0f9f097352b0,6f1d2123-e697-4e8a-8633-b4308b565ef5,coder-01,24,2026-02-13 11:29:48.988,unknown,,f
f96fd115-2f74-4ae0-98a4-d0c56791643b,6f1d2123-e697-4e8a-8633-b4308b565ef5,coder-01,25,2026-02-13 11:29:48.998,"the action to take, only one name of [file_read, file_write, file_edit, file_list, shell_run, code_search, find_file], just the name, exactly as it's written.",,f
20ffd9bb-92e7-4321-a886-7af08c6320a0,6f1d2123-e697-4e8a-8633-b4308b565ef5,coder-01,26,2026-02-13 11:29:49.006,unknown,,f
c7cb8608-9052-4411-ba88-11a99e8d2ec3,6f1d2123-e697-4e8a-8633-b4308b565ef5,coder-01,27,2026-02-13 11:29:49.016,"the action to take, only one name of [file_read, file_write, file_edit, file_list, shell_run, code_search, find_file], just the name, exactly as it's written.",,f
35958f80-ecbb-4237-8969-6c065591ae0f,6f1d2123-e697-4e8a-8633-b4308b565ef5,coder-01,28,2026-02-13 11:29:49.024,unknown,,f
a2c69e14-14bd-47fb-829c-d75af6ce5507,5c4e8777-119d-41e3-acf0-411722b5a02c,coder-01,44,2026-02-13 11:29:54.779,shell_run,0,f
b4738b44-b673-4bf3-901c-3104fa7ff07a,1012d0d2-dff7-467f-9a21-f8c7b0924075,coder-01,40,2026-02-13 11:29:54.79,shell_run,11,f
dd70df15-c45d-492f-aa48-7784aa621b85,6243144d-a5d2-4eeb-8994-390dc9a13e12,coder-01,52,2026-02-13 11:29:54.796,shell_run,17,f
2d2c878f-887f-40f0-be8e-e35212ab4295,eb17b408-aba9-4859-9bfa-5e89104bfffa,coder-01,31,2026-02-13 11:29:54.803,shell_run,23,f
0ee4d11c-a482-4296-8f44-99ef233d10bc,83a0bbf4-d843-4f97-8b74-113188decd72,coder-01,5,2026-02-13 11:30:03.758,"the action to take, only one name of [file_read, file_write, file_edit, file_list, shell_run, code_search, find_file], just the name, exactly as it's written.",,f
1c9a6ed3-27fc-4ca9-8668-cc9fabeb640f,67a94aa5-3189-4c68-8566-6b8a4fae7546,coder-01,24,2026-02-13 11:29:54.809,shell_run,30,f
9a1c30a9-322f-43da-a1eb-c93492dd8d21,6d5b4a6a-5aa8-4a3d-8f7a-cfea16412d2a,coder-01,23,2026-02-13 11:29:54.815,shell_run,36,f
7d9dffc7-50cf-4b21-b967-5dbda425c931,f558af5d-25ba-479e-8e8b-90a8aaa1ce79,coder-01,24,2026-02-13 11:29:54.821,shell_run,41,f
cfe1eab7-a17c-463a-9ca6-cf1ff8c490b7,c6f48a65-7b86-4956-b82d-dc010642d5e4,coder-01,20,2026-02-13 11:29:54.826,shell_run,47,f
5cffb8c7-4979-42d6-bd1e-155b1a45c3b4,6f1d2123-e697-4e8a-8633-b4308b565ef5,coder-01,30,2026-02-13 11:29:54.831,shell_run,52,f
2d7b5325-20fe-46fd-bc6f-dbf91d3ac3ad,83a0bbf4-d843-4f97-8b74-113188decd72,coder-01,2,2026-02-13 11:29:54.838,shell_run,58,f
dcc7af9c-82eb-48ea-a72e-af5c65dcd1e3,5c4e8777-119d-41e3-acf0-411722b5a02c,coder-01,45,2026-02-13 11:29:57.911,file_write,11,f
04561f6e-a754-450e-a343-2e06ba678e03,1012d0d2-dff7-467f-9a21-f8c7b0924075,coder-01,41,2026-02-13 11:29:57.921,file_write,23,f
9d332d4f-5a9a-4bea-a7d6-760a12d88888,6243144d-a5d2-4eeb-8994-390dc9a13e12,coder-01,53,2026-02-13 11:29:57.928,file_write,29,f
d2675f4d-bc67-4311-87ed-0ca3672c11cf,eb17b408-aba9-4859-9bfa-5e89104bfffa,coder-01,32,2026-02-13 11:29:57.934,file_write,35,f
74ab51fb-7a60-46eb-9ea2-15faf475c140,67a94aa5-3189-4c68-8566-6b8a4fae7546,coder-01,25,2026-02-13 11:29:57.939,file_write,41,f
45a5b7c4-5fd6-44ba-863e-92843e43f18e,6d5b4a6a-5aa8-4a3d-8f7a-cfea16412d2a,coder-01,24,2026-02-13 11:29:57.946,file_write,48,f
fe7b73ec-fa7f-4ed7-a925-5d9c811f6333,f558af5d-25ba-479e-8e8b-90a8aaa1ce79,coder-01,25,2026-02-13 11:29:57.953,file_write,54,f
ad234397-f4ec-49ce-9fc9-e126d9a58c10,c6f48a65-7b86-4956-b82d-dc010642d5e4,coder-01,21,2026-02-13 11:29:57.96,file_write,61,f
4899397e-57fa-445c-8c0c-1d950df94b72,6f1d2123-e697-4e8a-8633-b4308b565ef5,coder-01,31,2026-02-13 11:29:57.966,file_write,67,f
bd856825-106c-43ac-b732-5d8ddd772232,83a0bbf4-d843-4f97-8b74-113188decd72,coder-01,3,2026-02-13 11:29:57.972,file_write,73,f
8168dbc1-7b79-437a-a6a3-4d47c8c5c5ba,5c4e8777-119d-41e3-acf0-411722b5a02c,coder-01,46,2026-02-13 11:30:00.39,shell_run,41,f
38f0a01a-29fb-4794-9da6-9865a04d260e,1012d0d2-dff7-467f-9a21-f8c7b0924075,coder-01,42,2026-02-13 11:30:00.401,shell_run,52,f
d3735a88-620a-4495-816b-196604fdedac,6243144d-a5d2-4eeb-8994-390dc9a13e12,coder-01,54,2026-02-13 11:30:00.408,shell_run,58,f
5d2cc1bb-595e-4a00-bd40-8036368ecc26,eb17b408-aba9-4859-9bfa-5e89104bfffa,coder-01,33,2026-02-13 11:30:00.414,shell_run,64,f
08aad18e-f01a-42b9-806a-f5f283b740d7,67a94aa5-3189-4c68-8566-6b8a4fae7546,coder-01,26,2026-02-13 11:30:00.42,shell_run,71,f
b75553e0-2fd2-4b13-8bc0-5930923b37a4,6d5b4a6a-5aa8-4a3d-8f7a-cfea16412d2a,coder-01,25,2026-02-13 11:30:00.426,shell_run,77,f
afa555d1-7b8e-4aef-8d58-db2e946b5d26,f558af5d-25ba-479e-8e8b-90a8aaa1ce79,coder-01,26,2026-02-13 11:30:00.433,shell_run,83,f
d041fdd9-28b8-46b3-adda-63bcf061785a,c6f48a65-7b86-4956-b82d-dc010642d5e4,coder-01,22,2026-02-13 11:30:00.438,shell_run,89,f
7aec73d5-6a1b-4a45-ab80-31445bb9c8cc,6f1d2123-e697-4e8a-8633-b4308b565ef5,coder-01,32,2026-02-13 11:30:00.444,shell_run,95,f
1f24078e-25e6-44d7-8647-5e862794e399,83a0bbf4-d843-4f97-8b74-113188decd72,coder-01,4,2026-02-13 11:30:00.45,shell_run,101,f
006622e4-e0ef-4e3d-a9c4-dccccd379ed0,83a0bbf4-d843-4f97-8b74-113188decd72,coder-01,6,2026-02-13 11:30:03.765,unknown,,f
b407c881-4e1b-4d5a-a286-965d8c7f180c,1012d0d2-dff7-467f-9a21-f8c7b0924075,coder-01,43,2026-02-13 11:30:05.69,file_write,18,f
7cde35b3-adac-419f-b5e7-236b9f1ebf09,6243144d-a5d2-4eeb-8994-390dc9a13e12,coder-01,55,2026-02-13 11:30:05.698,file_write,26,f
97aade35-dc87-49b3-b1aa-0d4b6b271f0f,eb17b408-aba9-4859-9bfa-5e89104bfffa,coder-01,34,2026-02-13 11:30:05.703,file_write,32,f
e1484cdc-afbf-40df-bd74-071b8067dd27,67a94aa5-3189-4c68-8566-6b8a4fae7546,coder-01,27,2026-02-13 11:30:05.709,file_write,37,f
42351034-bae4-4fe4-a247-e3d79ba6c476,6d5b4a6a-5aa8-4a3d-8f7a-cfea16412d2a,coder-01,26,2026-02-13 11:30:05.714,file_write,43,f
6dc48ad9-9cdc-4dc2-8380-4ae7d5a39183,f558af5d-25ba-479e-8e8b-90a8aaa1ce79,coder-01,27,2026-02-13 11:30:05.721,file_write,49,f
9126010f-7b86-4393-a801-94da8d40824e,c6f48a65-7b86-4956-b82d-dc010642d5e4,coder-01,23,2026-02-13 11:30:05.727,file_write,56,f
796a7b62-51d2-4ea1-8476-03552815c924,6f1d2123-e697-4e8a-8633-b4308b565ef5,coder-01,33,2026-02-13 11:30:05.733,file_write,62,f
bfcd2637-8421-4b97-b698-a666e7268876,83a0bbf4-d843-4f97-8b74-113188decd72,coder-01,7,2026-02-13 11:30:05.739,file_write,68,f
c8817504-332e-4b0e-815a-67cb8d2c3030,d1a3ab9b-4da3-4a08-859f-be8a200569b1,coder-01,1,2026-02-13 11:30:05.744,file_write,73,f
751c0f85-5b39-48c4-a1d9-348360e8fff3,5c4e8777-119d-41e3-acf0-411722b5a02c,coder-01,48,2026-02-13 11:30:08.19,shell_run,0,f
d1210ee5-81fe-4e90-8287-8694a6e21b4c,1012d0d2-dff7-467f-9a21-f8c7b0924075,coder-01,44,2026-02-13 11:30:08.199,shell_run,10,f
0f2f17b7-3473-44fb-b80b-f65203c1dabd,6243144d-a5d2-4eeb-8994-390dc9a13e12,coder-01,56,2026-02-13 11:30:08.206,shell_run,17,f
10c58f38-a6de-455e-bbd3-c78a32b5d569,eb17b408-aba9-4859-9bfa-5e89104bfffa,coder-01,35,2026-02-13 11:30:08.214,shell_run,24,f
30be9c29-2525-4744-8887-579d04be9c88,67a94aa5-3189-4c68-8566-6b8a4fae7546,coder-01,28,2026-02-13 11:30:08.22,shell_run,31,f
98fcf720-885d-42a3-83f0-aff4a6a592bd,6d5b4a6a-5aa8-4a3d-8f7a-cfea16412d2a,coder-01,27,2026-02-13 11:30:08.226,shell_run,37,f
d54fe0d9-3289-45e6-8887-c8bc94c84421,f558af5d-25ba-479e-8e8b-90a8aaa1ce79,coder-01,28,2026-02-13 11:30:08.231,shell_run,42,f
be75c980-6c00-4367-ab6f-98f548d649a7,c6f48a65-7b86-4956-b82d-dc010642d5e4,coder-01,24,2026-02-13 11:30:08.237,shell_run,48,f
ac9346d4-081c-4329-ab70-033e51c5907c,6f1d2123-e697-4e8a-8633-b4308b565ef5,coder-01,34,2026-02-13 11:30:08.242,shell_run,53,f
836597c2-1c97-4b2e-b36c-97a43b1d3d48,83a0bbf4-d843-4f97-8b74-113188decd72,coder-01,8,2026-02-13 11:30:08.247,shell_run,58,f
19cfdc79-1998-4d6c-9eff-e5837a7aed41,d1a3ab9b-4da3-4a08-859f-be8a200569b1,coder-01,2,2026-02-13 11:30:08.253,shell_run,64,f
f0152eb3-d28c-4795-9684-c44f25f8bd80,5c4e8777-119d-41e3-acf0-411722b5a02c,coder-01,53,2026-02-13 11:30:30.273,shell_run,29,f
e7db6c47-5aa0-4e92-9338-75c0b346d22a,1012d0d2-dff7-467f-9a21-f8c7b0924075,coder-01,49,2026-02-13 11:30:30.28,shell_run,36,f
b490f522-8033-4119-9c80-5cca665a8093,6243144d-a5d2-4eeb-8994-390dc9a13e12,coder-01,61,2026-02-13 11:30:30.285,shell_run,42,f
78aed535-1cd5-47e5-8fb9-1ce2ccf54055,eb17b408-aba9-4859-9bfa-5e89104bfffa,coder-01,40,2026-02-13 11:30:30.291,shell_run,47,f
163e55d2-22bf-4feb-93b8-9292244f5c89,67a94aa5-3189-4c68-8566-6b8a4fae7546,coder-01,33,2026-02-13 11:30:30.297,shell_run,53,f
c709ac2b-5a3a-4ad0-a9b0-1da9c9e666fe,6d5b4a6a-5aa8-4a3d-8f7a-cfea16412d2a,coder-01,32,2026-02-13 11:30:30.303,shell_run,59,f
d7fa5f6e-f630-4537-ac5d-640552e4f263,f558af5d-25ba-479e-8e8b-90a8aaa1ce79,coder-01,33,2026-02-13 11:30:30.308,shell_run,65,f
c67dd3b7-038b-4392-b3db-167a3b082f34,c6f48a65-7b86-4956-b82d-dc010642d5e4,coder-01,29,2026-02-13 11:30:30.313,shell_run,70,f
ae71ba1d-f4ac-44dd-832e-a69145237624,6f1d2123-e697-4e8a-8633-b4308b565ef5,coder-01,39,2026-02-13 11:30:30.318,shell_run,75,f
0a1acff1-9830-424e-9388-d57507b4f71f,83a0bbf4-d843-4f97-8b74-113188decd72,coder-01,13,2026-02-13 11:30:30.323,shell_run,80,f
3c4d1b00-fd98-4e1f-8f77-56ff286b46ff,d1a3ab9b-4da3-4a08-859f-be8a200569b1,coder-01,7,2026-02-13 11:30:30.329,shell_run,86,f
d74b8df7-b69f-448c-a5c0-c09a807dc0d7,5c4e8777-119d-41e3-acf0-411722b5a02c,coder-01,54,2026-02-13 11:30:35.533,file_edit,7,f
535df487-d7c9-42f2-b463-ca0e8e4109b8,1012d0d2-dff7-467f-9a21-f8c7b0924075,coder-01,50,2026-02-13 11:30:35.542,file_edit,17,f
1238c6e5-18bd-4fb7-8e27-5daa0b90ba0f,6243144d-a5d2-4eeb-8994-390dc9a13e12,coder-01,62,2026-02-13 11:30:35.547,file_edit,22,f
04ab8836-b8a7-445a-9144-d05c58444cb5,eb17b408-aba9-4859-9bfa-5e89104bfffa,coder-01,41,2026-02-13 11:30:35.555,file_edit,28,f
9153e1b9-81ac-4a0e-956e-3f1ac474d241,67a94aa5-3189-4c68-8566-6b8a4fae7546,coder-01,34,2026-02-13 11:30:35.561,file_edit,36,f
a00af077-75a8-4401-8cb3-575bb7045e64,6d5b4a6a-5aa8-4a3d-8f7a-cfea16412d2a,coder-01,33,2026-02-13 11:30:35.566,file_edit,41,f
31788c9c-0e2a-4857-b69f-34abbc3444dc,f558af5d-25ba-479e-8e8b-90a8aaa1ce79,coder-01,34,2026-02-13 11:30:35.572,file_edit,46,f
6854671e-9232-4cab-bc8f-5e5a0f4ee10d,c6f48a65-7b86-4956-b82d-dc010642d5e4,coder-01,30,2026-02-13 11:30:35.578,file_edit,53,f
cf439d05-cba3-4157-8524-f4b929b13aa8,6f1d2123-e697-4e8a-8633-b4308b565ef5,coder-01,40,2026-02-13 11:30:35.583,file_edit,58,f
145d2064-73f7-4753-a88f-eb636ed15936,83a0bbf4-d843-4f97-8b74-113188decd72,coder-01,14,2026-02-13 11:30:35.589,file_edit,63,f
dd60323c-3a55-41a0-91fc-af8fe63e5731,d1a3ab9b-4da3-4a08-859f-be8a200569b1,coder-01,8,2026-02-13 11:30:35.594,file_edit,69,f
8f5e6e42-fe24-48ed-84c0-88f539113452,5c4e8777-119d-41e3-acf0-411722b5a02c,coder-01,55,2026-02-13 11:30:50.23,file_edit,8,f
3e342628-3035-4e91-a31d-f65fd99a1bd7,1012d0d2-dff7-467f-9a21-f8c7b0924075,coder-01,51,2026-02-13 11:30:50.241,file_edit,19,f
a06f0c47-4a44-4d3a-aa8f-146a41d4530f,6243144d-a5d2-4eeb-8994-390dc9a13e12,coder-01,63,2026-02-13 11:30:50.247,file_edit,25,f
32478d97-8c05-4f3a-b664-f2f28e4142b6,eb17b408-aba9-4859-9bfa-5e89104bfffa,coder-01,42,2026-02-13 11:30:50.254,file_edit,32,f
84b17a22-e0e7-469d-8c75-108576aec8bb,67a94aa5-3189-4c68-8566-6b8a4fae7546,coder-01,35,2026-02-13 11:30:50.261,file_edit,39,f
64b60ce0-309e-4c33-a771-8568dcde31da,6d5b4a6a-5aa8-4a3d-8f7a-cfea16412d2a,coder-01,34,2026-02-13 11:30:50.268,file_edit,46,f
445a6076-c3dd-4132-a9df-eed88ff71d18,f558af5d-25ba-479e-8e8b-90a8aaa1ce79,coder-01,35,2026-02-13 11:30:50.274,file_edit,52,f
f2f44187-d92a-4b10-a2a6-454f9879380e,c6f48a65-7b86-4956-b82d-dc010642d5e4,coder-01,31,2026-02-13 11:30:50.281,file_edit,59,f
377775b5-efe1-4503-8c68-f9ca2ebdbf88,6f1d2123-e697-4e8a-8633-b4308b565ef5,coder-01,41,2026-02-13 11:30:50.288,file_edit,66,f
5d9e2bae-39b4-41eb-853f-13feb81a347c,83a0bbf4-d843-4f97-8b74-113188decd72,coder-01,15,2026-02-13 11:30:50.295,file_edit,73,f
def24fdd-f0bd-42bb-9e56-304447c50791,d1a3ab9b-4da3-4a08-859f-be8a200569b1,coder-01,9,2026-02-13 11:30:50.302,file_edit,80,f
f321a088-7700-42d1-a260-5600d46fcdc6,5c4e8777-119d-41e3-acf0-411722b5a02c,coder-01,56,2026-02-13 11:30:55.454,code_search,462,f
9f248cae-eb0e-43ea-bc56-67b6b9dc99ed,1012d0d2-dff7-467f-9a21-f8c7b0924075,coder-01,52,2026-02-13 11:30:55.463,code_search,471,f
28579b25-b4df-48f7-865b-e2139635fbb8,6243144d-a5d2-4eeb-8994-390dc9a13e12,coder-01,64,2026-02-13 11:30:55.468,code_search,476,f
7aeff725-722c-4f00-b6e0-cd3983ade369,eb17b408-aba9-4859-9bfa-5e89104bfffa,coder-01,43,2026-02-13 11:30:55.473,code_search,481,f
fd85250b-9d31-443c-a36a-c654ca0c563d,67a94aa5-3189-4c68-8566-6b8a4fae7546,coder-01,36,2026-02-13 11:30:55.478,code_search,485,f
c150ad46-7cdc-4bce-b4a8-ef4813b32f6e,6d5b4a6a-5aa8-4a3d-8f7a-cfea16412d2a,coder-01,35,2026-02-13 11:30:55.483,code_search,491,f
d460bd13-70dd-4cdb-8b65-ef3f9239c09e,f558af5d-25ba-479e-8e8b-90a8aaa1ce79,coder-01,36,2026-02-13 11:30:55.488,code_search,495,f
f3595af5-ea7f-4ee7-9c1f-b00da11c48fe,c6f48a65-7b86-4956-b82d-dc010642d5e4,coder-01,32,2026-02-13 11:30:55.493,code_search,501,f
1432d221-8ca1-4723-80eb-97bb497dd456,6f1d2123-e697-4e8a-8633-b4308b565ef5,coder-01,42,2026-02-13 11:30:55.497,code_search,505,f
c0e640c1-ff4c-4bac-95a0-9da1e8cc8827,83a0bbf4-d843-4f97-8b74-113188decd72,coder-01,16,2026-02-13 11:30:55.502,code_search,510,f
620c9bd0-9cf4-4ba2-93e2-4c21700790bc,d1a3ab9b-4da3-4a08-859f-be8a200569b1,coder-01,10,2026-02-13 11:30:55.508,code_search,516,f
16ca39d6-fce2-44b3-9369-8b2074f7993c,5c4e8777-119d-41e3-acf0-411722b5a02c,coder-01,57,2026-02-13 11:31:24.039,code_search,453,f
1848188b-1a46-45aa-8c1c-a4244ee87d8c,1012d0d2-dff7-467f-9a21-f8c7b0924075,coder-01,53,2026-02-13 11:31:24.049,code_search,463,f
7609b284-b4b6-437f-886e-1bf48ba0eb13,6243144d-a5d2-4eeb-8994-390dc9a13e12,coder-01,65,2026-02-13 11:31:24.055,code_search,469,f
8fad6246-6038-4931-808e-34f9cced49d4,eb17b408-aba9-4859-9bfa-5e89104bfffa,coder-01,44,2026-02-13 11:31:24.061,code_search,474,f
db8e57d7-b33a-474d-9b94-ba8e93887de7,67a94aa5-3189-4c68-8566-6b8a4fae7546,coder-01,37,2026-02-13 11:31:24.066,code_search,480,f
82cc60a4-3e6f-4360-910e-7661a59f0b9a,6d5b4a6a-5aa8-4a3d-8f7a-cfea16412d2a,coder-01,36,2026-02-13 11:31:24.073,code_search,486,f
acf5bfa7-d2b8-4c49-b0b4-4bb6b4c83d0d,f558af5d-25ba-479e-8e8b-90a8aaa1ce79,coder-01,37,2026-02-13 11:31:24.08,code_search,493,f
e4c45984-7d50-477a-8354-fdeaa5c08352,c6f48a65-7b86-4956-b82d-dc010642d5e4,coder-01,33,2026-02-13 11:31:24.086,code_search,500,f
63f6ba64-15a2-4b8a-82e5-d041f8fc8819,6f1d2123-e697-4e8a-8633-b4308b565ef5,coder-01,43,2026-02-13 11:31:24.094,code_search,507,f
e1242fed-cec0-45af-8f5b-f0111850857e,83a0bbf4-d843-4f97-8b74-113188decd72,coder-01,17,2026-02-13 11:31:24.101,code_search,514,f
a272760a-b906-49a2-8ee4-b0908361d78f,d1a3ab9b-4da3-4a08-859f-be8a200569b1,coder-01,11,2026-02-13 11:31:24.108,code_search,521,f
46583b0a-b53b-429e-99ad-b568a8418695,83a0bbf4-d843-4f97-8b74-113188decd72,coder-01,156,2026-02-13 12:04:43.674,code_search,575,f
1803cb40-fcf9-42d0-8998-2f402f1fd03a,d1a3ab9b-4da3-4a08-859f-be8a200569b1,coder-01,172,2026-02-13 12:04:43.68,code_search,581,f
c09dac6a-36d4-4ded-b075-825fe242e232,f89c597b-097d-4f1e-8bc4-5a4c0b16fb71,coder-01,190,2026-02-13 12:04:43.686,code_search,586,f
3f58300a-33f0-43ba-8cd5-dd1934444474,6f1d2123-e697-4e8a-8633-b4308b565ef5,coder-01,154,2026-02-13 12:04:43.692,code_search,592,f
7169699e-4174-40ae-8d70-97448aef31e6,3dd1bb00-9339-4be7-97ab-5bba3e98f695,coder-01,112,2026-02-13 12:04:43.698,code_search,598,f
dc1a5855-ad3a-4970-b0c8-4febee7b56b8,269ba714-8324-432f-b2a3-b20bf11e1e33,coder-01,106,2026-02-13 12:04:43.706,code_search,606,f
342bff2f-a872-4c12-867f-5d04b49007a6,22ac8e2f-da14-498d-afe0-8a90443c4fe0,coder-01,113,2026-02-13 12:04:43.713,code_search,613,f
6a45af39-1f0f-4fe9-9ef5-6c9b88b548e3,6fb4500c-c316-4f3e-a7fd-c4b49f63def0,coder-01,100,2026-02-13 12:04:43.719,code_search,620,f
f44438a3-28a4-4fa6-b987-aaa38ecb5d89,9dfb7c24-167b-482f-a929-22211c91e398,coder-01,96,2026-02-13 12:04:43.726,code_search,627,f
c9c4512e-1388-4c2c-9ce4-9d3ef441b0bb,5c4e8777-119d-41e3-acf0-411722b5a02c,coder-01,58,2026-02-13 11:32:29.99,code_search,644,f
105fa4f4-15be-4ba7-9227-fe282a785db0,1012d0d2-dff7-467f-9a21-f8c7b0924075,coder-01,54,2026-02-13 11:32:30.003,code_search,658,f
50ca295d-c350-4cc6-86d9-f6fd182cc3a2,6243144d-a5d2-4eeb-8994-390dc9a13e12,coder-01,66,2026-02-13 11:32:30.011,code_search,665,f
9c893638-5858-4b8a-a5bb-8d56edf1cc56,eb17b408-aba9-4859-9bfa-5e89104bfffa,coder-01,45,2026-02-13 11:32:30.019,code_search,673,f
a6c5bf72-7389-429e-bb17-ac5030d2d2bd,67a94aa5-3189-4c68-8566-6b8a4fae7546,coder-01,38,2026-02-13 11:32:30.028,code_search,681,f
b8f2144b-f8e4-4f49-b545-406d5b9867ca,6d5b4a6a-5aa8-4a3d-8f7a-cfea16412d2a,coder-01,37,2026-02-13 11:32:30.036,code_search,690,f
169554ea-6090-4590-9cc0-2b285775762f,f558af5d-25ba-479e-8e8b-90a8aaa1ce79,coder-01,38,2026-02-13 11:32:30.045,code_search,699,f
35876c2b-b761-4dd6-85c4-7f03d9bb544c,c6f48a65-7b86-4956-b82d-dc010642d5e4,coder-01,34,2026-02-13 11:32:30.054,code_search,708,f
d508f9bb-86c9-4e46-980d-5cdbe48763c3,6f1d2123-e697-4e8a-8633-b4308b565ef5,coder-01,44,2026-02-13 11:32:30.063,code_search,716,f
3454461b-5679-466c-956d-33ad33f8b6f4,83a0bbf4-d843-4f97-8b74-113188decd72,coder-01,18,2026-02-13 11:32:30.072,code_search,726,f
d76cc371-ea9b-4f1d-ad9a-2f6855d0efb3,d1a3ab9b-4da3-4a08-859f-be8a200569b1,coder-01,12,2026-02-13 11:32:30.085,code_search,736,f
fa135002-a66c-4614-b362-81fbf2e378b9,d1a3ab9b-4da3-4a08-859f-be8a200569b1,coder-01,13,2026-02-13 11:33:01.17,"the action to take, only one name of [file_read, file_write, file_edit, file_list, shell_run, code_search, find_file], just the name, exactly as it's written.",,f
d3bce788-d952-4b2a-918f-741f0b1d6002,d1a3ab9b-4da3-4a08-859f-be8a200569b1,coder-01,14,2026-02-13 11:33:01.179,unknown,,f
1cd865b3-97e1-4723-86e3-4605a64f021b,d1a3ab9b-4da3-4a08-859f-be8a200569b1,coder-01,15,2026-02-13 11:33:01.191,"the action to take, only one name of [file_read, file_write, file_edit, file_list, shell_run, code_search, find_file], just the name, exactly as it's written.",,f
9c4b2508-a392-4d54-a84b-00f65bf2866e,d1a3ab9b-4da3-4a08-859f-be8a200569b1,coder-01,16,2026-02-13 11:33:01.215,unknown,,f
1ad592a4-70fe-48d9-881a-f5789479106c,d1a3ab9b-4da3-4a08-859f-be8a200569b1,coder-01,17,2026-02-13 11:33:01.225,"the action to take, only one name of [file_read, file_write, file_edit, file_list, shell_run, code_search, find_file], just the name, exactly as it's written.",,f
58752283-8aaa-4b7b-a27e-952bcd52b58e,d1a3ab9b-4da3-4a08-859f-be8a200569b1,coder-01,18,2026-02-13 11:33:01.232,unknown,,f
d088c544-f4f0-403d-839e-e48aff342ef7,d1a3ab9b-4da3-4a08-859f-be8a200569b1,coder-01,19,2026-02-13 11:33:01.24,"the action to take, only one name of [file_read, file_write, file_edit, file_list, shell_run, code_search, find_file], just the name, exactly as it's written.",,f
e39164ba-238a-47f3-87bb-511b47854dd0,d1a3ab9b-4da3-4a08-859f-be8a200569b1,coder-01,20,2026-02-13 11:33:01.246,unknown,,f
2b215ea3-7aae-4597-870f-93bb490746bb,d1a3ab9b-4da3-4a08-859f-be8a200569b1,coder-01,21,2026-02-13 11:33:01.254,"the action to take, only one name of [file_read, file_write, file_edit, file_list, shell_run, code_search, find_file], just the name, exactly as it's written.",,f
17d35a3c-29b9-45e8-80b8-b4a36041a313,d1a3ab9b-4da3-4a08-859f-be8a200569b1,coder-01,22,2026-02-13 11:33:01.26,unknown,,f
f07f4cab-b25e-42ac-b6c8-73a3fb9df553,d1a3ab9b-4da3-4a08-859f-be8a200569b1,coder-01,23,2026-02-13 11:33:01.267,"the action to take, only one name of [file_read, file_write, file_edit, file_list, shell_run, code_search, find_file], just the name, exactly as it's written.",,f
c94abca0-8a82-4e9a-b713-528c7ba86bbb,d1a3ab9b-4da3-4a08-859f-be8a200569b1,coder-01,24,2026-02-13 11:33:01.273,unknown,,f
f0c9016a-2df5-4305-98fd-08bd334cddff,d1a3ab9b-4da3-4a08-859f-be8a200569b1,coder-01,25,2026-02-13 11:33:01.281,"the action to take, only one name of [file_read, file_write, file_edit, file_list, shell_run, code_search, find_file], just the name, exactly as it's written.",,f
76a7b411-5057-457a-9175-d8ec45fc568c,d1a3ab9b-4da3-4a08-859f-be8a200569b1,coder-01,26,2026-02-13 11:33:01.287,unknown,,f
05141783-4d57-4f33-9779-442e5834e251,d1a3ab9b-4da3-4a08-859f-be8a200569b1,coder-01,27,2026-02-13 11:33:01.295,"the action to take, should be one of [file_read, file_write, file_edit, file_list, shell_run, code_search, find_file]",,f
6b4d2b37-8db9-47d5-9f03-04bc6e057452,d1a3ab9b-4da3-4a08-859f-be8a200569b1,coder-01,28,2026-02-13 11:33:01.3,unknown,,f
f5258614-7f6f-43fa-b5c4-3c3871fb1f20,d1a3ab9b-4da3-4a08-859f-be8a200569b1,coder-01,29,2026-02-13 11:33:01.307,"the action to take, should be one of [file_read, file_write, file_edit, file_list, shell_run, code_search, find_file]",,f
f1888670-d938-4b83-960c-df16e797b886,d1a3ab9b-4da3-4a08-859f-be8a200569b1,coder-01,30,2026-02-13 11:33:01.319,unknown,,f
619ac187-23e6-41a5-91e9-cc97a37d68c3,d1a3ab9b-4da3-4a08-859f-be8a200569b1,coder-01,31,2026-02-13 11:33:01.328,"the action to take, should be one of [file_read, file_write, file_edit, file_list, shell_run, code_search, find_file]",,f
aa5feec4-ce01-4ac5-998f-2f7a8362aea1,d1a3ab9b-4da3-4a08-859f-be8a200569b1,coder-01,32,2026-02-13 11:33:01.336,unknown,,f
db1f5065-51bd-4b46-8319-a1e067c44091,d1a3ab9b-4da3-4a08-859f-be8a200569b1,coder-01,33,2026-02-13 11:33:01.346,"the action to take, should be one of [file_read, file_write, file_edit, file_list, shell_run, code_search, find_file]",,f
a1b03cda-922e-470f-a719-af543504b2af,d1a3ab9b-4da3-4a08-859f-be8a200569b1,coder-01,34,2026-02-13 11:33:01.352,unknown,,f
ce5652a5-b66d-4d65-84d9-1fd08340761b,d1a3ab9b-4da3-4a08-859f-be8a200569b1,coder-01,3,2026-02-13 11:33:01.358,shell_run,66,f
76344b43-ceb5-45c8-bcfe-d65a54c2212b,d1a3ab9b-4da3-4a08-859f-be8a200569b1,coder-01,4,2026-02-13 11:33:01.364,shell_run,42,f
87b65c2c-1a97-462c-8554-ec6c4a8e0487,d1a3ab9b-4da3-4a08-859f-be8a200569b1,coder-01,5,2026-02-13 11:33:01.369,shell_run,27,f
b882d9fb-fd10-400d-a856-4f5975880f19,d1a3ab9b-4da3-4a08-859f-be8a200569b1,coder-01,6,2026-02-13 11:33:01.375,file_write,27,f
dea17394-1d2e-473e-a49d-48bbe204a84e,5c4e8777-119d-41e3-acf0-411722b5a02c,coder-01,59,2026-02-13 11:33:04.734,file_write,7,f
497ef923-4c12-41b9-a394-cab3b267546a,1012d0d2-dff7-467f-9a21-f8c7b0924075,coder-01,55,2026-02-13 11:33:04.741,file_write,14,f
45a39eb2-34bf-4139-858c-e2872ab53e1f,6243144d-a5d2-4eeb-8994-390dc9a13e12,coder-01,67,2026-02-13 11:33:04.747,file_write,21,f
c772f6ca-ce1a-4ea3-bbf3-6c0df94950ef,eb17b408-aba9-4859-9bfa-5e89104bfffa,coder-01,46,2026-02-13 11:33:04.754,file_write,27,f
b090686d-28e2-4a8a-b606-f19156dc02a0,67a94aa5-3189-4c68-8566-6b8a4fae7546,coder-01,39,2026-02-13 11:33:04.761,file_write,34,f
a88c1fc9-3cb6-496a-9f98-efda2646b927,6d5b4a6a-5aa8-4a3d-8f7a-cfea16412d2a,coder-01,38,2026-02-13 11:33:04.767,file_write,41,f
f236e2e2-cfb4-4d59-99c5-f2c3df49a1a0,f558af5d-25ba-479e-8e8b-90a8aaa1ce79,coder-01,39,2026-02-13 11:33:04.774,file_write,47,f
27633c08-059e-4925-b8e0-c9401a4d52fb,c6f48a65-7b86-4956-b82d-dc010642d5e4,coder-01,35,2026-02-13 11:33:04.78,file_write,54,f
0a57c1e5-42e3-4aa8-a9ad-5ea1e7f639c3,6f1d2123-e697-4e8a-8633-b4308b565ef5,coder-01,45,2026-02-13 11:33:04.787,file_write,61,f
a53e616c-323d-45c7-a148-d0445b0a6b22,83a0bbf4-d843-4f97-8b74-113188decd72,coder-01,19,2026-02-13 11:33:04.793,file_write,67,f
c2f81e3e-db1b-4869-8258-e31fbdf9d773,d1a3ab9b-4da3-4a08-859f-be8a200569b1,coder-01,35,2026-02-13 11:33:04.799,file_write,73,f
0dce311b-c89b-472a-946b-60f784989482,f89c597b-097d-4f1e-8bc4-5a4c0b16fb71,coder-01,1,2026-02-13 11:33:04.805,file_write,79,f
5ce3b6f2-e57c-4961-bbe1-176498115156,5c4e8777-119d-41e3-acf0-411722b5a02c,coder-01,60,2026-02-13 11:33:07.244,shell_run,0,f
e5f5c45c-7b9d-41e3-8e64-386e68f7035e,1012d0d2-dff7-467f-9a21-f8c7b0924075,coder-01,56,2026-02-13 11:33:07.251,shell_run,6,f
87ba9d8a-dee8-4fcd-8edc-5796de759890,6243144d-a5d2-4eeb-8994-390dc9a13e12,coder-01,68,2026-02-13 11:33:07.258,shell_run,13,f
530c6ec0-94dc-4433-8167-b48411bf6805,eb17b408-aba9-4859-9bfa-5e89104bfffa,coder-01,47,2026-02-13 11:33:07.264,shell_run,19,f
8eaa57ef-5972-4909-81ca-632b8d9e5abb,67a94aa5-3189-4c68-8566-6b8a4fae7546,coder-01,40,2026-02-13 11:33:07.271,shell_run,26,f
69f571a3-ba75-4c4e-867c-e28db033c944,6d5b4a6a-5aa8-4a3d-8f7a-cfea16412d2a,coder-01,39,2026-02-13 11:33:07.278,shell_run,33,f
ca20757b-716c-4871-842f-2b549fb9c7b0,f558af5d-25ba-479e-8e8b-90a8aaa1ce79,coder-01,40,2026-02-13 11:33:07.285,shell_run,40,f
aaecbfce-854f-46aa-9667-cc815c0bb68e,c6f48a65-7b86-4956-b82d-dc010642d5e4,coder-01,36,2026-02-13 11:33:07.292,shell_run,47,f
2ec2bec6-3c2e-4c9c-b7d8-70fa327a52af,6f1d2123-e697-4e8a-8633-b4308b565ef5,coder-01,46,2026-02-13 11:33:07.299,shell_run,54,f
adeecf50-40fe-43a3-965a-41a49de85332,83a0bbf4-d843-4f97-8b74-113188decd72,coder-01,20,2026-02-13 11:33:07.307,shell_run,61,f
7f326978-d045-4e5f-97e7-339da8019a23,d1a3ab9b-4da3-4a08-859f-be8a200569b1,coder-01,36,2026-02-13 11:33:07.313,shell_run,69,f
19834e22-c5d7-4fcc-970a-ff2a9489f5d5,f89c597b-097d-4f1e-8bc4-5a4c0b16fb71,coder-01,2,2026-02-13 11:33:07.32,shell_run,76,f
12cb2700-7270-4347-bd74-5ec35f02fb06,5c4e8777-119d-41e3-acf0-411722b5a02c,coder-01,61,2026-02-13 11:33:11.906,file_write,11,f
fb111b93-e57c-4b4e-b08a-44eb9b593c41,1012d0d2-dff7-467f-9a21-f8c7b0924075,coder-01,57,2026-02-13 11:33:11.913,file_write,19,f
9cc89f4c-a0a7-49ed-a115-566eac24afe1,6243144d-a5d2-4eeb-8994-390dc9a13e12,coder-01,69,2026-02-13 11:33:11.921,file_write,26,f
b0e93186-285c-4b05-a009-b0ae00ed74cf,eb17b408-aba9-4859-9bfa-5e89104bfffa,coder-01,48,2026-02-13 11:33:11.927,file_write,33,f
08ef15eb-a46d-4b6f-a1b3-c4e4f144a0bb,67a94aa5-3189-4c68-8566-6b8a4fae7546,coder-01,41,2026-02-13 11:33:11.936,file_write,41,f
184bbdce-c6ca-41fa-923e-2e4b8af3891d,6d5b4a6a-5aa8-4a3d-8f7a-cfea16412d2a,coder-01,40,2026-02-13 11:33:11.944,file_write,49,f
aa8756a4-0818-4565-a31a-30dc10a47f03,f558af5d-25ba-479e-8e8b-90a8aaa1ce79,coder-01,41,2026-02-13 11:33:11.953,file_write,58,f
d8f172db-0504-4eb6-b0a2-aec022488165,c6f48a65-7b86-4956-b82d-dc010642d5e4,coder-01,37,2026-02-13 11:33:11.961,file_write,66,f
9760e9f0-b17b-4dac-a893-8f1913e8f1f5,6f1d2123-e697-4e8a-8633-b4308b565ef5,coder-01,47,2026-02-13 11:33:11.968,file_write,73,f
2917b60a-2d88-4224-b3c2-d590feded2f2,83a0bbf4-d843-4f97-8b74-113188decd72,coder-01,21,2026-02-13 11:33:11.975,file_write,80,f
e7f4eecf-528e-4a48-8b2d-a47f5de7447e,d1a3ab9b-4da3-4a08-859f-be8a200569b1,coder-01,37,2026-02-13 11:33:11.982,file_write,86,f
cb680b37-f6be-400a-af3c-e86b57a63979,f89c597b-097d-4f1e-8bc4-5a4c0b16fb71,coder-01,3,2026-02-13 11:33:11.99,file_write,95,f
b2eb00e0-d94d-4d29-832a-52b3a19994df,5c4e8777-119d-41e3-acf0-411722b5a02c,coder-01,62,2026-02-13 11:33:13.79,shell_run,40,f
72fac5ea-e4c2-43f8-8632-f4b91218bd4f,1012d0d2-dff7-467f-9a21-f8c7b0924075,coder-01,58,2026-02-13 11:33:13.799,shell_run,50,f
458316b6-ccc6-486c-8b6b-4998ae1a95c9,6243144d-a5d2-4eeb-8994-390dc9a13e12,coder-01,70,2026-02-13 11:33:13.806,shell_run,55,f
6cd5a9a2-792a-4af8-8655-0ffcd76ddab8,eb17b408-aba9-4859-9bfa-5e89104bfffa,coder-01,49,2026-02-13 11:33:13.811,shell_run,62,f
4f07cacd-0b9e-4af7-a8a4-2ee61c595c78,67a94aa5-3189-4c68-8566-6b8a4fae7546,coder-01,42,2026-02-13 11:33:13.817,shell_run,68,f
d4715696-2186-4d45-8da4-1855d5f4f908,6d5b4a6a-5aa8-4a3d-8f7a-cfea16412d2a,coder-01,41,2026-02-13 11:33:13.822,shell_run,73,f
fcbd13b5-00b1-4fd9-beaf-67c7c65e0c9e,f558af5d-25ba-479e-8e8b-90a8aaa1ce79,coder-01,42,2026-02-13 11:33:13.827,shell_run,78,f
964a8b7e-89db-4987-8146-b0b566fbc445,c6f48a65-7b86-4956-b82d-dc010642d5e4,coder-01,38,2026-02-13 11:33:13.833,shell_run,84,f
d4dc1731-2fc0-4902-bcad-60a46f3715f5,6f1d2123-e697-4e8a-8633-b4308b565ef5,coder-01,48,2026-02-13 11:33:13.839,shell_run,89,f
c480fa55-1b8f-4c24-8250-862f27aebf11,1012d0d2-dff7-467f-9a21-f8c7b0924075,coder-01,62,2026-02-13 11:36:19.04,shell_run,10,f
3d590682-7289-4ccb-8c18-b7a37a776f5b,6243144d-a5d2-4eeb-8994-390dc9a13e12,coder-01,74,2026-02-13 11:36:19.046,shell_run,16,f
eed299b1-728a-41e1-97ec-8f273ce98667,83a0bbf4-d843-4f97-8b74-113188decd72,coder-01,22,2026-02-13 11:33:13.844,shell_run,95,f
a1c390bd-b411-4f37-a0c9-8e1aaff98dbb,d1a3ab9b-4da3-4a08-859f-be8a200569b1,coder-01,38,2026-02-13 11:33:13.85,shell_run,101,f
8cbf7df0-06d1-4f7a-87fb-15aaef115599,f89c597b-097d-4f1e-8bc4-5a4c0b16fb71,coder-01,4,2026-02-13 11:33:13.855,shell_run,106,f
ba9b4783-667b-4b70-a38e-e8505920de1b,5c4e8777-119d-41e3-acf0-411722b5a02c,coder-01,63,2026-02-13 11:33:17.231,file_edit,11,f
9476e8c1-e345-4821-9738-19476302e8d0,1012d0d2-dff7-467f-9a21-f8c7b0924075,coder-01,59,2026-02-13 11:33:17.237,file_edit,18,f
ca75f856-fb18-4511-9ce2-3c98b947768d,6243144d-a5d2-4eeb-8994-390dc9a13e12,coder-01,71,2026-02-13 11:33:17.244,file_edit,25,f
0c1e3ecc-c090-4fc3-8ae5-5d673068804d,eb17b408-aba9-4859-9bfa-5e89104bfffa,coder-01,50,2026-02-13 11:33:17.252,file_edit,32,f
ad883fc0-fe2b-44cd-922a-b6c0d58350d5,67a94aa5-3189-4c68-8566-6b8a4fae7546,coder-01,43,2026-02-13 11:33:17.258,file_edit,39,f
326af40d-ac0b-4628-aad0-c3a004c1d9c0,6d5b4a6a-5aa8-4a3d-8f7a-cfea16412d2a,coder-01,42,2026-02-13 11:33:17.264,file_edit,45,f
87d47736-aa36-489a-8683-0dd87186bf13,f558af5d-25ba-479e-8e8b-90a8aaa1ce79,coder-01,43,2026-02-13 11:33:17.27,file_edit,51,f
b0c9ff64-a88d-4a92-8bcc-bf5cf778928f,c6f48a65-7b86-4956-b82d-dc010642d5e4,coder-01,39,2026-02-13 11:33:17.277,file_edit,58,f
500c0b10-f7fe-4434-9623-3a093b6dceae,6f1d2123-e697-4e8a-8633-b4308b565ef5,coder-01,49,2026-02-13 11:33:17.284,file_edit,64,f
0111ca65-e7d0-4288-9bd8-e1d3cd01627e,83a0bbf4-d843-4f97-8b74-113188decd72,coder-01,23,2026-02-13 11:33:17.291,file_edit,71,f
88502a0e-2b70-41d6-971d-7bbb6ea230da,d1a3ab9b-4da3-4a08-859f-be8a200569b1,coder-01,39,2026-02-13 11:33:17.297,file_edit,78,f
bf86fd21-230a-4d1b-9a7e-bda5d7de68e3,f89c597b-097d-4f1e-8bc4-5a4c0b16fb71,coder-01,5,2026-02-13 11:33:17.303,file_edit,84,f
61cf7b7c-48b2-444d-93e5-11d6836a2987,5c4e8777-119d-41e3-acf0-411722b5a02c,coder-01,64,2026-02-13 11:35:45.946,file_read,7,f
fec0b9f3-40bb-4be0-be35-f4864070403c,1012d0d2-dff7-467f-9a21-f8c7b0924075,coder-01,60,2026-02-13 11:35:45.956,file_read,18,f
b979392d-f956-400a-8ead-7d62811928e9,6243144d-a5d2-4eeb-8994-390dc9a13e12,coder-01,72,2026-02-13 11:35:45.962,file_read,23,f
46f0ef59-15df-4e39-8e58-43ea06470319,eb17b408-aba9-4859-9bfa-5e89104bfffa,coder-01,51,2026-02-13 11:35:45.968,file_read,29,f
10f44969-29bd-41be-aaee-23cdc70f8b77,67a94aa5-3189-4c68-8566-6b8a4fae7546,coder-01,44,2026-02-13 11:35:45.974,file_read,35,f
f8669b40-2348-4d1b-a9ce-c82f1267f85a,6d5b4a6a-5aa8-4a3d-8f7a-cfea16412d2a,coder-01,43,2026-02-13 11:35:45.982,file_read,43,f
103837f0-5b9f-4c9a-9509-417d0e8a16c0,f558af5d-25ba-479e-8e8b-90a8aaa1ce79,coder-01,44,2026-02-13 11:35:45.988,file_read,50,f
c4b2a82b-dfb0-406b-8ff5-856b542095b1,c6f48a65-7b86-4956-b82d-dc010642d5e4,coder-01,40,2026-02-13 11:35:45.994,file_read,55,f
592ab0c3-118d-4912-86a6-fb01c5c85d5e,6f1d2123-e697-4e8a-8633-b4308b565ef5,coder-01,50,2026-02-13 11:35:46,file_read,61,f
f88458cf-cd9f-415b-9e9b-3f32ebf42a49,83a0bbf4-d843-4f97-8b74-113188decd72,coder-01,24,2026-02-13 11:35:46.006,file_read,67,f
8d08ca48-8067-4248-bb37-0658681e5445,d1a3ab9b-4da3-4a08-859f-be8a200569b1,coder-01,40,2026-02-13 11:35:46.012,file_read,73,f
c131bb9e-b075-4bfe-abef-01ad23fe3d6b,f89c597b-097d-4f1e-8bc4-5a4c0b16fb71,coder-01,6,2026-02-13 11:35:46.018,file_read,79,f
86853f1b-20ba-411c-aab7-40874407e554,5c4e8777-119d-41e3-acf0-411722b5a02c,coder-01,65,2026-02-13 11:36:00.225,file_edit,20,f
5c6d9860-d798-41b6-a202-c5bf1a9676d3,1012d0d2-dff7-467f-9a21-f8c7b0924075,coder-01,61,2026-02-13 11:36:00.233,file_edit,29,f
0b421ce9-5feb-490d-be18-0346e8c77a6a,6243144d-a5d2-4eeb-8994-390dc9a13e12,coder-01,73,2026-02-13 11:36:00.24,file_edit,36,f
73bf7dec-f6f0-420b-a757-0d287e8216fb,eb17b408-aba9-4859-9bfa-5e89104bfffa,coder-01,52,2026-02-13 11:36:00.247,file_edit,43,f
a004b5fd-07d2-4ee0-982c-083c0c6dfce0,67a94aa5-3189-4c68-8566-6b8a4fae7546,coder-01,45,2026-02-13 11:36:00.255,file_edit,50,f
80e01161-4567-444b-8b5d-d03f58a546dc,6d5b4a6a-5aa8-4a3d-8f7a-cfea16412d2a,coder-01,44,2026-02-13 11:36:00.264,file_edit,60,f
ff868c13-436b-4bdb-a78f-6f69b71efe55,f558af5d-25ba-479e-8e8b-90a8aaa1ce79,coder-01,45,2026-02-13 11:36:00.272,file_edit,68,f
2736604f-71b3-4f90-8618-687cae81acff,c6f48a65-7b86-4956-b82d-dc010642d5e4,coder-01,41,2026-02-13 11:36:00.28,file_edit,76,f
dfd43d58-a96f-4f6f-a433-0f3a4ac31afc,6f1d2123-e697-4e8a-8633-b4308b565ef5,coder-01,51,2026-02-13 11:36:00.288,file_edit,84,f
14706990-65c6-4666-ab0e-6c013accb945,83a0bbf4-d843-4f97-8b74-113188decd72,coder-01,25,2026-02-13 11:36:00.296,file_edit,92,f
004d5e3d-316b-4f7c-b0e6-a7862c652c37,d1a3ab9b-4da3-4a08-859f-be8a200569b1,coder-01,41,2026-02-13 11:36:00.304,file_edit,100,f
f1943414-9222-429f-875a-b7e14547641f,f89c597b-097d-4f1e-8bc4-5a4c0b16fb71,coder-01,7,2026-02-13 11:36:00.311,file_edit,107,f
222751e3-62a3-46b7-bc14-ea129f6df640,5c4e8777-119d-41e3-acf0-411722b5a02c,coder-01,66,2026-02-13 11:36:19.034,shell_run,4,f
c556198b-f345-4780-9fe6-1f4b30712fb7,eb17b408-aba9-4859-9bfa-5e89104bfffa,coder-01,54,2026-02-13 11:36:24.277,shell_run,341,f
c82230bd-84c8-4731-ac4a-0e5d806ceb67,67a94aa5-3189-4c68-8566-6b8a4fae7546,coder-01,47,2026-02-13 11:36:24.285,shell_run,350,f
3adf4815-86a0-4fb6-9f11-73628c87adbe,6d5b4a6a-5aa8-4a3d-8f7a-cfea16412d2a,coder-01,46,2026-02-13 11:36:24.292,shell_run,356,f
5fc2baa4-d3f8-40e9-b0f6-28d678a5b8c4,f558af5d-25ba-479e-8e8b-90a8aaa1ce79,coder-01,47,2026-02-13 11:36:24.298,shell_run,362,f
50f0c1b6-fc51-4dbf-92c1-311008f2b3c1,c6f48a65-7b86-4956-b82d-dc010642d5e4,coder-01,43,2026-02-13 11:36:24.304,shell_run,368,f
f320e94b-7693-41da-8ea2-3a17be585d90,6f1d2123-e697-4e8a-8633-b4308b565ef5,coder-01,53,2026-02-13 11:36:24.312,shell_run,376,f
d23f45c3-9e47-43c3-a111-13eab2382e3d,83a0bbf4-d843-4f97-8b74-113188decd72,coder-01,27,2026-02-13 11:36:24.317,shell_run,382,f
46b86f5d-20d5-494c-82ac-7f2078d98fea,d1a3ab9b-4da3-4a08-859f-be8a200569b1,coder-01,43,2026-02-13 11:36:24.324,shell_run,388,f
1a33b9ff-8516-4fe7-8f7c-3955d26bcb57,f89c597b-097d-4f1e-8bc4-5a4c0b16fb71,coder-01,9,2026-02-13 11:36:24.33,shell_run,395,f
d004908c-1daa-4a09-bf7b-c66bcd4acaf8,5c4e8777-119d-41e3-acf0-411722b5a02c,coder-01,70,2026-02-13 11:36:50.481,shell_run,0,f
69605340-6a0d-4d7d-a34d-b63ded715cfd,1012d0d2-dff7-467f-9a21-f8c7b0924075,coder-01,66,2026-02-13 11:36:50.492,shell_run,10,f
40178596-77c8-4644-9733-b65b9180e549,6243144d-a5d2-4eeb-8994-390dc9a13e12,coder-01,78,2026-02-13 11:36:50.498,shell_run,17,f
cb23fbdf-659b-4945-a101-f534267f52da,eb17b408-aba9-4859-9bfa-5e89104bfffa,coder-01,57,2026-02-13 11:36:50.505,shell_run,24,f
e81d7bf0-7ad3-48b8-93e3-56ec0bec65a7,67a94aa5-3189-4c68-8566-6b8a4fae7546,coder-01,50,2026-02-13 11:36:50.511,shell_run,30,f
fe767484-d589-41a8-a8b2-fc65ebf87a10,6d5b4a6a-5aa8-4a3d-8f7a-cfea16412d2a,coder-01,49,2026-02-13 11:36:50.517,shell_run,35,f
04ad8b59-f3b0-4c51-abea-78e900198016,f558af5d-25ba-479e-8e8b-90a8aaa1ce79,coder-01,50,2026-02-13 11:36:50.523,shell_run,42,f
c6c6be33-27c3-406a-a663-3f94f272f3f3,c6f48a65-7b86-4956-b82d-dc010642d5e4,coder-01,46,2026-02-13 11:36:50.53,shell_run,48,f
fb5619cf-30b3-4982-8386-957b1818052f,6f1d2123-e697-4e8a-8633-b4308b565ef5,coder-01,56,2026-02-13 11:36:50.536,shell_run,55,f
20700dab-f5a1-437e-bd48-925a1d680e23,83a0bbf4-d843-4f97-8b74-113188decd72,coder-01,30,2026-02-13 11:36:50.542,shell_run,61,f
ffdc399a-2038-4cf8-b78d-7c4e488ba769,d1a3ab9b-4da3-4a08-859f-be8a200569b1,coder-01,46,2026-02-13 11:36:50.548,shell_run,67,f
310b575d-9bc3-4869-b97b-7539a7b7c89d,f89c597b-097d-4f1e-8bc4-5a4c0b16fb71,coder-01,12,2026-02-13 11:36:50.554,shell_run,73,f
2332a543-6b23-4316-9749-5fd4b6167ae7,b6a07738-f434-47d5-b2c8-73d6208fb99e,coder-01,89,2026-02-13 12:04:43.732,code_search,633,f
655c4098-c713-4f01-80ab-55af609b1b7f,c709783c-1f03-4937-9b49-fdd6f3c2fcb3,coder-01,92,2026-02-13 12:04:43.739,code_search,639,f
32e8206f-a82b-49f2-a1ee-895befc546a2,7dda3951-a206-43cc-b777-481409aab787,coder-01,2,2026-02-13 13:07:29.561,shell_run,384,f
c2927b4c-3001-4c7c-a24a-a2802b40e1f4,5c4e8777-119d-41e3-acf0-411722b5a02c,coder-01,68,2026-02-13 11:36:32.694,shell_run,3969,f
0520a339-c6c1-496c-b0ba-1c7ceb3b1f1c,1012d0d2-dff7-467f-9a21-f8c7b0924075,coder-01,64,2026-02-13 11:36:32.721,shell_run,3996,f
a745e86c-9966-4cc9-b47f-e46bb2147e70,6243144d-a5d2-4eeb-8994-390dc9a13e12,coder-01,76,2026-02-13 11:36:32.727,shell_run,4003,f
558aeb82-4579-4e26-8644-ab7e6ac495dc,eb17b408-aba9-4859-9bfa-5e89104bfffa,coder-01,55,2026-02-13 11:36:32.734,shell_run,4009,f
7bebc289-f1ed-4bd3-99fb-3c02025fe255,67a94aa5-3189-4c68-8566-6b8a4fae7546,coder-01,48,2026-02-13 11:36:32.741,shell_run,4017,f
7702cca5-0fbf-42e1-8f02-2161a687acfa,6d5b4a6a-5aa8-4a3d-8f7a-cfea16412d2a,coder-01,47,2026-02-13 11:36:32.748,shell_run,4023,f
0e5139ca-f01b-481d-9baf-d1bec5058eb8,f558af5d-25ba-479e-8e8b-90a8aaa1ce79,coder-01,48,2026-02-13 11:36:32.755,shell_run,4031,f
cd2b408e-3355-4230-9691-344463e58d33,c6f48a65-7b86-4956-b82d-dc010642d5e4,coder-01,44,2026-02-13 11:36:32.762,shell_run,4038,f
287bc800-588d-4bdd-9d1a-17eeaeaf27aa,6f1d2123-e697-4e8a-8633-b4308b565ef5,coder-01,54,2026-02-13 11:36:32.77,shell_run,4045,f
949f7f5e-74d3-4168-88e9-8d29db8e9ba2,83a0bbf4-d843-4f97-8b74-113188decd72,coder-01,28,2026-02-13 11:36:32.777,shell_run,4052,f
621bd8f6-fdaa-4a1f-98b3-674cc8c798f7,d1a3ab9b-4da3-4a08-859f-be8a200569b1,coder-01,44,2026-02-13 11:36:32.786,shell_run,4061,f
a235942c-a516-47f7-aa44-259c6bdf306c,f89c597b-097d-4f1e-8bc4-5a4c0b16fb71,coder-01,10,2026-02-13 11:36:32.792,shell_run,4067,f
858dba53-4d0e-4161-8484-479620f2f18e,5c4e8777-119d-41e3-acf0-411722b5a02c,coder-01,69,2026-02-13 11:36:40.912,shell_run,373,f
936465fe-2b0c-401e-86c0-7341f634e4e6,1012d0d2-dff7-467f-9a21-f8c7b0924075,coder-01,65,2026-02-13 11:36:40.922,shell_run,383,f
e1476952-a2c8-4231-8514-81f6d2155000,6243144d-a5d2-4eeb-8994-390dc9a13e12,coder-01,77,2026-02-13 11:36:40.928,shell_run,389,f
8287c181-e3a4-4518-9b62-54960638e816,eb17b408-aba9-4859-9bfa-5e89104bfffa,coder-01,56,2026-02-13 11:36:40.934,shell_run,394,f
255d071f-f54e-49d6-98bc-a0fc72389331,67a94aa5-3189-4c68-8566-6b8a4fae7546,coder-01,49,2026-02-13 11:36:40.94,shell_run,401,f
ab9cc13e-0c9c-4e41-89fb-a68eb14b5c84,6d5b4a6a-5aa8-4a3d-8f7a-cfea16412d2a,coder-01,48,2026-02-13 11:36:40.946,shell_run,407,f
f25a7d53-8333-4774-9c17-2f5a81d3bc01,f558af5d-25ba-479e-8e8b-90a8aaa1ce79,coder-01,49,2026-02-13 11:36:40.951,shell_run,412,f
49796aef-9f9e-4f37-a2d1-a742deb59bee,c6f48a65-7b86-4956-b82d-dc010642d5e4,coder-01,45,2026-02-13 11:36:40.957,shell_run,418,f
73a3de6e-cd64-4a3a-9086-20d97d05d277,6f1d2123-e697-4e8a-8633-b4308b565ef5,coder-01,55,2026-02-13 11:36:40.963,shell_run,424,f
610375d4-eee4-4d7b-96c9-7ab0312f8b86,83a0bbf4-d843-4f97-8b74-113188decd72,coder-01,29,2026-02-13 11:36:40.97,shell_run,430,f
c076c1f0-1de8-4913-b1fd-625d92e47307,d1a3ab9b-4da3-4a08-859f-be8a200569b1,coder-01,45,2026-02-13 11:36:40.976,shell_run,436,f
58bf80ed-f925-42df-bdc0-ed6f9fa490bb,f89c597b-097d-4f1e-8bc4-5a4c0b16fb71,coder-01,11,2026-02-13 11:36:40.983,shell_run,443,f
7253ef07-8bf5-4c53-bf35-4ec43d54df1c,5c4e8777-119d-41e3-acf0-411722b5a02c,coder-01,71,2026-02-13 11:37:04.193,shell_run,0,f
d34bb402-2af8-40df-8ae1-fd6b47db68cb,1012d0d2-dff7-467f-9a21-f8c7b0924075,coder-01,67,2026-02-13 11:37:04.203,shell_run,11,f
3bf5f638-e9e7-4e16-bf77-c947061dc717,6243144d-a5d2-4eeb-8994-390dc9a13e12,coder-01,79,2026-02-13 11:37:04.208,shell_run,16,f
cabf6bab-259e-41dc-af13-7bf9b9a7b8fd,eb17b408-aba9-4859-9bfa-5e89104bfffa,coder-01,58,2026-02-13 11:37:04.213,shell_run,22,f
e363449e-c49e-42fc-97fc-e5ce67a57592,67a94aa5-3189-4c68-8566-6b8a4fae7546,coder-01,51,2026-02-13 11:37:04.219,shell_run,28,f
d2343e63-2723-4a38-924d-4d08efb81b7c,c6f48a65-7b86-4956-b82d-dc010642d5e4,coder-01,52,2026-02-13 11:39:02.722,find_file,100,f
8aa7eaf2-f39b-4fdc-9ab8-27be5f88e21e,6d5b4a6a-5aa8-4a3d-8f7a-cfea16412d2a,coder-01,50,2026-02-13 11:37:04.225,shell_run,34,f
a43d244d-1fe8-407b-8d99-6b2dc7cce1be,f558af5d-25ba-479e-8e8b-90a8aaa1ce79,coder-01,51,2026-02-13 11:37:04.231,shell_run,39,f
11cd0e25-b2d0-4946-bb04-c4e26ef11f7b,c6f48a65-7b86-4956-b82d-dc010642d5e4,coder-01,47,2026-02-13 11:37:04.236,shell_run,44,f
23eaca9a-6b97-43c2-aa58-869bb6a2b2e8,6f1d2123-e697-4e8a-8633-b4308b565ef5,coder-01,57,2026-02-13 11:37:04.241,shell_run,50,f
761ecbc6-279e-4400-adf7-6971b80d64d8,83a0bbf4-d843-4f97-8b74-113188decd72,coder-01,31,2026-02-13 11:37:04.246,shell_run,55,f
009cd7d9-f836-4f69-9e7e-c18ea011b27d,d1a3ab9b-4da3-4a08-859f-be8a200569b1,coder-01,47,2026-02-13 11:37:04.251,shell_run,60,f
57bd7b81-57b4-4bdd-99e9-a6d163e0dce3,f89c597b-097d-4f1e-8bc4-5a4c0b16fb71,coder-01,13,2026-02-13 11:37:04.257,shell_run,66,f
5075c5bc-a36e-4caa-9d0d-b6ae6ca47cad,5c4e8777-119d-41e3-acf0-411722b5a02c,coder-01,72,2026-02-13 11:38:14.08,shell_run,0,f
428104f5-bdf9-40b8-9f8b-38f6ca82aa61,1012d0d2-dff7-467f-9a21-f8c7b0924075,coder-01,68,2026-02-13 11:38:14.089,shell_run,10,f
0aca3d52-e8b4-46b3-958a-f9f370d11c4f,6243144d-a5d2-4eeb-8994-390dc9a13e12,coder-01,80,2026-02-13 11:38:14.096,shell_run,17,f
68a14422-873a-4fc7-9e88-3606e72a1f6a,eb17b408-aba9-4859-9bfa-5e89104bfffa,coder-01,59,2026-02-13 11:38:14.104,shell_run,24,f
2889e33c-e167-4419-b1c3-6d3fe9d514c3,67a94aa5-3189-4c68-8566-6b8a4fae7546,coder-01,52,2026-02-13 11:38:14.111,shell_run,32,f
d77dfebf-65ba-4929-abd8-2dfcd2972350,6d5b4a6a-5aa8-4a3d-8f7a-cfea16412d2a,coder-01,51,2026-02-13 11:38:14.118,shell_run,39,f
3de2173d-1127-4b42-8412-a7ca956dbe69,f558af5d-25ba-479e-8e8b-90a8aaa1ce79,coder-01,52,2026-02-13 11:38:14.124,shell_run,46,f
5b23bee8-2a96-47c8-82f8-c7df7270c381,c6f48a65-7b86-4956-b82d-dc010642d5e4,coder-01,48,2026-02-13 11:38:14.131,shell_run,53,f
5e86d082-25bd-4e6a-8b00-f9b0609f5fd6,6f1d2123-e697-4e8a-8633-b4308b565ef5,coder-01,58,2026-02-13 11:38:14.138,shell_run,60,f
c15f7974-eb16-4a74-882e-6fdf970a78a3,83a0bbf4-d843-4f97-8b74-113188decd72,coder-01,32,2026-02-13 11:38:14.145,shell_run,66,f
94fcf09d-ca46-458a-8bb4-9ba302e35249,d1a3ab9b-4da3-4a08-859f-be8a200569b1,coder-01,48,2026-02-13 11:38:14.152,shell_run,73,f
f38d1330-653f-42f7-aa47-f28fcac228a9,f89c597b-097d-4f1e-8bc4-5a4c0b16fb71,coder-01,14,2026-02-13 11:38:14.159,shell_run,80,f
3b497955-56ff-455e-8638-b7a584ffb373,5c4e8777-119d-41e3-acf0-411722b5a02c,coder-01,73,2026-02-13 11:38:47.444,file_list,16,f
32081abd-a04c-41dd-abe0-358aaa0dad0d,1012d0d2-dff7-467f-9a21-f8c7b0924075,coder-01,69,2026-02-13 11:38:47.45,file_list,21,f
7f9a7420-b915-4e11-8039-0ad60e4f8dba,5c4e8777-119d-41e3-acf0-411722b5a02c,coder-01,74,2026-02-13 11:38:53.039,shell_run,799,f
07607d26-a0d7-4e91-aae7-80b5eb2a4d42,6243144d-a5d2-4eeb-8994-390dc9a13e12,coder-01,81,2026-02-13 11:38:47.455,file_list,27,f
1c76ced0-bbab-414d-a2ce-642fd71e7c36,eb17b408-aba9-4859-9bfa-5e89104bfffa,coder-01,60,2026-02-13 11:38:47.462,file_list,33,f
dd0144ec-eb67-4a6d-afff-24739b16ea46,67a94aa5-3189-4c68-8566-6b8a4fae7546,coder-01,53,2026-02-13 11:38:47.467,file_list,38,f
580532af-61b1-4454-a701-6f39691460e5,6d5b4a6a-5aa8-4a3d-8f7a-cfea16412d2a,coder-01,52,2026-02-13 11:38:47.472,file_list,44,f
dc3c055b-15f3-404a-9471-a4eb6c60ac66,f558af5d-25ba-479e-8e8b-90a8aaa1ce79,coder-01,53,2026-02-13 11:38:47.477,file_list,49,f
610a0386-1ae9-414c-82b6-f975370e1111,c6f48a65-7b86-4956-b82d-dc010642d5e4,coder-01,49,2026-02-13 11:38:47.483,file_list,54,f
2b8e5c37-d928-4de1-a85d-80c7370c288f,6f1d2123-e697-4e8a-8633-b4308b565ef5,coder-01,59,2026-02-13 11:38:47.488,file_list,60,f
f164ef44-9fd6-4e58-b83b-34338dc0c434,83a0bbf4-d843-4f97-8b74-113188decd72,coder-01,33,2026-02-13 11:38:47.493,file_list,64,f
527769af-c9ad-4baf-941a-1238a26e7420,d1a3ab9b-4da3-4a08-859f-be8a200569b1,coder-01,49,2026-02-13 11:38:47.498,file_list,70,f
3eb2c2ba-1ba9-49a2-afeb-67ade5c92d93,f89c597b-097d-4f1e-8bc4-5a4c0b16fb71,coder-01,15,2026-02-13 11:38:47.503,file_list,74,f
c70c3064-5e0b-4f7c-8ee5-45bc99129723,5c4e8777-119d-41e3-acf0-411722b5a02c,coder-01,77,2026-02-13 11:39:14.994,file_list,128,f
ab082227-6d54-4b39-b1d8-f39736788001,1012d0d2-dff7-467f-9a21-f8c7b0924075,coder-01,70,2026-02-13 11:38:53.049,shell_run,810,f
9ba664cf-7a2d-456a-9165-7aec874afbcb,6243144d-a5d2-4eeb-8994-390dc9a13e12,coder-01,82,2026-02-13 11:38:53.055,shell_run,816,f
c678cb36-2bab-4d74-a97f-97f2630db448,eb17b408-aba9-4859-9bfa-5e89104bfffa,coder-01,61,2026-02-13 11:38:53.061,shell_run,822,f
54a69074-2a36-4479-a42d-70cb9923621c,67a94aa5-3189-4c68-8566-6b8a4fae7546,coder-01,54,2026-02-13 11:38:53.067,shell_run,828,f
7139aa44-be8d-4b0a-92f8-7b9de3cebab4,6d5b4a6a-5aa8-4a3d-8f7a-cfea16412d2a,coder-01,53,2026-02-13 11:38:53.073,shell_run,834,f
c8085376-7784-4d12-931d-332868321d6f,f558af5d-25ba-479e-8e8b-90a8aaa1ce79,coder-01,54,2026-02-13 11:38:53.079,shell_run,840,f
ea2fc8e2-1b5b-431c-badd-8fc2fa1717e4,c6f48a65-7b86-4956-b82d-dc010642d5e4,coder-01,50,2026-02-13 11:38:53.085,shell_run,847,f
5c586016-6e64-40c1-9acf-36f680b92eb7,6f1d2123-e697-4e8a-8633-b4308b565ef5,coder-01,60,2026-02-13 11:38:53.09,shell_run,852,f
988bab24-5c17-4e51-9fc8-ab87b7a3e1d7,83a0bbf4-d843-4f97-8b74-113188decd72,coder-01,34,2026-02-13 11:38:53.096,shell_run,858,f
59ea4586-0e76-4a6d-925f-981d3eb52496,d1a3ab9b-4da3-4a08-859f-be8a200569b1,coder-01,50,2026-02-13 11:38:53.102,shell_run,863,f
e0f6816d-93b8-435f-9078-ab62f832ec40,f89c597b-097d-4f1e-8bc4-5a4c0b16fb71,coder-01,16,2026-02-13 11:38:53.108,shell_run,869,f
f873e868-8ea7-469e-ae9b-360b328a5b95,5c4e8777-119d-41e3-acf0-411722b5a02c,coder-01,75,2026-02-13 11:38:58.036,file_read,2,f
9473c56a-e05a-484c-9cfb-64609cab00a9,1012d0d2-dff7-467f-9a21-f8c7b0924075,coder-01,71,2026-02-13 11:38:58.043,file_read,9,f
89095b82-7c37-4e60-a490-6d9eb746ad37,6243144d-a5d2-4eeb-8994-390dc9a13e12,coder-01,83,2026-02-13 11:38:58.049,file_read,16,f
8d92e556-181a-4711-9a67-9fc4736ce69c,eb17b408-aba9-4859-9bfa-5e89104bfffa,coder-01,62,2026-02-13 11:38:58.056,file_read,23,f
c493a37d-f1db-4bad-8a48-45c1003972bf,67a94aa5-3189-4c68-8566-6b8a4fae7546,coder-01,55,2026-02-13 11:38:58.063,file_read,29,f
2bf81863-2d6e-4460-9173-10d4e03da0cc,6d5b4a6a-5aa8-4a3d-8f7a-cfea16412d2a,coder-01,54,2026-02-13 11:38:58.07,file_read,36,f
38790ee7-c778-42df-9836-12d466bc2254,f558af5d-25ba-479e-8e8b-90a8aaa1ce79,coder-01,55,2026-02-13 11:38:58.077,file_read,43,f
44c8536f-7a0a-43a5-a5ae-1a03608ff1ce,c6f48a65-7b86-4956-b82d-dc010642d5e4,coder-01,51,2026-02-13 11:38:58.084,file_read,50,f
2c761aa5-1028-490f-8771-c3682bc3bcdb,6f1d2123-e697-4e8a-8633-b4308b565ef5,coder-01,61,2026-02-13 11:38:58.098,file_read,64,f
689c7a1d-b0c4-489b-9559-c701d203d3c8,83a0bbf4-d843-4f97-8b74-113188decd72,coder-01,35,2026-02-13 11:38:58.105,file_read,71,f
1c539150-0422-4771-87e0-b4ecb8ee5882,d1a3ab9b-4da3-4a08-859f-be8a200569b1,coder-01,51,2026-02-13 11:38:58.112,file_read,79,f
cddff0c8-b3a1-4032-95b2-ce70ac2c7669,f89c597b-097d-4f1e-8bc4-5a4c0b16fb71,coder-01,17,2026-02-13 11:38:58.119,file_read,85,f
ae6160e8-9492-4542-94c8-49cbccf01188,5c4e8777-119d-41e3-acf0-411722b5a02c,coder-01,76,2026-02-13 11:39:02.671,find_file,49,f
4a928ec1-c9bd-410b-a50b-afc678899e94,1012d0d2-dff7-467f-9a21-f8c7b0924075,coder-01,72,2026-02-13 11:39:02.682,find_file,59,f
cd2290ab-bca9-4bc7-993c-4c307372f69b,6243144d-a5d2-4eeb-8994-390dc9a13e12,coder-01,84,2026-02-13 11:39:02.688,find_file,66,f
02f19ae5-6e48-4a83-a780-8d1e074101b4,eb17b408-aba9-4859-9bfa-5e89104bfffa,coder-01,63,2026-02-13 11:39:02.695,find_file,73,f
a0eeb5c9-d7da-45a5-b583-6be7fb1923cc,67a94aa5-3189-4c68-8566-6b8a4fae7546,coder-01,56,2026-02-13 11:39:02.702,find_file,80,f
68475a25-7aa5-4cd4-ab35-38138aadd87b,6d5b4a6a-5aa8-4a3d-8f7a-cfea16412d2a,coder-01,55,2026-02-13 11:39:02.708,find_file,87,f
b4a0e06a-b8b0-434b-b760-aebd65e9181b,f558af5d-25ba-479e-8e8b-90a8aaa1ce79,coder-01,56,2026-02-13 11:39:02.715,find_file,93,f
de07cc44-469f-434f-85f5-0bbe28827998,6f1d2123-e697-4e8a-8633-b4308b565ef5,coder-01,62,2026-02-13 11:39:02.729,find_file,108,f
e0623fc7-367d-43d5-866a-69887a862ae7,83a0bbf4-d843-4f97-8b74-113188decd72,coder-01,36,2026-02-13 11:39:02.739,find_file,117,f
63a3a09e-bbce-4ee7-a3c0-61246d32094c,d1a3ab9b-4da3-4a08-859f-be8a200569b1,coder-01,52,2026-02-13 11:39:02.747,find_file,124,f
09bd9953-6b5c-4f4b-911a-3e611e1835b7,f89c597b-097d-4f1e-8bc4-5a4c0b16fb71,coder-01,18,2026-02-13 11:39:02.754,find_file,132,f
9b87e455-3687-4256-86cf-b92c6f3fcadf,c544138c-7b9c-4074-9390-7563f48d3dfd,coder-01,84,2026-02-13 12:04:43.745,code_search,646,f
59243218-cb37-4490-ab75-36cbe67769e4,a616133e-d0c0-4cf0-b366-8ad458906eb2,coder-01,79,2026-02-13 12:04:43.751,code_search,652,f
d7f94402-0307-4f0f-82f6-7c65f36e9617,e5d0cdaa-0921-42ae-b7ea-d83faeb4156e,coder-01,94,2026-02-13 12:04:43.757,code_search,658,f
bac9e5b8-3634-4e2a-82c4-66ae606967cc,d7dc224c-013a-4cc1-98e8-a39f062f266b,coder-01,90,2026-02-13 12:04:43.762,code_search,663,f
6af93bbc-252a-43ae-852e-07a7724a0ae1,69d8d66c-77b2-4250-9dc8-c52fbbe15c67,coder-01,71,2026-02-13 12:04:43.769,code_search,669,f
17e7e3b3-7a5d-44ff-b72a-461a8cf138cf,bd725b15-8f05-48c1-86ee-566821f22c69,coder-01,65,2026-02-13 12:04:43.774,code_search,675,f
fc91bf55-575a-493e-b7b3-68af0f141d42,d7dc224c-013a-4cc1-98e8-a39f062f266b,coder-01,61,2026-02-13 12:04:43.781,code_search,682,f
6c4af6fe-39b1-4e32-8297-fc4af45bd849,e98343a8-9d76-42f9-9b00-8807c9a75699,coder-01,65,2026-02-13 12:04:43.787,code_search,688,f
7d73ea0a-94b4-41de-8eab-a9baae8d83c9,22ac8e2f-da14-498d-afe0-8a90443c4fe0,coder-01,115,2026-02-13 12:06:28.466,file_write,112,f
97b42bc0-c2c0-4f02-935b-b4aadf56dfa7,330dcf27-8d11-4270-9961-50b9f18dfd67,coder-01,15,2026-02-13 13:07:49.155,shell_run,159,f
b5f87a9b-797f-4cab-ac39-4f4d9ded43c2,1012d0d2-dff7-467f-9a21-f8c7b0924075,coder-01,73,2026-02-13 11:39:15.007,file_list,142,f
d41f8378-8230-4e37-ab79-9293f50a1d01,6243144d-a5d2-4eeb-8994-390dc9a13e12,coder-01,85,2026-02-13 11:39:15.015,file_list,150,f
f79546a0-c3f7-4e73-ae01-a538caf56bc5,eb17b408-aba9-4859-9bfa-5e89104bfffa,coder-01,64,2026-02-13 11:39:15.021,file_list,156,f
494ea198-a47a-4e61-babf-b91c653fbb72,67a94aa5-3189-4c68-8566-6b8a4fae7546,coder-01,57,2026-02-13 11:39:15.028,file_list,163,f
6802a0a3-d558-4a24-ac15-2b2312dbdf91,6d5b4a6a-5aa8-4a3d-8f7a-cfea16412d2a,coder-01,56,2026-02-13 11:39:15.034,file_list,169,f
45575eac-8d5a-47a4-84b9-a093bc70034e,f558af5d-25ba-479e-8e8b-90a8aaa1ce79,coder-01,57,2026-02-13 11:39:15.044,file_list,178,f
214061a4-7cad-4f4c-8de7-a23b0274eba7,c6f48a65-7b86-4956-b82d-dc010642d5e4,coder-01,53,2026-02-13 11:39:15.052,file_list,186,f
180998ec-a73f-4516-9ebc-138209a453be,6f1d2123-e697-4e8a-8633-b4308b565ef5,coder-01,63,2026-02-13 11:39:15.059,file_list,194,f
1d3bedee-e8a0-4524-8f78-0925a4e1fbc0,83a0bbf4-d843-4f97-8b74-113188decd72,coder-01,37,2026-02-13 11:39:15.066,file_list,201,f
683d73a1-3b4d-4832-98ad-f0f057285fd1,d1a3ab9b-4da3-4a08-859f-be8a200569b1,coder-01,53,2026-02-13 11:39:15.073,file_list,208,f
9f85254b-94dd-4baa-aa2d-5a801ea327ca,f89c597b-097d-4f1e-8bc4-5a4c0b16fb71,coder-01,19,2026-02-13 11:39:15.08,file_list,215,f
458f5e5d-9399-4caf-a345-e99e426e49fa,5c4e8777-119d-41e3-acf0-411722b5a02c,coder-01,78,2026-02-13 11:39:20.29,code_search,503,f
933f455a-5815-4f75-b3d3-fa79bdbcdacc,1012d0d2-dff7-467f-9a21-f8c7b0924075,coder-01,74,2026-02-13 11:39:20.304,code_search,517,f
fe666773-f0b7-4274-ad84-c1d4f7603dcb,6243144d-a5d2-4eeb-8994-390dc9a13e12,coder-01,86,2026-02-13 11:39:20.312,code_search,526,f
c9233ef2-2cf3-4e6f-82a3-c7324866615d,eb17b408-aba9-4859-9bfa-5e89104bfffa,coder-01,65,2026-02-13 11:39:20.319,code_search,534,f
ca047140-65e4-46f8-9207-abb4ce58527d,67a94aa5-3189-4c68-8566-6b8a4fae7546,coder-01,58,2026-02-13 11:39:20.327,code_search,541,f
00213a19-71d5-4021-885e-ab1363660989,6d5b4a6a-5aa8-4a3d-8f7a-cfea16412d2a,coder-01,57,2026-02-13 11:39:20.335,code_search,549,f
00bb34aa-dd16-4b35-b344-d5fcc80d5d29,f558af5d-25ba-479e-8e8b-90a8aaa1ce79,coder-01,58,2026-02-13 11:39:20.341,code_search,556,f
d9f578da-4674-45bc-b784-135b4e4228f1,c6f48a65-7b86-4956-b82d-dc010642d5e4,coder-01,54,2026-02-13 11:39:20.35,code_search,565,f
ea8f2a7a-fe79-4bb4-ae49-15d84c8c2893,6f1d2123-e697-4e8a-8633-b4308b565ef5,coder-01,64,2026-02-13 11:39:20.357,code_search,572,f
85eb2ada-54e5-46bb-80e7-9dfa96502c74,83a0bbf4-d843-4f97-8b74-113188decd72,coder-01,38,2026-02-13 11:39:20.365,code_search,579,f
4e0e9af0-6c27-4069-abdf-ecdfd478d077,d1a3ab9b-4da3-4a08-859f-be8a200569b1,coder-01,54,2026-02-13 11:39:20.372,code_search,587,f
7f8d2d79-6710-4d17-83c3-9f2fc0fc3759,f89c597b-097d-4f1e-8bc4-5a4c0b16fb71,coder-01,20,2026-02-13 11:39:20.378,code_search,593,f
3d05c59d-65f4-4dcb-9023-2c242e1cf803,f89c597b-097d-4f1e-8bc4-5a4c0b16fb71,coder-01,21,2026-02-13 11:41:33.038,"the action to take, only one name of [file_read, file_write, file_edit, file_list, shell_run, code_search, find_file], just the name, exactly as it's written.",,f
ccfe07e2-f218-4127-babf-f0ae7d7b1ba3,f89c597b-097d-4f1e-8bc4-5a4c0b16fb71,coder-01,22,2026-02-13 11:41:33.045,unknown,,f
9ab5bef6-8532-4c51-a3a2-16ae928e8842,f89c597b-097d-4f1e-8bc4-5a4c0b16fb71,coder-01,23,2026-02-13 11:41:33.053,"the action to take, only one name of [file_read, file_write, file_edit, file_list, shell_run, code_search, find_file], just the name, exactly as it's written.",,f
10b44935-2556-495f-b6a2-b568a944426f,f89c597b-097d-4f1e-8bc4-5a4c0b16fb71,coder-01,24,2026-02-13 11:41:33.058,unknown,,f
8683de1d-fa60-412c-8d81-fc7c9b92b26e,f89c597b-097d-4f1e-8bc4-5a4c0b16fb71,coder-01,25,2026-02-13 11:41:33.066,"the action to take, only one name of [file_read, file_write, file_edit, file_list, shell_run, code_search, find_file], just the name, exactly as it's written.",,f
856fcf34-8915-40e3-98e1-c47f6b66b762,f89c597b-097d-4f1e-8bc4-5a4c0b16fb71,coder-01,26,2026-02-13 11:41:33.073,unknown,,f
06420c8e-9d17-4dd0-9217-0b51c9f3d738,f89c597b-097d-4f1e-8bc4-5a4c0b16fb71,coder-01,27,2026-02-13 11:41:33.081,"the action to take, only one name of [file_read, file_write, file_edit, file_list, shell_run, code_search, find_file], just the name, exactly as it's written.",,f
f037a1df-b711-43dc-8ac0-ae22823a2601,f89c597b-097d-4f1e-8bc4-5a4c0b16fb71,coder-01,28,2026-02-13 11:41:33.088,unknown,,f
7a489b7c-344e-41f2-8694-a98603adfdc7,f89c597b-097d-4f1e-8bc4-5a4c0b16fb71,coder-01,29,2026-02-13 11:41:33.099,"the action to take, only one name of [file_read, file_write, file_edit, file_list, shell_run, code_search, find_file], just the name, exactly as it's written.",,f
ba40df13-e5f0-4fdb-adef-764e7b2999bf,f89c597b-097d-4f1e-8bc4-5a4c0b16fb71,coder-01,30,2026-02-13 11:41:33.105,unknown,,f
643eb78e-0fdd-4707-9c0c-6498c6cd2b1b,f89c597b-097d-4f1e-8bc4-5a4c0b16fb71,coder-01,31,2026-02-13 11:41:33.113,"the action to take, should be one of [file_read, file_write, file_edit, file_list, shell_run, code_search, find_file]",,f
af441738-d7f0-4df2-8807-ccee1c7f71f9,f89c597b-097d-4f1e-8bc4-5a4c0b16fb71,coder-01,32,2026-02-13 11:41:33.119,unknown,,f
1f97c67a-68eb-4e3d-9c3e-b27196b8ef16,f89c597b-097d-4f1e-8bc4-5a4c0b16fb71,coder-01,33,2026-02-13 11:41:33.127,"the action to take, should be one of [file_read, file_write, file_edit, file_list, shell_run, code_search, find_file]",,f
fe618a64-35eb-4f64-935b-a2f75a3dec1d,f89c597b-097d-4f1e-8bc4-5a4c0b16fb71,coder-01,34,2026-02-13 11:41:33.135,unknown,,f
cb6f29b1-be00-4522-8ae7-960fed022e63,f89c597b-097d-4f1e-8bc4-5a4c0b16fb71,coder-01,35,2026-02-13 11:41:33.143,"the action to take, should be one of [file_read, file_write, file_edit, file_list, shell_run, code_search, find_file]",,f
cb916584-ab39-4c6a-8bd6-ed8a72e64ff6,f89c597b-097d-4f1e-8bc4-5a4c0b16fb71,coder-01,36,2026-02-13 11:41:33.149,unknown,,f
d0ef7a98-5da8-4845-9b0a-6c6dacf4b681,f89c597b-097d-4f1e-8bc4-5a4c0b16fb71,coder-01,37,2026-02-13 11:41:33.156,"the action to take, should be one of [file_read, file_write, file_edit, file_list, shell_run, code_search, find_file]",,f
512b60f5-d51b-4543-8a6b-7a40ff3397ec,f89c597b-097d-4f1e-8bc4-5a4c0b16fb71,coder-01,38,2026-02-13 11:41:33.163,unknown,,f
228340f1-b937-4cbc-9f2a-8f882d81a733,f89c597b-097d-4f1e-8bc4-5a4c0b16fb71,coder-01,39,2026-02-13 11:41:33.17,"the action to take, should be one of [file_read, file_write, file_edit, file_list, shell_run, code_search, find_file]",,f
b2428ee9-ec5a-46be-97be-e13bd22263fa,f89c597b-097d-4f1e-8bc4-5a4c0b16fb71,coder-01,40,2026-02-13 11:41:33.177,unknown,,f
30b086e4-3a05-4ae0-81b8-5aa89bf45856,f89c597b-097d-4f1e-8bc4-5a4c0b16fb71,coder-01,41,2026-02-13 11:41:33.186,"the action to take, only one name of [file_read, file_write, file_edit, file_list, shell_run, code_search, find_file], just the name, exactly as it's written.",,f
9828f9f2-64d5-445f-b26b-268627386f4f,f89c597b-097d-4f1e-8bc4-5a4c0b16fb71,coder-01,42,2026-02-13 11:41:33.192,unknown,,f
1d9ed9e1-b094-4c88-b8ad-5dab1fb14568,f89c597b-097d-4f1e-8bc4-5a4c0b16fb71,coder-01,43,2026-02-13 11:41:33.201,"the action to take, only one name of [file_read, file_write, file_edit, file_list, shell_run, code_search, find_file], just the name, exactly as it's written.",,f
0c9703fd-b86f-4db0-9fb9-5e4ce872f184,f89c597b-097d-4f1e-8bc4-5a4c0b16fb71,coder-01,44,2026-02-13 11:41:33.208,unknown,,f
2e59b088-7a76-4fac-bf6d-f1e5c886b86c,f89c597b-097d-4f1e-8bc4-5a4c0b16fb71,coder-01,45,2026-02-13 11:41:33.215,"the action to take, only one name of [file_read, file_write, file_edit, file_list, shell_run, code_search, find_file], just the name, exactly as it's written.",,f
6c1e9a40-75f3-44ad-b653-deee3acf9f81,f89c597b-097d-4f1e-8bc4-5a4c0b16fb71,coder-01,46,2026-02-13 11:41:33.221,unknown,,f
66be9c0e-c7c5-451b-83c9-e6230fac4b20,f89c597b-097d-4f1e-8bc4-5a4c0b16fb71,coder-01,47,2026-02-13 11:41:33.229,"the action to take, only one name of [file_read, file_write, file_edit, file_list, shell_run, code_search, find_file], just the name, exactly as it's written.",,f
e7e2cc7f-2778-4b05-a5b9-d06efcae25e5,f89c597b-097d-4f1e-8bc4-5a4c0b16fb71,coder-01,48,2026-02-13 11:41:33.236,unknown,,f
e96b85d9-f4e7-418f-9d88-e48fb1e7fe0e,f89c597b-097d-4f1e-8bc4-5a4c0b16fb71,coder-01,49,2026-02-13 11:41:33.245,"the action to take, only one name of [file_read, file_write, file_edit, file_list, shell_run, code_search, find_file], just the name, exactly as it's written.",,f
1079e578-f858-4fcd-8652-ea4de96f92f2,f89c597b-097d-4f1e-8bc4-5a4c0b16fb71,coder-01,50,2026-02-13 11:41:33.253,unknown,,f
b7c836e0-29b3-4254-920f-c36f114c416f,f89c597b-097d-4f1e-8bc4-5a4c0b16fb71,coder-01,51,2026-02-13 11:41:33.261,"the action to take, only one name of [file_read, file_write, file_edit, file_list, shell_run, code_search, find_file], just the name, exactly as it's written.",,f
f41e81b2-c0d3-48d2-84f2-e3af75cfa352,f89c597b-097d-4f1e-8bc4-5a4c0b16fb71,coder-01,52,2026-02-13 11:41:33.267,unknown,,f
dac759a0-d000-446a-be59-4b75c5b47356,f89c597b-097d-4f1e-8bc4-5a4c0b16fb71,coder-01,53,2026-02-13 11:41:33.275,"the action to take, only one name of [file_read, file_write, file_edit, file_list, shell_run, code_search, find_file], just the name, exactly as it's written.",,f
7e4da444-d7c1-4296-92c2-522beeb81775,f89c597b-097d-4f1e-8bc4-5a4c0b16fb71,coder-01,54,2026-02-13 11:41:33.281,unknown,,f
dcd2cbbc-aa03-48ce-bbed-e520147b52ec,f89c597b-097d-4f1e-8bc4-5a4c0b16fb71,coder-01,55,2026-02-13 11:41:33.289,"the action to take, only one name of [file_read, file_write, file_edit, file_list, shell_run, code_search, find_file], just the name, exactly as it's written.",,f
0e2f8fb1-cbe8-4eb3-9cb2-2991515f7950,f89c597b-097d-4f1e-8bc4-5a4c0b16fb71,coder-01,56,2026-02-13 11:41:33.295,unknown,,f
523c678c-ddf5-4229-b1a0-0ba69e8b7a99,f89c597b-097d-4f1e-8bc4-5a4c0b16fb71,coder-01,57,2026-02-13 11:41:33.303,"the action to take, only one name of [file_read, file_write, file_edit, file_list, shell_run, code_search, find_file], just the name, exactly as it's written.",,f
4fb2dedd-41f1-47a0-82de-88216841acff,f89c597b-097d-4f1e-8bc4-5a4c0b16fb71,coder-01,58,2026-02-13 11:41:33.309,unknown,,f
25688c47-0595-4be3-9e1f-7b94e473cf4f,f89c597b-097d-4f1e-8bc4-5a4c0b16fb71,coder-01,59,2026-02-13 11:41:33.317,"the action to take, only one name of [file_read, file_write, file_edit, file_list, shell_run, code_search, find_file], just the name, exactly as it's written.",,f
f1aa7a73-f7c4-4354-97a5-1e5d16b833e3,f89c597b-097d-4f1e-8bc4-5a4c0b16fb71,coder-01,60,2026-02-13 11:41:33.323,unknown,,f
8ed3d943-d7bd-44ff-8436-66835bf22c1d,f89c597b-097d-4f1e-8bc4-5a4c0b16fb71,coder-01,61,2026-02-13 11:41:33.331,"the action to take, only one name of [file_read, file_write, file_edit, file_list, shell_run, code_search, find_file], just the name, exactly as it's written.",,f
17773a1b-299d-4e61-afe2-116239f0ced1,f89c597b-097d-4f1e-8bc4-5a4c0b16fb71,coder-01,62,2026-02-13 11:41:33.337,unknown,,f
b711a971-a31a-4581-8bb8-1d180903db2e,f89c597b-097d-4f1e-8bc4-5a4c0b16fb71,coder-01,63,2026-02-13 11:41:33.345,"the action to take, only one name of [file_read, file_write, file_edit, file_list, shell_run, code_search, find_file], just the name, exactly as it's written.",,f
98d883ab-d0b1-4970-9982-b0566246cbfe,f89c597b-097d-4f1e-8bc4-5a4c0b16fb71,coder-01,64,2026-02-13 11:41:33.352,unknown,,f
9a780e70-63cd-4d26-af9b-020b86bf6a9a,f89c597b-097d-4f1e-8bc4-5a4c0b16fb71,coder-01,65,2026-02-13 11:41:33.359,"the action to take, only one name of [file_read, file_write, file_edit, file_list, shell_run, code_search, find_file], just the name, exactly as it's written.",,f
6b0df974-5340-4650-aa86-966739678331,f89c597b-097d-4f1e-8bc4-5a4c0b16fb71,coder-01,66,2026-02-13 11:41:33.365,unknown,,f
f9c70f24-f99c-47eb-bb39-b3dc20a71e38,f89c597b-097d-4f1e-8bc4-5a4c0b16fb71,coder-01,67,2026-02-13 11:41:33.373,"the action to take, only one name of [file_read, file_write, file_edit, file_list, shell_run, code_search, find_file], just the name, exactly as it's written.",,f
5c8626a4-47b7-40d4-9d9a-325904d14cbe,f89c597b-097d-4f1e-8bc4-5a4c0b16fb71,coder-01,68,2026-02-13 11:41:33.379,unknown,,f
8348d8cc-1c5e-4d67-878b-036f26a58890,f89c597b-097d-4f1e-8bc4-5a4c0b16fb71,coder-01,69,2026-02-13 11:41:33.386,"the action to take, only one name of [file_read, file_write, file_edit, file_list, shell_run, code_search, find_file], just the name, exactly as it's written.",,f
e9bb29d1-951c-4171-a49a-86858199bd47,f89c597b-097d-4f1e-8bc4-5a4c0b16fb71,coder-01,70,2026-02-13 11:41:33.392,unknown,,f
b529ad2c-b01d-4d93-b171-e4dad9a56909,f89c597b-097d-4f1e-8bc4-5a4c0b16fb71,coder-01,71,2026-02-13 11:41:33.399,"the action to take, only one name of [file_read, file_write, file_edit, file_list, shell_run, code_search, find_file], just the name, exactly as it's written.",,f
cd391043-52c3-48dd-b54a-7f082c208447,f89c597b-097d-4f1e-8bc4-5a4c0b16fb71,coder-01,72,2026-02-13 11:41:33.405,unknown,,f
753654a2-17cc-4eae-af80-8f5194ac747c,5c4e8777-119d-41e3-acf0-411722b5a02c,coder-01,79,2026-02-13 11:41:39.134,file_write,9,f
64da4b17-aa90-4b4e-bdc5-10549268ee53,1012d0d2-dff7-467f-9a21-f8c7b0924075,coder-01,75,2026-02-13 11:41:39.142,file_write,17,f
2db833af-3235-44a3-a6c8-c1dd33c82e86,6243144d-a5d2-4eeb-8994-390dc9a13e12,coder-01,87,2026-02-13 11:41:39.149,file_write,25,f
2d5a0792-d300-4366-a76e-0fdb11588c80,eb17b408-aba9-4859-9bfa-5e89104bfffa,coder-01,66,2026-02-13 11:41:39.157,file_write,33,f
adf1bbb2-8128-4e94-aa7d-e172ba7c2e18,67a94aa5-3189-4c68-8566-6b8a4fae7546,coder-01,59,2026-02-13 11:41:39.164,file_write,40,f
48f4ad6f-9506-486f-9675-1e3dc977c0be,6d5b4a6a-5aa8-4a3d-8f7a-cfea16412d2a,coder-01,58,2026-02-13 11:41:39.171,file_write,47,f
215f7cb9-1a80-4fa0-a9d8-2efdd8938b3e,f558af5d-25ba-479e-8e8b-90a8aaa1ce79,coder-01,59,2026-02-13 11:41:39.178,file_write,54,f
e208caec-87ef-4c73-82fa-686ae49b972c,c6f48a65-7b86-4956-b82d-dc010642d5e4,coder-01,55,2026-02-13 11:41:39.184,file_write,60,f
47f3334e-33a8-4a76-98df-944105701b8b,6f1d2123-e697-4e8a-8633-b4308b565ef5,coder-01,65,2026-02-13 11:41:39.191,file_write,67,f
3f721a8c-37e0-45ee-a6ac-25468f191e04,83a0bbf4-d843-4f97-8b74-113188decd72,coder-01,39,2026-02-13 11:41:39.198,file_write,74,f
529ac36a-638e-4d10-8947-7b1e5e3ea0f5,d1a3ab9b-4da3-4a08-859f-be8a200569b1,coder-01,55,2026-02-13 11:41:39.208,file_write,83,f
0db677ac-aa47-463b-a5af-dbc59e079f9a,f89c597b-097d-4f1e-8bc4-5a4c0b16fb71,coder-01,73,2026-02-13 11:41:39.216,file_write,92,f
8eaef816-791a-46bc-9e9e-0634b8137189,6f1d2123-e697-4e8a-8633-b4308b565ef5,coder-01,1,2026-02-13 11:41:39.225,file_write,101,f
4f1a6b9d-e55f-4cbd-a13a-e873f5654286,77dc4b56-eb73-4241-b51c-290cbb175d6a,coder-01,48,2026-02-13 12:04:43.793,code_search,694,f
29a626cf-d06b-40ae-8025-ba2c3b40addf,77dc4b56-eb73-4241-b51c-290cbb175d6a,coder-01,63,2026-02-13 12:04:43.799,code_search,699,f
553e0efd-e78a-4a11-8d2e-fd360cc33e7e,ba8a1da7-2c5d-43d7-bd94-14f808a1c77e,coder-01,55,2026-02-13 12:04:43.805,code_search,705,f
e95f8d1b-bd49-4fcb-8e94-9678ce2437f1,476561aa-39d6-444e-a0b1-f0888b9ddb4c,coder-01,30,2026-02-13 12:04:43.811,code_search,711,f
bc85b853-bfdf-4f64-8a6f-1c61819a4ed1,103a6302-b032-460d-a216-d9845407b8ce,coder-01,25,2026-02-13 12:04:43.817,code_search,718,f
12184cca-56ca-4e3c-8f8d-e59c4511a394,6790e431-4fc3-4003-a73d-2cac2f38c999,coder-01,19,2026-02-13 12:04:43.822,code_search,723,f
a849e003-ead4-4f53-b839-61238f510d95,b2e8c360-37e0-4c79-b8b1-86cc0b38a798,coder-01,20,2026-02-13 12:04:43.828,code_search,729,f
db16a57c-e6e8-4859-983e-23b3a8424e2d,5c4e8777-119d-41e3-acf0-411722b5a02c,coder-01,80,2026-02-13 11:41:42.276,shell_run,0,f
d8d9a501-b4f9-4afa-94e4-8eb03b0b8152,1012d0d2-dff7-467f-9a21-f8c7b0924075,coder-01,76,2026-02-13 11:41:42.286,shell_run,12,f
ce421f54-de81-470c-9355-e522008fe366,6243144d-a5d2-4eeb-8994-390dc9a13e12,coder-01,88,2026-02-13 11:41:42.292,shell_run,18,f
362cef36-6e46-4b8b-a78e-895a317dc2af,eb17b408-aba9-4859-9bfa-5e89104bfffa,coder-01,67,2026-02-13 11:41:42.298,shell_run,24,f
d3312429-85c5-4783-9611-6083a43a1868,67a94aa5-3189-4c68-8566-6b8a4fae7546,coder-01,60,2026-02-13 11:41:42.305,shell_run,31,f
cd640eeb-eff6-4e1a-9f94-a61de5ba50c4,6d5b4a6a-5aa8-4a3d-8f7a-cfea16412d2a,coder-01,59,2026-02-13 11:41:42.311,shell_run,37,f
1acecc92-a335-4c0b-85be-cb846320d8a2,f558af5d-25ba-479e-8e8b-90a8aaa1ce79,coder-01,60,2026-02-13 11:41:42.317,shell_run,43,f
445f2df2-6020-47f1-8712-3b75f8b3f098,c6f48a65-7b86-4956-b82d-dc010642d5e4,coder-01,56,2026-02-13 11:41:42.323,shell_run,49,f
e42386c5-7a40-46c0-ad2d-1fa1197beeb4,6f1d2123-e697-4e8a-8633-b4308b565ef5,coder-01,66,2026-02-13 11:41:42.329,shell_run,55,f
ee198422-8ed6-4f93-a993-30c64dbab399,83a0bbf4-d843-4f97-8b74-113188decd72,coder-01,40,2026-02-13 11:41:42.334,shell_run,60,f
ea17ed47-933f-4e2f-8f6b-ae4970f09922,d1a3ab9b-4da3-4a08-859f-be8a200569b1,coder-01,56,2026-02-13 11:41:42.34,shell_run,66,f
081922c3-31eb-49bf-858e-8b290d4b37b4,f89c597b-097d-4f1e-8bc4-5a4c0b16fb71,coder-01,74,2026-02-13 11:41:42.346,shell_run,72,f
6d1ebd7d-1e71-40ed-8d74-c72e030981a2,6f1d2123-e697-4e8a-8633-b4308b565ef5,coder-01,2,2026-02-13 11:41:42.352,shell_run,78,f
03c9cce9-955c-46fd-9009-5912830917fc,5c4e8777-119d-41e3-acf0-411722b5a02c,coder-01,81,2026-02-13 11:41:47.053,file_write,9,f
6869751c-21d5-478a-ba94-f38809c526c6,1012d0d2-dff7-467f-9a21-f8c7b0924075,coder-01,77,2026-02-13 11:41:47.059,file_write,15,f
d5886ffb-f098-472f-9dbe-640a2aa1f135,6243144d-a5d2-4eeb-8994-390dc9a13e12,coder-01,89,2026-02-13 11:41:47.065,file_write,20,f
c2ade0fa-3c8d-43ef-8ead-50673a90e893,eb17b408-aba9-4859-9bfa-5e89104bfffa,coder-01,68,2026-02-13 11:41:47.07,file_write,26,f
16ac0c44-153d-4070-ab35-60c5cfae564b,67a94aa5-3189-4c68-8566-6b8a4fae7546,coder-01,61,2026-02-13 11:41:47.075,file_write,31,f
a0637555-4660-4729-a26a-9b63f4c497fd,6d5b4a6a-5aa8-4a3d-8f7a-cfea16412d2a,coder-01,60,2026-02-13 11:41:47.08,file_write,37,f
123bd3dc-f458-44cc-8308-72a6170f45af,f558af5d-25ba-479e-8e8b-90a8aaa1ce79,coder-01,61,2026-02-13 11:41:47.087,file_write,43,f
b5201c2c-31d3-4916-b0e7-281882335bbe,c6f48a65-7b86-4956-b82d-dc010642d5e4,coder-01,57,2026-02-13 11:41:47.093,file_write,48,f
464f4fd8-d4ef-4538-8111-7a85d9ba58bf,6f1d2123-e697-4e8a-8633-b4308b565ef5,coder-01,67,2026-02-13 11:41:47.099,file_write,54,f
d953c763-b845-45cc-8140-51391af04dbd,83a0bbf4-d843-4f97-8b74-113188decd72,coder-01,41,2026-02-13 11:41:47.105,file_write,61,f
58cd643e-d436-4230-bf39-207d6412600c,d1a3ab9b-4da3-4a08-859f-be8a200569b1,coder-01,57,2026-02-13 11:41:47.111,file_write,67,f
a793a364-2ce1-452d-a248-6c3a0ac566ef,f89c597b-097d-4f1e-8bc4-5a4c0b16fb71,coder-01,75,2026-02-13 11:41:47.118,file_write,73,f
aea773c7-be19-461d-9fad-234619460d3a,6f1d2123-e697-4e8a-8633-b4308b565ef5,coder-01,3,2026-02-13 11:41:47.124,file_write,80,f
69a2500c-a2c6-4d0a-bd6d-012329192dad,5c4e8777-119d-41e3-acf0-411722b5a02c,coder-01,82,2026-02-13 11:41:49.684,shell_run,61,f
36e03836-921a-47da-96ea-72e39cfeb292,1012d0d2-dff7-467f-9a21-f8c7b0924075,coder-01,78,2026-02-13 11:41:49.694,shell_run,72,f
251edc24-bb60-4d22-961b-0402688b7685,6243144d-a5d2-4eeb-8994-390dc9a13e12,coder-01,90,2026-02-13 11:41:49.703,shell_run,80,f
59943f72-e359-4135-808c-60b7d9ec5690,eb17b408-aba9-4859-9bfa-5e89104bfffa,coder-01,69,2026-02-13 11:41:49.709,shell_run,87,f
89760766-d3fe-4ecb-afdc-a9da738796f8,67a94aa5-3189-4c68-8566-6b8a4fae7546,coder-01,62,2026-02-13 11:41:49.716,shell_run,94,f
d6012830-d10d-46e0-b8ea-4176b1c98eaa,6d5b4a6a-5aa8-4a3d-8f7a-cfea16412d2a,coder-01,61,2026-02-13 11:41:49.724,shell_run,101,f
9566ce3d-dff7-49b4-9100-855db946ca1f,f558af5d-25ba-479e-8e8b-90a8aaa1ce79,coder-01,62,2026-02-13 11:41:49.73,shell_run,108,f
7dffdd6f-c0f9-431a-b2ba-a3fe48f0d559,c6f48a65-7b86-4956-b82d-dc010642d5e4,coder-01,58,2026-02-13 11:41:49.739,shell_run,116,f
2b7aee62-7e57-4af3-9187-9dbd16ed9d21,6f1d2123-e697-4e8a-8633-b4308b565ef5,coder-01,9,2026-02-13 11:44:43.105,"the action to take, only one name of [file_read, file_write, file_edit, file_list, shell_run, code_search, find_file], just the name, exactly as it's written.",,f
754cc444-219c-4664-8e16-dec1db80955a,6f1d2123-e697-4e8a-8633-b4308b565ef5,coder-01,10,2026-02-13 11:44:43.112,unknown,,f
0e420305-df41-4af3-aa3e-c9284be25844,6f1d2123-e697-4e8a-8633-b4308b565ef5,coder-01,11,2026-02-13 11:44:43.121,"the action to take, only one name of [file_read, file_write, file_edit, file_list, shell_run, code_search, find_file], just the name, exactly as it's written.",,f
59063c23-b348-4c8e-8270-387933f9f81b,6f1d2123-e697-4e8a-8633-b4308b565ef5,coder-01,12,2026-02-13 11:44:43.128,unknown,,f
4c7ad0e6-bcac-4095-bc6e-100d3916188e,6f1d2123-e697-4e8a-8633-b4308b565ef5,coder-01,13,2026-02-13 11:44:43.137,"the action to take, only one name of [file_read, file_write, file_edit, file_list, shell_run, code_search, find_file], just the name, exactly as it's written.",,f
7d088988-aad0-48ae-98e3-6d7977aafe96,6f1d2123-e697-4e8a-8633-b4308b565ef5,coder-01,14,2026-02-13 11:44:43.144,unknown,,f
20b8e55f-d1dc-41b2-8541-463ba8b6de54,6f1d2123-e697-4e8a-8633-b4308b565ef5,coder-01,15,2026-02-13 11:44:43.154,"the action to take, only one name of [file_read, file_write, file_edit, file_list, shell_run, code_search, find_file], just the name, exactly as it's written.",,f
63785093-3e50-48c1-9e73-5b2cd35eaa87,6f1d2123-e697-4e8a-8633-b4308b565ef5,coder-01,16,2026-02-13 11:44:43.161,unknown,,f
c7aa8a33-57e8-4100-8afc-17a12cf35f75,6f1d2123-e697-4e8a-8633-b4308b565ef5,coder-01,17,2026-02-13 11:44:43.17,"the action to take, should be one of [file_read, file_write, file_edit, file_list, shell_run, code_search, find_file]",,f
9c8a2d29-4537-43c7-9e0f-f4018a4cacef,6f1d2123-e697-4e8a-8633-b4308b565ef5,coder-01,18,2026-02-13 11:44:43.176,unknown,,f
84a27a16-c49f-40e8-8062-c9acbf4736ab,6f1d2123-e697-4e8a-8633-b4308b565ef5,coder-01,19,2026-02-13 11:44:43.184,"the action to take, should be one of [file_read, file_write, file_edit, file_list, shell_run, code_search, find_file]",,f
c8e659d0-1f00-4c93-84a2-467c57087a9d,6f1d2123-e697-4e8a-8633-b4308b565ef5,coder-01,20,2026-02-13 11:44:43.191,unknown,,f
8b3948bb-7aa8-4e74-bffa-87ae71945b8b,6f1d2123-e697-4e8a-8633-b4308b565ef5,coder-01,21,2026-02-13 11:44:43.2,"the action to take, should be one of [file_read, file_write, file_edit, file_list, shell_run, code_search, find_file]",,f
528a7b7d-071e-4260-8b97-855e56450629,6f1d2123-e697-4e8a-8633-b4308b565ef5,coder-01,22,2026-02-13 11:44:43.207,unknown,,f
dc1d68f1-4f0d-4d35-a15c-5f0e7a1ee57a,6f1d2123-e697-4e8a-8633-b4308b565ef5,coder-01,23,2026-02-13 11:44:43.216,"the action to take, should be one of [file_read, file_write, file_edit, file_list, shell_run, code_search, find_file]",,f
80754ce0-90ec-4d6b-b9a4-1123fd44049c,6f1d2123-e697-4e8a-8633-b4308b565ef5,coder-01,24,2026-02-13 11:44:43.222,unknown,,f
a45bfde9-8c4d-465f-af06-506aec7fde73,6f1d2123-e697-4e8a-8633-b4308b565ef5,coder-01,25,2026-02-13 11:44:43.231,"the action to take, should be one of [file_read, file_write, file_edit, file_list, shell_run, code_search, find_file]",,f
41750f96-5a22-4f23-880b-6b497c4c90e5,6f1d2123-e697-4e8a-8633-b4308b565ef5,coder-01,26,2026-02-13 11:44:43.238,unknown,,f
cca4fada-9ddc-48ff-abe2-4fadaf320ad4,6f1d2123-e697-4e8a-8633-b4308b565ef5,coder-01,27,2026-02-13 11:44:43.246,"the action to take, should be one of [file_read, file_write, file_edit, file_list, shell_run, code_search, find_file]",,f
90cddc54-e768-4df4-b2ec-bc43dc7966b4,6f1d2123-e697-4e8a-8633-b4308b565ef5,coder-01,28,2026-02-13 11:44:43.255,unknown,,f
f7e40599-70e7-4ac3-9bd0-7b22e5c50cb1,6f1d2123-e697-4e8a-8633-b4308b565ef5,coder-01,29,2026-02-13 11:44:43.265,"the action to take, should be one of [file_read, file_write, file_edit, file_list, shell_run, code_search, find_file]",,f
834d789c-e1c1-4c97-9ecb-42eb90c4e33a,6f1d2123-e697-4e8a-8633-b4308b565ef5,coder-01,30,2026-02-13 11:44:43.273,unknown,,f
c1a2dd19-4701-4d6b-b403-3a9381b44dae,6f1d2123-e697-4e8a-8633-b4308b565ef5,coder-01,31,2026-02-13 11:44:43.281,"the action to take, should be one of [file_read, file_write, file_edit, file_list, shell_run, code_search, find_file]",,f
d79bca26-d656-48e1-af5d-b21176f6478d,6f1d2123-e697-4e8a-8633-b4308b565ef5,coder-01,32,2026-02-13 11:44:43.288,unknown,,f
718f2935-9d27-4b1e-808a-cf18f5765d2a,6f1d2123-e697-4e8a-8633-b4308b565ef5,coder-01,33,2026-02-13 11:44:43.295,"the action to take, should be one of [file_read, file_write, file_edit, file_list, shell_run, code_search, find_file]",,f
d9dd802c-eb11-4431-b2b1-f981e397d92c,6f1d2123-e697-4e8a-8633-b4308b565ef5,coder-01,34,2026-02-13 11:44:43.3,unknown,,f
5e36c85d-125c-49ff-b95a-ad96efaaf121,6f1d2123-e697-4e8a-8633-b4308b565ef5,coder-01,35,2026-02-13 11:44:43.307,"the action to take, should be one of [file_read, file_write, file_edit, file_list, shell_run, code_search, find_file]",,f
713d3094-d068-44e1-b309-54f0797ff309,6f1d2123-e697-4e8a-8633-b4308b565ef5,coder-01,36,2026-02-13 11:44:43.313,unknown,,f
936476b2-2b30-421f-9e04-209bc594f1ba,6f1d2123-e697-4e8a-8633-b4308b565ef5,coder-01,37,2026-02-13 11:44:43.319,"the action to take, should be one of [file_read, file_write, file_edit, file_list, shell_run, code_search, find_file]",,f
b36053c2-9f2b-47aa-bdf8-b091702b4ce9,6f1d2123-e697-4e8a-8633-b4308b565ef5,coder-01,38,2026-02-13 11:44:43.324,unknown,,f
9f41f68c-04a7-41aa-b66b-a4648a339c31,6f1d2123-e697-4e8a-8633-b4308b565ef5,coder-01,39,2026-02-13 11:44:43.33,"the action to take, should be one of [file_read, file_write, file_edit, file_list, shell_run, code_search, find_file]",,f
a4ccaab3-c43e-4f31-97f1-67803146d9bd,6f1d2123-e697-4e8a-8633-b4308b565ef5,coder-01,40,2026-02-13 11:44:43.335,unknown,,f
0fa99364-aef1-4a35-9421-8459f03d8820,6f1d2123-e697-4e8a-8633-b4308b565ef5,coder-01,41,2026-02-13 11:44:43.342,"the action to take, should be one of [file_read, file_write, file_edit, file_list, shell_run, code_search, find_file]",,f
424025ac-8cc8-4998-a3e4-ee22be1e038e,6f1d2123-e697-4e8a-8633-b4308b565ef5,coder-01,42,2026-02-13 11:44:43.347,unknown,,f
889f1243-4ef5-4da8-8d68-02c386869fb2,6f1d2123-e697-4e8a-8633-b4308b565ef5,coder-01,43,2026-02-13 11:44:43.352,"' after 'Thought:'. I will do right next, and don't use a tool I have already used.",,f
782d9f0a-497a-4171-8691-eeaa1890f260,6f1d2123-e697-4e8a-8633-b4308b565ef5,coder-01,44,2026-02-13 11:44:43.357,""" after ""Thought:"". Since the input missed this formatting, I cannot proceed with the instructions as given. If you provide the input again with the correct format, I would be happy to assist you furt",,f
117e138e-8874-4068-92e4-a4359bb5c7c6,6f1d2123-e697-4e8a-8633-b4308b565ef5,coder-01,4,2026-02-13 11:44:43.362,shell_run,132,f
1ac4ccfb-606e-4404-9c4e-7dada6eca746,6f1d2123-e697-4e8a-8633-b4308b565ef5,coder-01,5,2026-02-13 11:44:43.368,file_read,37,f
9126297a-a314-43f0-911f-2ac60e7a4352,6f1d2123-e697-4e8a-8633-b4308b565ef5,coder-01,6,2026-02-13 11:44:43.373,shell_run,123,f
cafc4c10-36e7-4a7f-b1ce-5e1d1e648399,6243144d-a5d2-4eeb-8994-390dc9a13e12,coder-01,96,2026-02-13 11:44:51.375,shell_run,13,f
9e75f4d3-1449-4b7d-8cd2-fd9392841e34,eb17b408-aba9-4859-9bfa-5e89104bfffa,coder-01,75,2026-02-13 11:44:51.381,shell_run,19,f
dfa50fd9-0592-4625-8241-e2d685bf30c0,83a0bbf4-d843-4f97-8b74-113188decd72,coder-01,104,2026-02-13 11:54:54.409,code_search,115,f
97319758-a751-4f78-854a-2202bd959f67,6f1d2123-e697-4e8a-8633-b4308b565ef5,coder-01,7,2026-02-13 11:44:43.378,shell_run,1433,f
2b4bde80-38db-435c-89d1-59b99b2a55ac,6f1d2123-e697-4e8a-8633-b4308b565ef5,coder-01,8,2026-02-13 11:44:43.384,file_edit,39,f
e3bf75c8-5e2b-44c3-8976-ab7d55fbc7c7,5c4e8777-119d-41e3-acf0-411722b5a02c,coder-01,87,2026-02-13 11:44:47.923,file_write,6,f
cac3701f-da8b-42f0-aff9-533e65e9c062,1012d0d2-dff7-467f-9a21-f8c7b0924075,coder-01,83,2026-02-13 11:44:47.934,file_write,17,f
748ab0a0-9d4c-4a98-af9b-d34f89fba9fe,6243144d-a5d2-4eeb-8994-390dc9a13e12,coder-01,95,2026-02-13 11:44:47.94,file_write,24,f
b86284d4-7538-4f02-8f86-82fed2d38463,eb17b408-aba9-4859-9bfa-5e89104bfffa,coder-01,74,2026-02-13 11:44:47.946,file_write,30,f
4670b698-7325-45c7-8064-7f53ad1966b6,67a94aa5-3189-4c68-8566-6b8a4fae7546,coder-01,67,2026-02-13 11:44:47.953,file_write,36,f
d699f99b-5b54-4f60-aa67-c343ebe135e4,6d5b4a6a-5aa8-4a3d-8f7a-cfea16412d2a,coder-01,66,2026-02-13 11:44:47.959,file_write,42,f
25d8d967-f0e9-4ae0-88d2-397f1b6a70e8,f558af5d-25ba-479e-8e8b-90a8aaa1ce79,coder-01,67,2026-02-13 11:44:47.964,file_write,48,f
19b4c4e8-a030-4fa2-a1b4-6e0e193d1b92,c6f48a65-7b86-4956-b82d-dc010642d5e4,coder-01,63,2026-02-13 11:44:47.97,file_write,53,f
2c27f684-a786-4f1f-bdc6-23685885c760,6f1d2123-e697-4e8a-8633-b4308b565ef5,coder-01,73,2026-02-13 11:44:47.976,file_write,59,f
4699fe6c-1e11-43f0-908f-c0e957008a84,83a0bbf4-d843-4f97-8b74-113188decd72,coder-01,47,2026-02-13 11:44:47.982,file_write,65,f
b175d99b-37e6-484f-896d-2da3fa9b8613,d1a3ab9b-4da3-4a08-859f-be8a200569b1,coder-01,63,2026-02-13 11:44:47.988,file_write,71,f
dc76c06b-e9b6-456c-88a4-8d63be25c950,f89c597b-097d-4f1e-8bc4-5a4c0b16fb71,coder-01,81,2026-02-13 11:44:47.994,file_write,77,f
937f6e0f-7821-42de-a23b-164c155932a4,6f1d2123-e697-4e8a-8633-b4308b565ef5,coder-01,45,2026-02-13 11:44:47.999,file_write,83,f
8c2bac7c-7c97-444c-8793-c4a8b905fca0,3dd1bb00-9339-4be7-97ab-5bba3e98f695,coder-01,1,2026-02-13 11:44:48.006,file_write,89,f
03822341-315d-478e-9cd4-0a8f15ec07aa,5c4e8777-119d-41e3-acf0-411722b5a02c,coder-01,88,2026-02-13 11:44:51.362,shell_run,0,f
3e053c8f-0d59-4c04-9657-fffe232e847d,1012d0d2-dff7-467f-9a21-f8c7b0924075,coder-01,84,2026-02-13 11:44:51.369,shell_run,6,f
5c9cff4a-3f9e-4bf7-8707-ce5f3ff354a0,d1a3ab9b-4da3-4a08-859f-be8a200569b1,coder-01,120,2026-02-13 11:54:54.414,code_search,121,f
34f609e5-1de2-4c81-bae7-c536442f9d10,67a94aa5-3189-4c68-8566-6b8a4fae7546,coder-01,68,2026-02-13 11:44:51.387,shell_run,25,f
a74852e4-27ac-4dde-9c76-11bd6be70a07,6d5b4a6a-5aa8-4a3d-8f7a-cfea16412d2a,coder-01,67,2026-02-13 11:44:51.394,shell_run,32,f
ab9e0b14-ed5b-4d49-a27b-b0abd44b5b9a,f558af5d-25ba-479e-8e8b-90a8aaa1ce79,coder-01,68,2026-02-13 11:44:51.4,shell_run,38,f
1ddc3b92-c724-4ab3-9fe6-d327eca5f0af,c6f48a65-7b86-4956-b82d-dc010642d5e4,coder-01,64,2026-02-13 11:44:51.407,shell_run,45,f
57ac9661-5ad9-4e0a-8102-653f354eaed4,6f1d2123-e697-4e8a-8633-b4308b565ef5,coder-01,74,2026-02-13 11:44:51.414,shell_run,52,f
f744d4cf-a629-4c70-b44f-961e602f620b,83a0bbf4-d843-4f97-8b74-113188decd72,coder-01,48,2026-02-13 11:44:51.421,shell_run,59,f
1be24328-1da5-4b7a-b98b-ff6afcde1574,d1a3ab9b-4da3-4a08-859f-be8a200569b1,coder-01,64,2026-02-13 11:44:51.428,shell_run,66,f
9ac1c922-6dcb-4323-9615-928fdd85a388,f89c597b-097d-4f1e-8bc4-5a4c0b16fb71,coder-01,82,2026-02-13 11:44:51.435,shell_run,73,f
3a8bd444-120b-4e73-8995-09730d7aa442,6f1d2123-e697-4e8a-8633-b4308b565ef5,coder-01,46,2026-02-13 11:44:51.441,shell_run,79,f
b4ebb848-6d51-4260-b135-0c5d9513a069,3dd1bb00-9339-4be7-97ab-5bba3e98f695,coder-01,2,2026-02-13 11:44:51.448,shell_run,85,f
59751b4c-91a7-4184-9207-93cce2d19169,5c4e8777-119d-41e3-acf0-411722b5a02c,coder-01,89,2026-02-13 11:44:56.287,file_write,7,f
d7d4ec6a-bb7c-40ab-b739-05379d572092,1012d0d2-dff7-467f-9a21-f8c7b0924075,coder-01,85,2026-02-13 11:44:56.293,file_write,15,f
488d9500-2df8-4f85-8d39-ae754dd6d54d,6243144d-a5d2-4eeb-8994-390dc9a13e12,coder-01,97,2026-02-13 11:44:56.3,file_write,22,f
6920ee1b-d716-4b99-9a93-913f135511e8,eb17b408-aba9-4859-9bfa-5e89104bfffa,coder-01,76,2026-02-13 11:44:56.307,file_write,28,f
a02d3c2c-55f4-4850-80d8-4730f84aa1d1,67a94aa5-3189-4c68-8566-6b8a4fae7546,coder-01,69,2026-02-13 11:44:56.313,file_write,35,f
576a0ee8-4f55-4653-8fa8-34e965632c46,6d5b4a6a-5aa8-4a3d-8f7a-cfea16412d2a,coder-01,68,2026-02-13 11:44:56.322,file_write,44,f
10a5c433-6337-4602-9a9f-1d17e2657d4f,f558af5d-25ba-479e-8e8b-90a8aaa1ce79,coder-01,69,2026-02-13 11:44:56.33,file_write,52,f
996b82fd-4e7c-49b6-b4da-b39784527d48,c6f48a65-7b86-4956-b82d-dc010642d5e4,coder-01,65,2026-02-13 11:44:56.337,file_write,59,f
7501cc3b-c4ab-4c2d-ac4c-05724f630e5d,6f1d2123-e697-4e8a-8633-b4308b565ef5,coder-01,75,2026-02-13 11:44:56.345,file_write,67,f
a8efc782-1db9-4b58-bf41-7891c25e23f2,83a0bbf4-d843-4f97-8b74-113188decd72,coder-01,49,2026-02-13 11:44:56.352,file_write,74,f
534bfd63-7fcf-4fa0-96e7-8ab6ba64a930,d1a3ab9b-4da3-4a08-859f-be8a200569b1,coder-01,65,2026-02-13 11:44:56.357,file_write,78,f
588681d0-e759-4f42-9a28-707af4e1d5c4,f89c597b-097d-4f1e-8bc4-5a4c0b16fb71,coder-01,83,2026-02-13 11:44:56.362,file_write,84,f
ce49d330-b0bc-4480-a281-7315cc244422,6f1d2123-e697-4e8a-8633-b4308b565ef5,coder-01,47,2026-02-13 11:44:56.367,file_write,89,f
2b659b4d-e2c7-433c-90b1-33f2a73bcc51,3dd1bb00-9339-4be7-97ab-5bba3e98f695,coder-01,3,2026-02-13 11:44:56.372,file_write,94,f
f8520079-f998-4fee-8db5-bf213ddfbd7b,5c4e8777-119d-41e3-acf0-411722b5a02c,coder-01,90,2026-02-13 11:44:59.119,shell_run,48,f
c61470b6-d80a-46b7-bf65-1bab1b4d424b,1012d0d2-dff7-467f-9a21-f8c7b0924075,coder-01,86,2026-02-13 11:44:59.128,shell_run,57,f
120e3833-4969-4b3b-8c31-5ef23bfcfc34,6243144d-a5d2-4eeb-8994-390dc9a13e12,coder-01,98,2026-02-13 11:44:59.133,shell_run,62,f
9cdf39ce-b045-4dcf-9cc6-18296895abf5,eb17b408-aba9-4859-9bfa-5e89104bfffa,coder-01,77,2026-02-13 11:44:59.138,shell_run,67,f
be938fde-4446-4a2b-a100-c51fb21c1f93,67a94aa5-3189-4c68-8566-6b8a4fae7546,coder-01,70,2026-02-13 11:44:59.143,shell_run,72,f
939f88e2-323a-42f4-abf6-6e66b2ffa2a5,6d5b4a6a-5aa8-4a3d-8f7a-cfea16412d2a,coder-01,69,2026-02-13 11:44:59.148,shell_run,77,f
ee7035e4-2520-4c2b-8966-2c2c165a5f59,f558af5d-25ba-479e-8e8b-90a8aaa1ce79,coder-01,70,2026-02-13 11:44:59.154,shell_run,82,f
ab9eae10-3fe5-430b-b479-e2bf810e922e,c6f48a65-7b86-4956-b82d-dc010642d5e4,coder-01,66,2026-02-13 11:44:59.16,shell_run,89,f
94ab2054-3322-4ff1-b774-57675a8f1d70,6f1d2123-e697-4e8a-8633-b4308b565ef5,coder-01,76,2026-02-13 11:44:59.165,shell_run,94,f
e1731170-7caf-441b-89d9-cb62f71c89d0,83a0bbf4-d843-4f97-8b74-113188decd72,coder-01,50,2026-02-13 11:44:59.17,shell_run,99,f
96005056-a593-4dcb-b586-ffcb457deee1,d1a3ab9b-4da3-4a08-859f-be8a200569b1,coder-01,66,2026-02-13 11:44:59.178,shell_run,106,f
c574ec5a-f976-426d-8125-d4c3fc47a75d,f89c597b-097d-4f1e-8bc4-5a4c0b16fb71,coder-01,84,2026-02-13 11:44:59.183,shell_run,112,f
d57525b5-0d4a-4d6e-8c82-e4bd8a163d75,6f1d2123-e697-4e8a-8633-b4308b565ef5,coder-01,48,2026-02-13 11:44:59.188,shell_run,117,f
6ef13511-ffc4-4a6d-8102-8142520f4384,3dd1bb00-9339-4be7-97ab-5bba3e98f695,coder-01,4,2026-02-13 11:44:59.194,shell_run,123,f
6a7b6995-2b85-43ea-8eea-6669730f81ef,3dd1bb00-9339-4be7-97ab-5bba3e98f695,coder-01,5,2026-02-13 11:45:02.859,"the action to take, only one name of [file_read, file_write, file_edit, file_list, shell_run, code_search, find_file], just the name, exactly as it's written.",,f
13cbb1da-b779-4b20-8228-8b3096b1626b,3dd1bb00-9339-4be7-97ab-5bba3e98f695,coder-01,6,2026-02-13 11:45:02.866,unknown,,f
d5c83757-35b7-4d33-9479-9567a09dc036,5c4e8777-119d-41e3-acf0-411722b5a02c,coder-01,97,2026-02-13 11:46:03.945,file_write,4,f
084afa1a-fea7-4d98-9a62-777c8a3cb413,1012d0d2-dff7-467f-9a21-f8c7b0924075,coder-01,93,2026-02-13 11:46:03.958,file_write,19,f
d7e8ada1-7619-4ad8-88aa-82638391aeb3,6243144d-a5d2-4eeb-8994-390dc9a13e12,coder-01,105,2026-02-13 11:46:03.966,file_write,26,f
c39779fc-fc53-4889-96a4-c591eceb6112,eb17b408-aba9-4859-9bfa-5e89104bfffa,coder-01,84,2026-02-13 11:46:03.972,file_write,33,f
fe385485-fb09-482c-9c98-ebfd6b3c311d,67a94aa5-3189-4c68-8566-6b8a4fae7546,coder-01,77,2026-02-13 11:46:03.979,file_write,40,f
b665d5db-2a69-4f6d-9919-3afb57e2b5ea,6d5b4a6a-5aa8-4a3d-8f7a-cfea16412d2a,coder-01,76,2026-02-13 11:46:03.986,file_write,47,f
34593208-50af-4512-b9ba-475257e1c8b4,f558af5d-25ba-479e-8e8b-90a8aaa1ce79,coder-01,77,2026-02-13 11:46:03.993,file_write,54,f
b2f0cadc-ae46-490d-94eb-1ac7d16e797d,c6f48a65-7b86-4956-b82d-dc010642d5e4,coder-01,73,2026-02-13 11:46:04,file_write,61,f
435000d2-cb18-4872-8a4d-63400faed29e,6f1d2123-e697-4e8a-8633-b4308b565ef5,coder-01,83,2026-02-13 11:46:04.008,file_write,68,f
7d628ecd-03e2-47bb-8bdb-d950b0cda4b1,83a0bbf4-d843-4f97-8b74-113188decd72,coder-01,57,2026-02-13 11:46:04.015,file_write,76,f
f1b74175-d5f8-48f1-87c2-3231253f95e9,d1a3ab9b-4da3-4a08-859f-be8a200569b1,coder-01,73,2026-02-13 11:46:04.022,file_write,82,f
7eed2256-d972-46c9-8cb4-97b477c96461,f89c597b-097d-4f1e-8bc4-5a4c0b16fb71,coder-01,91,2026-02-13 11:46:04.029,file_write,90,f
80c041cf-e406-45b7-bf87-292c687aa692,6f1d2123-e697-4e8a-8633-b4308b565ef5,coder-01,55,2026-02-13 11:46:04.036,file_write,97,f
f75063bc-4420-47cf-b42b-b1416dbee46d,3dd1bb00-9339-4be7-97ab-5bba3e98f695,coder-01,13,2026-02-13 11:46:04.043,file_write,104,f
03e5c62d-92b1-4ba5-83a2-bb3a137dd918,269ba714-8324-432f-b2a3-b20bf11e1e33,coder-01,7,2026-02-13 11:46:04.05,file_write,111,f
7109470c-ccc6-4883-be72-c9d9fdf744b8,22ac8e2f-da14-498d-afe0-8a90443c4fe0,coder-01,6,2026-02-13 11:46:04.057,file_write,118,f
a5db3608-771d-4df7-b689-f6cff68eb282,5c4e8777-119d-41e3-acf0-411722b5a02c,coder-01,98,2026-02-13 11:46:08.671,shell_run,78,f
7af49631-322e-4136-a1da-23ac00f7e837,1012d0d2-dff7-467f-9a21-f8c7b0924075,coder-01,94,2026-02-13 11:46:08.681,shell_run,88,f
c7a0a71f-b9ae-4ddc-ab7f-eaf5d678dc88,6243144d-a5d2-4eeb-8994-390dc9a13e12,coder-01,106,2026-02-13 11:46:08.686,shell_run,93,f
3911d720-be8d-4304-9647-bd8d13b9eda2,eb17b408-aba9-4859-9bfa-5e89104bfffa,coder-01,85,2026-02-13 11:46:08.692,shell_run,99,f
53fbb0bf-96bf-4da0-a7b0-f48a6cc494c6,67a94aa5-3189-4c68-8566-6b8a4fae7546,coder-01,78,2026-02-13 11:46:08.697,shell_run,104,f
dcc7123a-f2a5-462b-ac1e-bec1783e373b,6d5b4a6a-5aa8-4a3d-8f7a-cfea16412d2a,coder-01,77,2026-02-13 11:46:08.702,shell_run,109,f
df02c88e-2751-4139-878b-4fc56477a58f,f558af5d-25ba-479e-8e8b-90a8aaa1ce79,coder-01,78,2026-02-13 11:46:08.709,shell_run,116,f
736a8ffa-9637-4e74-99d1-c54682717146,c6f48a65-7b86-4956-b82d-dc010642d5e4,coder-01,74,2026-02-13 11:46:08.714,shell_run,121,f
b7ec7746-3e3b-45be-8746-acec558e4002,6f1d2123-e697-4e8a-8633-b4308b565ef5,coder-01,84,2026-02-13 11:46:08.719,shell_run,126,f
96564231-fc52-454e-b13a-89f91e98238a,83a0bbf4-d843-4f97-8b74-113188decd72,coder-01,58,2026-02-13 11:46:08.724,shell_run,131,f
aa23bf58-0198-47fa-9a10-48bee73178f8,d1a3ab9b-4da3-4a08-859f-be8a200569b1,coder-01,74,2026-02-13 11:46:08.729,shell_run,137,f
7abc4578-46d9-49a0-883e-b1a388e67c0a,f89c597b-097d-4f1e-8bc4-5a4c0b16fb71,coder-01,92,2026-02-13 11:46:08.735,shell_run,142,f
711bae95-e37d-4984-bef8-174df7dd51e6,6f1d2123-e697-4e8a-8633-b4308b565ef5,coder-01,56,2026-02-13 11:46:08.74,shell_run,147,f
d68aa9b5-a0f9-4b6f-86f2-1c31be5c1a6b,3dd1bb00-9339-4be7-97ab-5bba3e98f695,coder-01,14,2026-02-13 11:46:08.745,shell_run,152,f
219c1068-9d8c-43c4-9b98-5fbe9e149c63,269ba714-8324-432f-b2a3-b20bf11e1e33,coder-01,8,2026-02-13 11:46:08.75,shell_run,157,f
a10a985d-94d7-459f-a7f8-3cf7f4ed6965,22ac8e2f-da14-498d-afe0-8a90443c4fe0,coder-01,7,2026-02-13 11:46:08.755,shell_run,162,f
4d39345d-ee81-4e31-923b-7525993fc0bf,22ac8e2f-da14-498d-afe0-8a90443c4fe0,coder-01,8,2026-02-13 11:46:14.178,"the action to take, only one name of [file_read, file_write, file_edit, file_list, shell_run, code_search, find_file], just the name, exactly as it's written.",,f
1155addc-d59d-428d-bd87-6c007187f044,22ac8e2f-da14-498d-afe0-8a90443c4fe0,coder-01,9,2026-02-13 11:46:14.185,unknown,,f
d703923d-8535-47e3-84f7-5b3db364eec7,22ac8e2f-da14-498d-afe0-8a90443c4fe0,coder-01,10,2026-02-13 11:46:14.192,"the action to take, only one name of [file_read, file_write, file_edit, file_list, shell_run, code_search, find_file], just the name, exactly as it's written.",,f
3214d3b7-699b-44a2-9ac7-90a255041b2b,22ac8e2f-da14-498d-afe0-8a90443c4fe0,coder-01,11,2026-02-13 11:46:14.198,unknown,,f
98d6e735-5535-406d-a2df-2e9a42e40f77,22ac8e2f-da14-498d-afe0-8a90443c4fe0,coder-01,12,2026-02-13 11:46:14.209,"the action to take, only one name of [file_read, file_write, file_edit, file_list, shell_run, code_search, find_file], just the name, exactly as it's written.",,f
0ca485cb-3cbb-4dfe-b202-c2de24440cb5,22ac8e2f-da14-498d-afe0-8a90443c4fe0,coder-01,13,2026-02-13 11:46:14.214,unknown,,f
7c477735-05cd-42c2-8d22-53941c902e2c,22ac8e2f-da14-498d-afe0-8a90443c4fe0,coder-01,14,2026-02-13 11:46:14.22,"the action to take, only one name of [file_read, file_write, file_edit, file_list, shell_run, code_search, find_file], just the name, exactly as it's written.",,f
76d983f0-9716-4aca-971a-d8cb52a2bc1d,22ac8e2f-da14-498d-afe0-8a90443c4fe0,coder-01,15,2026-02-13 11:46:14.226,unknown,,f
c8185d3c-79d0-4095-a406-35e117187c0b,22ac8e2f-da14-498d-afe0-8a90443c4fe0,coder-01,1,2026-02-13 11:46:14.231,file_write,40,f
c494aa1c-abc6-46b9-9b7a-65514950be95,22ac8e2f-da14-498d-afe0-8a90443c4fe0,coder-01,2,2026-02-13 11:46:14.237,shell_run,28,f
faaaaa99-d8ad-4613-bea9-317003273359,22ac8e2f-da14-498d-afe0-8a90443c4fe0,coder-01,3,2026-02-13 11:46:14.242,file_edit,46,f
1663323c-ea48-48b7-a75f-e7e41a649366,22ac8e2f-da14-498d-afe0-8a90443c4fe0,coder-01,4,2026-02-13 11:46:14.247,file_read,37,f
d3a2dbe1-a849-4c8f-b7d5-4722c5fcb8fb,22ac8e2f-da14-498d-afe0-8a90443c4fe0,coder-01,5,2026-02-13 11:46:14.252,file_edit,40,f
ef1ad85c-438c-43e3-9fde-37c365d88556,911cf95c-65d0-4a50-b75d-bfc9021c5fc2,coder-01,13,2026-02-13 12:04:43.834,code_search,735,f
2d16c0f7-0b67-4842-b9a0-66abcb9fdcb6,6fb4500c-c316-4f3e-a7fd-c4b49f63def0,coder-01,102,2026-02-13 12:06:28.471,file_write,118,f
09d9717d-06e8-49db-a817-8037d1cccc85,9dfb7c24-167b-482f-a929-22211c91e398,coder-01,98,2026-02-13 12:06:28.477,file_write,123,f
8005c7c5-83f1-467d-aad5-89fe084800e0,b6a07738-f434-47d5-b2c8-73d6208fb99e,coder-01,91,2026-02-13 12:06:28.483,file_write,129,f
ba264b27-986e-4c26-9a60-05dc1bf8ecab,c709783c-1f03-4937-9b49-fdd6f3c2fcb3,coder-01,94,2026-02-13 12:06:28.488,file_write,135,f
d4f64de3-6ec9-4fbf-ac24-fdd5dabea958,c544138c-7b9c-4074-9390-7563f48d3dfd,coder-01,86,2026-02-13 12:06:28.493,file_write,140,f
2e6acd5f-d41a-4e3a-8386-882a0409bf27,a616133e-d0c0-4cf0-b366-8ad458906eb2,coder-01,81,2026-02-13 12:06:28.498,file_write,144,f
a9b92fd1-7c65-48a4-92ba-acb05974b1fe,e5d0cdaa-0921-42ae-b7ea-d83faeb4156e,coder-01,96,2026-02-13 12:06:28.503,file_write,150,f
21f70f6d-6362-42e3-a862-dba091480a1a,d7dc224c-013a-4cc1-98e8-a39f062f266b,coder-01,92,2026-02-13 12:06:28.509,file_write,155,f
78a6dd6b-9406-4edf-a229-8a5bfa8d3cf2,69d8d66c-77b2-4250-9dc8-c52fbbe15c67,coder-01,73,2026-02-13 12:06:28.515,file_write,161,f
6e27a394-2863-4673-bd21-a31068fd8650,bd725b15-8f05-48c1-86ee-566821f22c69,coder-01,67,2026-02-13 12:06:28.521,file_write,167,f
465c8a37-bed7-486d-9459-ad87591a706a,d7dc224c-013a-4cc1-98e8-a39f062f266b,coder-01,63,2026-02-13 12:06:28.526,file_write,172,f
5ee0610e-a621-4023-ace9-0182e4846b39,e98343a8-9d76-42f9-9b00-8807c9a75699,coder-01,67,2026-02-13 12:06:28.532,file_write,178,f
b68f5662-12fb-4180-a8cc-e5f041a1e6a0,77dc4b56-eb73-4241-b51c-290cbb175d6a,coder-01,50,2026-02-13 12:06:28.537,file_write,184,f
1b514e24-6258-47c5-bc63-ab83d96ec277,77dc4b56-eb73-4241-b51c-290cbb175d6a,coder-01,65,2026-02-13 12:06:28.543,file_write,189,f
34d36c7c-bcac-45ef-aca2-08614c94f194,ba8a1da7-2c5d-43d7-bd94-14f808a1c77e,coder-01,57,2026-02-13 12:06:28.548,file_write,194,f
2211ffa4-9cce-49f4-b4b9-35b906b20503,476561aa-39d6-444e-a0b1-f0888b9ddb4c,coder-01,32,2026-02-13 12:06:28.554,file_write,200,f
7c289190-967d-4d93-a3a3-a998019712fd,103a6302-b032-460d-a216-d9845407b8ce,coder-01,27,2026-02-13 12:06:28.559,file_write,206,f
46d6d856-2276-4751-a69c-617df622ef27,6790e431-4fc3-4003-a73d-2cac2f38c999,coder-01,21,2026-02-13 12:06:28.566,file_write,212,f
a6d4a264-765b-458f-9ef2-6240a57b83b9,5c4e8777-119d-41e3-acf0-411722b5a02c,coder-01,99,2026-02-13 11:46:16.935,file_write,9,f
225a46ce-4c13-4660-af87-191c62719970,1012d0d2-dff7-467f-9a21-f8c7b0924075,coder-01,95,2026-02-13 11:46:16.941,file_write,15,f
54f11259-345e-41b2-8f11-781c2fcee025,6243144d-a5d2-4eeb-8994-390dc9a13e12,coder-01,107,2026-02-13 11:46:16.947,file_write,21,f
1d365488-7c15-45c0-b12f-3b642ecbceb4,eb17b408-aba9-4859-9bfa-5e89104bfffa,coder-01,86,2026-02-13 11:46:16.953,file_write,27,f
70893171-5af7-4658-8b83-a75604a785a7,67a94aa5-3189-4c68-8566-6b8a4fae7546,coder-01,79,2026-02-13 11:46:16.959,file_write,33,f
c5dec6d3-187a-43bd-91f8-058ebe010f94,6d5b4a6a-5aa8-4a3d-8f7a-cfea16412d2a,coder-01,78,2026-02-13 11:46:16.965,file_write,39,f
caa3b3d3-b3d9-4c6e-9ec5-d7a98dc9adc0,f558af5d-25ba-479e-8e8b-90a8aaa1ce79,coder-01,79,2026-02-13 11:46:16.971,file_write,45,f
46b5e063-3124-4ade-be1f-c000c387c3a2,c6f48a65-7b86-4956-b82d-dc010642d5e4,coder-01,75,2026-02-13 11:46:16.977,file_write,51,f
7c8de215-dc90-42f4-b2cb-7b59fb68061a,6f1d2123-e697-4e8a-8633-b4308b565ef5,coder-01,85,2026-02-13 11:46:16.983,file_write,57,f
87784a1b-4dd4-48af-8357-a42a0937076f,83a0bbf4-d843-4f97-8b74-113188decd72,coder-01,59,2026-02-13 11:46:16.988,file_write,63,f
9fa11f8e-d8f5-4c17-8211-851288dc506f,d1a3ab9b-4da3-4a08-859f-be8a200569b1,coder-01,75,2026-02-13 11:46:16.995,file_write,69,f
49577676-bfc0-4c05-a8b2-be1bbbc3f6e9,f89c597b-097d-4f1e-8bc4-5a4c0b16fb71,coder-01,93,2026-02-13 11:46:17.001,file_write,74,f
cc5e2414-bd13-4730-b3a2-8e204ebdf527,6f1d2123-e697-4e8a-8633-b4308b565ef5,coder-01,57,2026-02-13 11:46:17.007,file_write,81,f
07450c12-fee5-4b60-86f0-db641d2a1db6,3dd1bb00-9339-4be7-97ab-5bba3e98f695,coder-01,15,2026-02-13 11:46:17.013,file_write,87,f
be25229d-c8db-4caf-9534-650147d0d158,269ba714-8324-432f-b2a3-b20bf11e1e33,coder-01,9,2026-02-13 11:46:17.019,file_write,93,f
6608b0c2-880b-41e0-b5ce-12ae376c3799,22ac8e2f-da14-498d-afe0-8a90443c4fe0,coder-01,16,2026-02-13 11:46:17.025,file_write,99,f
681f8ccf-806a-4697-ace7-d36ea33e5aef,6fb4500c-c316-4f3e-a7fd-c4b49f63def0,coder-01,1,2026-02-13 11:46:17.03,file_write,105,f
8ebe7eea-9993-4c82-9a2f-bdff28eb3489,5c4e8777-119d-41e3-acf0-411722b5a02c,coder-01,100,2026-02-13 11:46:18.95,shell_run,0,f
01952e32-3602-4b34-91ee-3975dc40b5f0,1012d0d2-dff7-467f-9a21-f8c7b0924075,coder-01,96,2026-02-13 11:46:18.96,shell_run,10,f
48576c27-28ae-441b-ac24-4f99a1aa0d37,6243144d-a5d2-4eeb-8994-390dc9a13e12,coder-01,108,2026-02-13 11:46:18.966,shell_run,16,f
5e2e2465-e9c7-4b50-9149-5d114a0e8e34,eb17b408-aba9-4859-9bfa-5e89104bfffa,coder-01,87,2026-02-13 11:46:18.972,shell_run,22,f
da0fb3e1-977f-4a65-b32c-af5314554f8f,67a94aa5-3189-4c68-8566-6b8a4fae7546,coder-01,80,2026-02-13 11:46:18.978,shell_run,28,f
5808e01c-5108-40e9-8662-dd3df91f2eb4,6d5b4a6a-5aa8-4a3d-8f7a-cfea16412d2a,coder-01,79,2026-02-13 11:46:18.984,shell_run,34,f
fc866865-6461-4084-98a8-cc375d1a3fee,f558af5d-25ba-479e-8e8b-90a8aaa1ce79,coder-01,80,2026-02-13 11:46:18.989,shell_run,40,f
5abbf735-ff94-4e11-802f-98a44034fab9,c6f48a65-7b86-4956-b82d-dc010642d5e4,coder-01,76,2026-02-13 11:46:18.995,shell_run,46,f
e3221750-96f7-45da-84ae-5c7833f94d63,6f1d2123-e697-4e8a-8633-b4308b565ef5,coder-01,86,2026-02-13 11:46:19.001,shell_run,51,f
110067ab-ece0-4ce3-aa76-e3e1efe9935c,83a0bbf4-d843-4f97-8b74-113188decd72,coder-01,60,2026-02-13 11:46:19.007,shell_run,57,f
79a4a90c-b7e8-49a6-98bb-aac1e0e00d90,d1a3ab9b-4da3-4a08-859f-be8a200569b1,coder-01,76,2026-02-13 11:46:19.013,shell_run,63,f
c99c0196-f1bb-4c12-8489-3a9f32621995,f89c597b-097d-4f1e-8bc4-5a4c0b16fb71,coder-01,94,2026-02-13 11:46:19.019,shell_run,69,f
fa1fc949-7901-4bbd-8644-fef098a11166,6f1d2123-e697-4e8a-8633-b4308b565ef5,coder-01,58,2026-02-13 11:46:19.025,shell_run,75,f
c66be36c-9e06-4e6a-88c3-353c0356d860,3dd1bb00-9339-4be7-97ab-5bba3e98f695,coder-01,16,2026-02-13 11:46:19.031,shell_run,81,f
76b1bb26-e0dd-40e7-9a14-5c1f16b71486,269ba714-8324-432f-b2a3-b20bf11e1e33,coder-01,10,2026-02-13 11:46:19.037,shell_run,87,f
39326742-e0e0-4674-9593-648789242377,22ac8e2f-da14-498d-afe0-8a90443c4fe0,coder-01,17,2026-02-13 11:46:19.043,shell_run,94,f
9ec717e8-71af-45bd-981d-9c396ed2aa04,6fb4500c-c316-4f3e-a7fd-c4b49f63def0,coder-01,2,2026-02-13 11:46:19.049,shell_run,100,f
f62a3d6c-5235-4827-ab38-81425565feb3,5c4e8777-119d-41e3-acf0-411722b5a02c,coder-01,101,2026-02-13 11:46:23.109,file_write,8,f
0ea45ab5-8350-4c86-8638-1fcbd2f67bdd,1012d0d2-dff7-467f-9a21-f8c7b0924075,coder-01,97,2026-02-13 11:46:23.119,file_write,19,f
8e3a552d-20dc-42f5-b737-bb9ba7a0a5e6,6243144d-a5d2-4eeb-8994-390dc9a13e12,coder-01,109,2026-02-13 11:46:23.125,file_write,25,f
cce2cf07-124b-4ed5-8273-56ca7dee4b0d,eb17b408-aba9-4859-9bfa-5e89104bfffa,coder-01,88,2026-02-13 11:46:23.132,file_write,31,f
76f18514-8f8b-40fb-8de3-261ed10b3dba,67a94aa5-3189-4c68-8566-6b8a4fae7546,coder-01,81,2026-02-13 11:46:23.139,file_write,38,f
d2c17a71-fd9e-472a-be36-ed5584817827,6d5b4a6a-5aa8-4a3d-8f7a-cfea16412d2a,coder-01,80,2026-02-13 11:46:23.146,file_write,45,f
9e6bb924-40bd-46fb-8b89-8cf5884aa42a,f558af5d-25ba-479e-8e8b-90a8aaa1ce79,coder-01,81,2026-02-13 11:46:23.154,file_write,53,f
199b0c0e-c7e4-45f4-baed-d2f1b3b61ff3,c6f48a65-7b86-4956-b82d-dc010642d5e4,coder-01,77,2026-02-13 11:46:23.161,file_write,60,f
cb2ea4dc-36e2-4451-8739-6d9bf964cc6a,6f1d2123-e697-4e8a-8633-b4308b565ef5,coder-01,87,2026-02-13 11:46:23.168,file_write,68,f
c2662a34-528a-440c-bbe9-668457665fd5,83a0bbf4-d843-4f97-8b74-113188decd72,coder-01,61,2026-02-13 11:46:23.175,file_write,74,f
d5a7d751-f9fc-4ad0-a713-95fa1489a737,5c4e8777-119d-41e3-acf0-411722b5a02c,coder-01,115,2026-02-13 11:47:36.363,file_write,7,f
1091da8a-0070-4699-bd36-c03b30c99aa5,d1a3ab9b-4da3-4a08-859f-be8a200569b1,coder-01,77,2026-02-13 11:46:23.18,file_write,79,f
844a5dc5-b25b-4c5b-a917-76b02639b81d,f89c597b-097d-4f1e-8bc4-5a4c0b16fb71,coder-01,95,2026-02-13 11:46:23.185,file_write,84,f
8d17e6ae-9507-4145-b4cc-b2dd3f067a75,6f1d2123-e697-4e8a-8633-b4308b565ef5,coder-01,59,2026-02-13 11:46:23.19,file_write,90,f
ff184638-1fb6-480b-8f9f-68f9f6641f02,3dd1bb00-9339-4be7-97ab-5bba3e98f695,coder-01,17,2026-02-13 11:46:23.196,file_write,95,f
4fcef6b8-0741-45bf-a4e5-c238afcf92d5,269ba714-8324-432f-b2a3-b20bf11e1e33,coder-01,11,2026-02-13 11:46:23.201,file_write,100,f
eea584e2-e55e-4ec6-9b42-481382f63e5c,22ac8e2f-da14-498d-afe0-8a90443c4fe0,coder-01,18,2026-02-13 11:46:23.206,file_write,105,f
09536f57-8ff1-4bef-8bcb-71dbb1f21e8f,6fb4500c-c316-4f3e-a7fd-c4b49f63def0,coder-01,3,2026-02-13 11:46:23.212,file_write,110,f
60042d14-181f-4b99-a262-5e5f6e108247,5c4e8777-119d-41e3-acf0-411722b5a02c,coder-01,102,2026-02-13 11:46:25.513,shell_run,48,f
e481dcb7-bf1f-4b4a-967c-ce6c33902264,1012d0d2-dff7-467f-9a21-f8c7b0924075,coder-01,98,2026-02-13 11:46:25.523,shell_run,58,f
acd57fcf-e510-4434-b626-8d2334f84c8b,6243144d-a5d2-4eeb-8994-390dc9a13e12,coder-01,110,2026-02-13 11:46:25.528,shell_run,64,f
d8cf4ae2-1359-439d-a4d9-46d431ed2959,5c4e8777-119d-41e3-acf0-411722b5a02c,coder-01,111,2026-02-13 11:47:06.733,file_write,9,f
de5e7f25-89a7-443f-b2d4-7631540daad1,1012d0d2-dff7-467f-9a21-f8c7b0924075,coder-01,107,2026-02-13 11:47:06.744,file_write,19,f
443579a8-9f2a-40e2-bd6b-794d0f0b6d89,6243144d-a5d2-4eeb-8994-390dc9a13e12,coder-01,119,2026-02-13 11:47:06.749,file_write,25,f
454d7477-fa4f-4536-a7cf-720033e1a55a,eb17b408-aba9-4859-9bfa-5e89104bfffa,coder-01,98,2026-02-13 11:47:06.755,file_write,31,f
edc94f24-caa0-4338-8bde-2a14197d113d,67a94aa5-3189-4c68-8566-6b8a4fae7546,coder-01,91,2026-02-13 11:47:06.762,file_write,37,f
e7251ad1-edaf-4cbb-bd05-367bc1e16395,6d5b4a6a-5aa8-4a3d-8f7a-cfea16412d2a,coder-01,90,2026-02-13 11:47:06.767,file_write,43,f
7ddbee16-100e-4f76-9d6e-960fc07944ce,f558af5d-25ba-479e-8e8b-90a8aaa1ce79,coder-01,91,2026-02-13 11:47:06.773,file_write,49,f
d7725f81-338e-43bd-bac3-e28a60eb9bf3,ca91b666-1665-4e4a-ae0a-c66abd413953,coder-01,13,2026-02-13 13:07:49.166,shell_run,170,f
b415ced1-2648-4805-b88e-46927469be8f,c6f48a65-7b86-4956-b82d-dc010642d5e4,coder-01,87,2026-02-13 11:47:06.779,file_write,55,f
e5b608de-95cb-4379-b23d-6cee1cb06dca,6f1d2123-e697-4e8a-8633-b4308b565ef5,coder-01,97,2026-02-13 11:47:06.787,file_write,63,f
bc31bd43-2671-44ee-bdbe-d869006ad6b8,83a0bbf4-d843-4f97-8b74-113188decd72,coder-01,71,2026-02-13 11:47:06.793,file_write,69,f
0d29aebc-d336-46da-a9fd-6730e1a7da58,d1a3ab9b-4da3-4a08-859f-be8a200569b1,coder-01,87,2026-02-13 11:47:06.799,file_write,75,f
ec4acea5-13a3-44e6-8f35-318af94b598b,f89c597b-097d-4f1e-8bc4-5a4c0b16fb71,coder-01,105,2026-02-13 11:47:06.805,file_write,81,f
7a559d52-f3e4-4eb8-8cea-142080e5ac38,6f1d2123-e697-4e8a-8633-b4308b565ef5,coder-01,69,2026-02-13 11:47:06.811,file_write,87,f
03f783da-caf8-42d6-a9d7-c22249adfd79,3dd1bb00-9339-4be7-97ab-5bba3e98f695,coder-01,27,2026-02-13 11:47:06.817,file_write,93,f
5e8a5440-518f-4ab1-b8f5-b8a285b8494f,269ba714-8324-432f-b2a3-b20bf11e1e33,coder-01,21,2026-02-13 11:47:06.823,file_write,98,f
158147a3-ebd8-4f40-8195-5d7851162051,22ac8e2f-da14-498d-afe0-8a90443c4fe0,coder-01,28,2026-02-13 11:47:06.828,file_write,104,f
742bc97d-9188-4d42-a70a-ab3d162c2e3f,6fb4500c-c316-4f3e-a7fd-c4b49f63def0,coder-01,15,2026-02-13 11:47:06.834,file_write,110,f
16800d13-0dd6-4599-9d0c-7a4a6e4fed44,9dfb7c24-167b-482f-a929-22211c91e398,coder-01,11,2026-02-13 11:47:06.84,file_write,115,f
b423acd2-a903-47cf-a48b-5417c22a9c40,b6a07738-f434-47d5-b2c8-73d6208fb99e,coder-01,4,2026-02-13 11:47:06.845,file_write,121,f
5b04cae5-773b-4d98-b92b-9f9a10006bb8,c709783c-1f03-4937-9b49-fdd6f3c2fcb3,coder-01,3,2026-02-13 11:47:06.851,file_write,126,f
3b9e56ab-721a-4dff-935c-01ddb819a85f,5c4e8777-119d-41e3-acf0-411722b5a02c,coder-01,112,2026-02-13 11:47:09.541,shell_run,0,f
d93a10b6-ff5c-4e32-a94e-22f66f0cef2e,1012d0d2-dff7-467f-9a21-f8c7b0924075,coder-01,108,2026-02-13 11:47:09.552,shell_run,13,f
e25ab49d-045d-4d3c-80e1-e9ced5d7c31e,6243144d-a5d2-4eeb-8994-390dc9a13e12,coder-01,120,2026-02-13 11:47:09.558,shell_run,19,f
d95ca411-8c53-470e-bf52-6e50d3ca320c,eb17b408-aba9-4859-9bfa-5e89104bfffa,coder-01,99,2026-02-13 11:47:09.564,shell_run,25,f
93f8e674-a6cb-4525-9e65-9773668f02d6,67a94aa5-3189-4c68-8566-6b8a4fae7546,coder-01,92,2026-02-13 11:47:09.57,shell_run,31,f
3c41783f-2543-4eb5-ada3-5297a76249c2,6d5b4a6a-5aa8-4a3d-8f7a-cfea16412d2a,coder-01,91,2026-02-13 11:47:09.576,shell_run,37,f
ae8ab7c4-9172-4cb1-a916-ceb1cb34a79d,f558af5d-25ba-479e-8e8b-90a8aaa1ce79,coder-01,92,2026-02-13 11:47:09.583,shell_run,44,f
e7c38899-e0b2-4706-ba5f-002af70106c7,c6f48a65-7b86-4956-b82d-dc010642d5e4,coder-01,88,2026-02-13 11:47:09.589,shell_run,50,f
133b371c-9c9d-4999-97e2-371d358a95db,6f1d2123-e697-4e8a-8633-b4308b565ef5,coder-01,98,2026-02-13 11:47:09.595,shell_run,56,f
d54b3388-46d6-485d-9648-e093826c4a50,83a0bbf4-d843-4f97-8b74-113188decd72,coder-01,72,2026-02-13 11:47:09.601,shell_run,62,f
e7ff40b1-5bd7-4652-8083-18e1dd96f347,d1a3ab9b-4da3-4a08-859f-be8a200569b1,coder-01,88,2026-02-13 11:47:09.607,shell_run,68,f
9c10ec8d-beae-420a-a7e2-e2bf84201462,f89c597b-097d-4f1e-8bc4-5a4c0b16fb71,coder-01,106,2026-02-13 11:47:09.613,shell_run,73,f
24a1aa5c-d8d4-4f73-8067-eedca5c812b5,6f1d2123-e697-4e8a-8633-b4308b565ef5,coder-01,70,2026-02-13 11:47:09.619,shell_run,79,f
76058182-3db0-4a11-a13a-cbb625d597a2,3dd1bb00-9339-4be7-97ab-5bba3e98f695,coder-01,28,2026-02-13 11:47:09.625,shell_run,85,f
b741651b-3216-4755-900d-6d41e998aebc,269ba714-8324-432f-b2a3-b20bf11e1e33,coder-01,22,2026-02-13 11:47:09.631,shell_run,91,f
26a71e03-04bd-4d26-95b3-ab14b63c0750,22ac8e2f-da14-498d-afe0-8a90443c4fe0,coder-01,29,2026-02-13 11:47:09.637,shell_run,98,f
52e52061-1ebf-4960-8f1d-f383381635d8,6fb4500c-c316-4f3e-a7fd-c4b49f63def0,coder-01,16,2026-02-13 11:47:09.643,shell_run,104,f
0ee99ca5-21d0-42fd-b87e-a44f78fa3359,9dfb7c24-167b-482f-a929-22211c91e398,coder-01,12,2026-02-13 11:47:09.65,shell_run,110,f
8b579f89-8174-410b-89cc-bcada52050ef,b6a07738-f434-47d5-b2c8-73d6208fb99e,coder-01,5,2026-02-13 11:47:09.657,shell_run,117,f
d463ef92-1c3c-4354-9d76-db963859ae40,c709783c-1f03-4937-9b49-fdd6f3c2fcb3,coder-01,4,2026-02-13 11:47:09.664,shell_run,125,f
65ba3f31-8fda-415a-ad78-9cb1813d29ee,1012d0d2-dff7-467f-9a21-f8c7b0924075,coder-01,111,2026-02-13 11:47:36.373,file_write,17,f
a73a4172-7e88-4d74-8c41-0cf7a84b3818,5c4e8777-119d-41e3-acf0-411722b5a02c,coder-01,113,2026-02-13 11:47:13.488,file_write,9,f
a82114cc-b541-4ca6-a39b-865e02ec9680,1012d0d2-dff7-467f-9a21-f8c7b0924075,coder-01,109,2026-02-13 11:47:13.499,file_write,20,f
09ba502a-d2b2-47dd-87c7-d9543d50f561,6243144d-a5d2-4eeb-8994-390dc9a13e12,coder-01,121,2026-02-13 11:47:13.505,file_write,26,f
9f010f39-219f-4297-aa94-cd65cb20d993,eb17b408-aba9-4859-9bfa-5e89104bfffa,coder-01,100,2026-02-13 11:47:13.511,file_write,33,f
bc8c8468-03f2-4430-9e87-91bb1d2f4e17,67a94aa5-3189-4c68-8566-6b8a4fae7546,coder-01,93,2026-02-13 11:47:13.518,file_write,39,f
86bed37e-b067-4e11-a863-defb30783310,6d5b4a6a-5aa8-4a3d-8f7a-cfea16412d2a,coder-01,92,2026-02-13 11:47:13.524,file_write,45,f
b812324b-0e9e-4ae1-9d50-bbbce4c60969,f558af5d-25ba-479e-8e8b-90a8aaa1ce79,coder-01,93,2026-02-13 11:47:13.53,file_write,52,f
2e4a9351-33b4-4d0a-881c-4509128c518a,c6f48a65-7b86-4956-b82d-dc010642d5e4,coder-01,89,2026-02-13 11:47:13.537,file_write,58,f
d57d5410-6ee7-40c8-9fbe-57bdc1aff7f6,6f1d2123-e697-4e8a-8633-b4308b565ef5,coder-01,99,2026-02-13 11:47:13.543,file_write,65,f
2bb59d75-26ab-45a6-b2a5-fa4ca1084217,83a0bbf4-d843-4f97-8b74-113188decd72,coder-01,73,2026-02-13 11:47:13.55,file_write,72,f
bdeaa453-acce-4361-a610-e6cf0f77d4e6,d1a3ab9b-4da3-4a08-859f-be8a200569b1,coder-01,89,2026-02-13 11:47:13.557,file_write,78,f
b94545c6-8ee0-4e14-869f-063e0ac28208,f89c597b-097d-4f1e-8bc4-5a4c0b16fb71,coder-01,107,2026-02-13 11:47:13.563,file_write,85,f
2597711c-878e-457e-98e6-bee2bb9240ea,6f1d2123-e697-4e8a-8633-b4308b565ef5,coder-01,71,2026-02-13 11:47:13.569,file_write,91,f
53daf991-0f58-4d4b-91ef-6e89fff33309,3dd1bb00-9339-4be7-97ab-5bba3e98f695,coder-01,29,2026-02-13 11:47:13.576,file_write,97,f
51f42193-716f-496d-bb52-5f188537cf93,269ba714-8324-432f-b2a3-b20bf11e1e33,coder-01,23,2026-02-13 11:47:13.582,file_write,104,f
7b1edf95-cd28-459f-8b29-91c4af3a5a53,22ac8e2f-da14-498d-afe0-8a90443c4fe0,coder-01,30,2026-02-13 11:47:13.589,file_write,110,f
55e9d208-e63e-423c-983b-9c4c9621ba20,6fb4500c-c316-4f3e-a7fd-c4b49f63def0,coder-01,17,2026-02-13 11:47:13.595,file_write,117,f
32ad30b1-867a-46ff-a13f-fe349ad03c67,9dfb7c24-167b-482f-a929-22211c91e398,coder-01,13,2026-02-13 11:47:13.602,file_write,123,f
36a6d09c-cd80-44e7-b131-40fda03b0428,b6a07738-f434-47d5-b2c8-73d6208fb99e,coder-01,6,2026-02-13 11:47:13.608,file_write,129,f
b1f971af-79c6-485e-8ca4-e597ce84da76,c709783c-1f03-4937-9b49-fdd6f3c2fcb3,coder-01,5,2026-02-13 11:47:13.616,file_write,138,f
5d5d78d8-84f5-49e1-812a-20ee0e4c0aa4,5c4e8777-119d-41e3-acf0-411722b5a02c,coder-01,114,2026-02-13 11:47:16.69,shell_run,1287,f
fd613458-1a80-430e-b74b-ff30318eee3a,1012d0d2-dff7-467f-9a21-f8c7b0924075,coder-01,110,2026-02-13 11:47:16.696,shell_run,1294,f
2c110b44-378b-4216-a8c1-5ac8cbacd361,6243144d-a5d2-4eeb-8994-390dc9a13e12,coder-01,122,2026-02-13 11:47:16.702,shell_run,1299,f
4d525346-d75e-4a5b-99cf-a615cf070dce,eb17b408-aba9-4859-9bfa-5e89104bfffa,coder-01,101,2026-02-13 11:47:16.707,shell_run,1305,f
4202264a-9b62-407a-a755-65c46a365e1a,67a94aa5-3189-4c68-8566-6b8a4fae7546,coder-01,94,2026-02-13 11:47:16.713,shell_run,1310,f
db02e32c-8694-4620-9e9b-5724d029211c,6d5b4a6a-5aa8-4a3d-8f7a-cfea16412d2a,coder-01,93,2026-02-13 11:47:16.718,shell_run,1315,f
0ec6155d-f498-493f-a231-c4bc6fd14eb4,f558af5d-25ba-479e-8e8b-90a8aaa1ce79,coder-01,94,2026-02-13 11:47:16.723,shell_run,1320,f
3dab25b0-a7a0-4b61-a594-1ec8cfe11694,c6f48a65-7b86-4956-b82d-dc010642d5e4,coder-01,90,2026-02-13 11:47:16.728,shell_run,1325,f
1c1bcb60-d493-47ee-bd37-84cf2f85e829,6f1d2123-e697-4e8a-8633-b4308b565ef5,coder-01,100,2026-02-13 11:47:16.733,shell_run,1330,f
fab2b51a-1614-4a30-9601-b3f93273d2a6,83a0bbf4-d843-4f97-8b74-113188decd72,coder-01,74,2026-02-13 11:47:16.738,shell_run,1335,f
64dbe49a-336b-43fa-9c86-52e322f7dca5,d1a3ab9b-4da3-4a08-859f-be8a200569b1,coder-01,90,2026-02-13 11:47:16.743,shell_run,1341,f
761a035f-0566-4123-b5fe-3456cb09f7f7,f89c597b-097d-4f1e-8bc4-5a4c0b16fb71,coder-01,108,2026-02-13 11:47:16.749,shell_run,1346,f
49af2ac0-5da4-4653-a725-cb1200241f75,6f1d2123-e697-4e8a-8633-b4308b565ef5,coder-01,72,2026-02-13 11:47:16.755,shell_run,1353,f
3917c8d0-606d-464e-8305-f46d568b6037,3dd1bb00-9339-4be7-97ab-5bba3e98f695,coder-01,30,2026-02-13 11:47:16.761,shell_run,1358,f
61e41d3e-88a4-47b9-add0-507a050a5f3c,269ba714-8324-432f-b2a3-b20bf11e1e33,coder-01,24,2026-02-13 11:47:16.767,shell_run,1364,f
6a45649a-6c80-4cd0-a61a-785c1a130883,22ac8e2f-da14-498d-afe0-8a90443c4fe0,coder-01,31,2026-02-13 11:47:16.773,shell_run,1370,f
98d44602-5064-4199-9824-48848a37771f,6243144d-a5d2-4eeb-8994-390dc9a13e12,coder-01,123,2026-02-13 11:47:36.378,file_write,22,f
da8b753b-168c-4c20-a1bc-2b27c49c8b6d,6fb4500c-c316-4f3e-a7fd-c4b49f63def0,coder-01,18,2026-02-13 11:47:16.778,shell_run,1375,f
0c2a51de-d13c-44e6-9684-cabba7c1b82c,9dfb7c24-167b-482f-a929-22211c91e398,coder-01,14,2026-02-13 11:47:16.783,shell_run,1380,f
b308e654-d6b2-4583-8351-9bf91c12a34b,b6a07738-f434-47d5-b2c8-73d6208fb99e,coder-01,7,2026-02-13 11:47:16.788,shell_run,1386,f
176c061f-9f12-4f25-bbfd-1d50d6623690,c709783c-1f03-4937-9b49-fdd6f3c2fcb3,coder-01,6,2026-02-13 11:47:16.793,shell_run,1391,f
40d76819-6cb0-41a0-a0a3-65c9afbf1c70,c709783c-1f03-4937-9b49-fdd6f3c2fcb3,coder-01,7,2026-02-13 11:47:22.177,"the action to take, only one name of [file_read, file_write, file_edit, file_list, shell_run, code_search, find_file], just the name, exactly as it's written.",,f
41c23a13-e71c-4c8f-b721-f72fd6634137,c709783c-1f03-4937-9b49-fdd6f3c2fcb3,coder-01,8,2026-02-13 11:47:22.184,unknown,,f
580efaf3-9edd-4a4a-a3ae-18f5f4b7d38d,c709783c-1f03-4937-9b49-fdd6f3c2fcb3,coder-01,9,2026-02-13 11:47:22.192,"the action to take, only one name of [file_read, file_write, file_edit, file_list, shell_run, code_search, find_file], just the name, exactly as it's written.",,f
d4010a0c-5a02-4f29-9ad9-bf75254c0b8d,c709783c-1f03-4937-9b49-fdd6f3c2fcb3,coder-01,10,2026-02-13 11:47:22.199,unknown,,f
55eeafb8-cfa6-4521-9a46-688d503d33b7,c709783c-1f03-4937-9b49-fdd6f3c2fcb3,coder-01,1,2026-02-13 11:47:22.206,file_write,48,f
0562e811-efd6-473f-9cee-c5b235843c72,c709783c-1f03-4937-9b49-fdd6f3c2fcb3,coder-01,2,2026-02-13 11:47:22.212,shell_run,45,f
88edae55-f001-4899-96d6-ea9b10e7c005,5c4e8777-119d-41e3-acf0-411722b5a02c,coder-01,197,2026-02-13 12:05:58.177,shell_run,22,f
e0c5f200-76f0-4f4e-b25f-9ed7183bc281,1012d0d2-dff7-467f-9a21-f8c7b0924075,coder-01,193,2026-02-13 12:05:58.191,shell_run,35,f
be150691-52cb-470d-9261-a5f28c996233,6243144d-a5d2-4eeb-8994-390dc9a13e12,coder-01,205,2026-02-13 12:05:58.198,shell_run,43,f
0906738e-0987-42c8-a3ea-0dd47b01dc4b,eb17b408-aba9-4859-9bfa-5e89104bfffa,coder-01,184,2026-02-13 12:05:58.205,shell_run,51,f
e26fbe2f-f71a-4adf-8e10-bd255ed36a03,67a94aa5-3189-4c68-8566-6b8a4fae7546,coder-01,177,2026-02-13 12:05:58.212,shell_run,58,f
2a748746-4d99-4283-9ce9-ea455996ca22,6d5b4a6a-5aa8-4a3d-8f7a-cfea16412d2a,coder-01,176,2026-02-13 12:05:58.219,shell_run,65,f
feb5393d-9651-4df4-b18f-ed4da1219065,f558af5d-25ba-479e-8e8b-90a8aaa1ce79,coder-01,177,2026-02-13 12:05:58.226,shell_run,72,f
e2d6ad75-d466-4249-81a7-375125f16449,eb17b408-aba9-4859-9bfa-5e89104bfffa,coder-01,102,2026-02-13 11:47:36.384,file_write,28,f
f6e0bc31-72ab-49f9-9533-2f8ed444dfb9,67a94aa5-3189-4c68-8566-6b8a4fae7546,coder-01,95,2026-02-13 11:47:36.39,file_write,34,f
b000227d-4da0-4202-b9f9-3fd91f899113,6d5b4a6a-5aa8-4a3d-8f7a-cfea16412d2a,coder-01,94,2026-02-13 11:47:36.395,file_write,40,f
de6cfd78-4bb6-4a1f-b709-e1105b0fbc55,f558af5d-25ba-479e-8e8b-90a8aaa1ce79,coder-01,95,2026-02-13 11:47:36.402,file_write,46,f
19cfcafe-d3f7-49d5-90af-6b5fcbc06156,c6f48a65-7b86-4956-b82d-dc010642d5e4,coder-01,91,2026-02-13 11:47:36.408,file_write,52,f
fb2ac17e-ca3f-435d-b5d9-81b2e9852a4e,6f1d2123-e697-4e8a-8633-b4308b565ef5,coder-01,101,2026-02-13 11:47:36.415,file_write,59,f
4f60aea9-7e01-4809-a2ae-e63d36e25f31,83a0bbf4-d843-4f97-8b74-113188decd72,coder-01,75,2026-02-13 11:47:36.421,file_write,65,f
7fbac409-9dac-4be3-815e-b7bb2f36c036,d1a3ab9b-4da3-4a08-859f-be8a200569b1,coder-01,91,2026-02-13 11:47:36.427,file_write,71,f
4b5696a6-4864-4be1-9db7-2b3ee575a693,f89c597b-097d-4f1e-8bc4-5a4c0b16fb71,coder-01,109,2026-02-13 11:47:36.434,file_write,78,f
cfc4535a-ee2c-47f3-a12d-73408652670d,6f1d2123-e697-4e8a-8633-b4308b565ef5,coder-01,73,2026-02-13 11:47:36.44,file_write,84,f
c89d4216-b729-44c9-833a-95b3b56b4996,e5d0cdaa-0921-42ae-b7ea-d83faeb4156e,coder-01,5,2026-02-13 11:50:44.561,"the action to take, only one name of [file_read, file_write, file_edit, file_list, shell_run, code_search, find_file], just the name, exactly as it's written.",,f
ca916e76-dcab-4268-bc0e-b190a4aedf67,e5d0cdaa-0921-42ae-b7ea-d83faeb4156e,coder-01,6,2026-02-13 11:50:44.569,unknown,,f
f5725aec-3065-46ed-a3e0-061345c77b27,e5d0cdaa-0921-42ae-b7ea-d83faeb4156e,coder-01,7,2026-02-13 11:50:44.579,"the action to take, only one name of [file_read, file_write, file_edit, file_list, shell_run, code_search, find_file], just the name, exactly as it's written.",,f
def61f2d-6c34-43b3-8668-9c555182a0a4,e5d0cdaa-0921-42ae-b7ea-d83faeb4156e,coder-01,8,2026-02-13 11:50:44.586,unknown,,f
fb9ec941-365f-4b04-9951-4dcff4462601,e5d0cdaa-0921-42ae-b7ea-d83faeb4156e,coder-01,9,2026-02-13 11:50:44.594,"the action to take, only one name of [file_read, file_write, file_edit, file_list, shell_run, code_search, find_file], just the name, exactly as it's written.",,f
e99fe4e5-4e82-4e5a-a1f0-da2cff59ec9d,e5d0cdaa-0921-42ae-b7ea-d83faeb4156e,coder-01,10,2026-02-13 11:50:44.6,unknown,,f
42187518-c8c0-4fa4-b29d-9e113f8b0b40,e5d0cdaa-0921-42ae-b7ea-d83faeb4156e,coder-01,11,2026-02-13 11:50:44.611,"the action to take, only one name of [file_read, file_write, file_edit, file_list, shell_run, code_search, find_file], just the name, exactly as it's written.",,f
c280c4ce-4533-4e34-b634-d44c02ca998d,e5d0cdaa-0921-42ae-b7ea-d83faeb4156e,coder-01,12,2026-02-13 11:50:44.62,unknown,,f
657afa0f-6375-4bf6-b1f1-0cb6dc9bd748,e5d0cdaa-0921-42ae-b7ea-d83faeb4156e,coder-01,13,2026-02-13 11:50:44.629,"the action to take, only one name of [file_read, file_write, file_edit, file_list, shell_run, code_search, find_file], just the name, exactly as it's written.",,f
463e1d56-0eeb-41b8-84f1-d8535ef04efb,e5d0cdaa-0921-42ae-b7ea-d83faeb4156e,coder-01,14,2026-02-13 11:50:44.637,unknown,,f
b4ff45db-9fcc-4dc5-b108-5ea434677dbb,e5d0cdaa-0921-42ae-b7ea-d83faeb4156e,coder-01,15,2026-02-13 11:50:44.646,"the action to take, only one name of [file_read, file_write, file_edit, file_list, shell_run, code_search, find_file], just the name, exactly as it's written.",,f
084f53c3-cae7-4ee5-b9be-e41d42197c59,e5d0cdaa-0921-42ae-b7ea-d83faeb4156e,coder-01,16,2026-02-13 11:50:44.654,unknown,,f
49661b8d-74b6-4771-ad98-509d24da43c4,e5d0cdaa-0921-42ae-b7ea-d83faeb4156e,coder-01,17,2026-02-13 11:50:44.661,"the action to take, only one name of [file_read, file_write, file_edit, file_list, shell_run, code_search, find_file], just the name, exactly as it's written.",,f
ea67300d-5d00-496a-bfb2-f59ce7288a29,e5d0cdaa-0921-42ae-b7ea-d83faeb4156e,coder-01,18,2026-02-13 11:50:44.666,unknown,,f
21bed1d6-597c-4173-9973-8c752a85384b,e5d0cdaa-0921-42ae-b7ea-d83faeb4156e,coder-01,19,2026-02-13 11:50:44.673,"the action to take, only one name of [file_read, file_write, file_edit, file_list, shell_run, code_search, find_file], just the name, exactly as it's written.",,f
366519c9-fe76-4393-8ff1-91904d4df2b5,e5d0cdaa-0921-42ae-b7ea-d83faeb4156e,coder-01,20,2026-02-13 11:50:44.679,unknown,,f
fad9d074-d777-4bbd-ac5d-bfd3f043ea60,e5d0cdaa-0921-42ae-b7ea-d83faeb4156e,coder-01,1,2026-02-13 11:50:44.686,file_write,52,f
aad3a736-3f8f-4f48-9ed3-98b7e238e1c2,e5d0cdaa-0921-42ae-b7ea-d83faeb4156e,coder-01,2,2026-02-13 11:50:44.693,shell_run,48,f
8d871439-5a11-428d-b808-6f0aee945b6b,e5d0cdaa-0921-42ae-b7ea-d83faeb4156e,coder-01,3,2026-02-13 11:50:44.699,code_search,88,f
ddbe7ed4-cefa-41a7-b13a-cea001aeab82,e5d0cdaa-0921-42ae-b7ea-d83faeb4156e,coder-01,4,2026-02-13 11:50:44.705,file_read,54,f
87c4d16b-5418-4800-a2fe-0c5dd0c75d12,c6f48a65-7b86-4956-b82d-dc010642d5e4,coder-01,173,2026-02-13 12:05:58.234,shell_run,79,f
535c9798-f24d-4260-83df-ae69da0f8948,6f1d2123-e697-4e8a-8633-b4308b565ef5,coder-01,183,2026-02-13 12:05:58.24,shell_run,86,f
93d4400c-27ea-4da9-8930-3d18ce6f6ed9,83a0bbf4-d843-4f97-8b74-113188decd72,coder-01,157,2026-02-13 12:05:58.247,shell_run,93,f
dc210b27-9298-451e-9ef2-1a7d4081966f,d1a3ab9b-4da3-4a08-859f-be8a200569b1,coder-01,173,2026-02-13 12:05:58.253,shell_run,99,f
41236f7a-f361-45b0-9a0d-a14ac094e87f,f89c597b-097d-4f1e-8bc4-5a4c0b16fb71,coder-01,191,2026-02-13 12:05:58.262,shell_run,106,f
8caf7705-2237-4180-9a16-7ebd4ae42d36,6f1d2123-e697-4e8a-8633-b4308b565ef5,coder-01,155,2026-02-13 12:05:58.268,shell_run,115,f
a181ec90-3ed7-4671-b5ae-a7153325d35e,3dd1bb00-9339-4be7-97ab-5bba3e98f695,coder-01,113,2026-02-13 12:05:58.274,shell_run,121,f
fbb9924e-614b-4410-8dc0-e97c63e268c9,269ba714-8324-432f-b2a3-b20bf11e1e33,coder-01,107,2026-02-13 12:05:58.28,shell_run,126,f
18157195-f21f-4c5c-b780-6b3a12702169,22ac8e2f-da14-498d-afe0-8a90443c4fe0,coder-01,114,2026-02-13 12:05:58.286,shell_run,132,f
65f9429c-bd36-48ea-8e2a-bfcbe3db8d8d,6fb4500c-c316-4f3e-a7fd-c4b49f63def0,coder-01,101,2026-02-13 12:05:58.292,shell_run,138,f
b867b6cc-bbcf-4e64-9f6a-7221a980b09d,9dfb7c24-167b-482f-a929-22211c91e398,coder-01,97,2026-02-13 12:05:58.298,shell_run,144,f
86dff091-368d-4d9a-8400-f52702600dec,b6a07738-f434-47d5-b2c8-73d6208fb99e,coder-01,90,2026-02-13 12:05:58.304,shell_run,150,f
1667f5f8-9eeb-4189-98d3-72a32eb6e72a,c709783c-1f03-4937-9b49-fdd6f3c2fcb3,coder-01,93,2026-02-13 12:05:58.31,shell_run,156,f
39af1af1-6bea-4dc6-8461-abae0dda3c0a,c544138c-7b9c-4074-9390-7563f48d3dfd,coder-01,85,2026-02-13 12:05:58.317,shell_run,163,f
78814fab-3432-4df2-806e-b382531a72f2,a616133e-d0c0-4cf0-b366-8ad458906eb2,coder-01,80,2026-02-13 12:05:58.323,shell_run,169,f
dcc9baf3-1f06-4594-8b09-e8ed9f050ea3,e5d0cdaa-0921-42ae-b7ea-d83faeb4156e,coder-01,95,2026-02-13 12:05:58.33,shell_run,176,f
3bb239a4-c85f-429c-bebe-9b7dee8b4ee7,d7dc224c-013a-4cc1-98e8-a39f062f266b,coder-01,91,2026-02-13 12:05:58.337,shell_run,182,f
70290f18-b9d4-4ba6-ad3c-4022fcd68737,69d8d66c-77b2-4250-9dc8-c52fbbe15c67,coder-01,72,2026-02-13 12:05:58.344,shell_run,190,f
c57c5d39-f435-4973-a02e-564e870d0116,bd725b15-8f05-48c1-86ee-566821f22c69,coder-01,66,2026-02-13 12:05:58.351,shell_run,197,f
420e76cd-2365-44c1-8049-5a5d22f97237,5c4e8777-119d-41e3-acf0-411722b5a02c,coder-01,123,2026-02-13 11:50:49.089,file_write,5,f
a6993062-5ceb-4cf8-8eca-785c540d0acc,1012d0d2-dff7-467f-9a21-f8c7b0924075,coder-01,119,2026-02-13 11:50:49.096,file_write,12,f
3552ab8a-531c-42e6-86df-3e94bd0a4812,6243144d-a5d2-4eeb-8994-390dc9a13e12,coder-01,131,2026-02-13 11:50:49.103,file_write,19,f
7c0bc78d-e512-4b15-be21-4f46e4635258,eb17b408-aba9-4859-9bfa-5e89104bfffa,coder-01,110,2026-02-13 11:50:49.109,file_write,26,f
0e23ce5c-9a2c-4426-a5ad-f723dd40a2a7,67a94aa5-3189-4c68-8566-6b8a4fae7546,coder-01,103,2026-02-13 11:50:49.115,file_write,32,f
bd60b4b8-e6ae-4412-bc28-769104648a7b,6d5b4a6a-5aa8-4a3d-8f7a-cfea16412d2a,coder-01,102,2026-02-13 11:50:49.121,file_write,38,f
84252487-d51b-4a80-a045-b9fafa1f0b2e,f558af5d-25ba-479e-8e8b-90a8aaa1ce79,coder-01,103,2026-02-13 11:50:49.127,file_write,44,f
5e826c54-5a88-4392-92d3-f4be4ad9e546,c6f48a65-7b86-4956-b82d-dc010642d5e4,coder-01,99,2026-02-13 11:50:49.133,file_write,50,f
ae404851-5f57-4fbf-85e0-1b713b088bf6,6f1d2123-e697-4e8a-8633-b4308b565ef5,coder-01,109,2026-02-13 11:50:49.14,file_write,56,f
b657f727-b940-4ac6-ac8d-69f5eae155cb,83a0bbf4-d843-4f97-8b74-113188decd72,coder-01,83,2026-02-13 11:50:49.146,file_write,63,f
161685bd-10af-4c4c-aea1-96bef67bde53,d1a3ab9b-4da3-4a08-859f-be8a200569b1,coder-01,99,2026-02-13 11:50:49.153,file_write,70,f
9d493904-d242-4b35-9470-34af5eef8df5,f89c597b-097d-4f1e-8bc4-5a4c0b16fb71,coder-01,117,2026-02-13 11:50:49.16,file_write,77,f
852e7bcb-0b6d-4cb4-b15c-35cd5dc6b7d9,6f1d2123-e697-4e8a-8633-b4308b565ef5,coder-01,81,2026-02-13 11:50:49.167,file_write,84,f
e810bf85-a267-41dc-b5e5-8f70bcba1eb7,3dd1bb00-9339-4be7-97ab-5bba3e98f695,coder-01,39,2026-02-13 11:50:49.174,file_write,91,f
9757e559-c8ff-4748-bbf7-8877fc6f71cc,269ba714-8324-432f-b2a3-b20bf11e1e33,coder-01,33,2026-02-13 11:50:49.18,file_write,97,f
39ef5798-054d-431d-94c0-9854ea46c105,22ac8e2f-da14-498d-afe0-8a90443c4fe0,coder-01,40,2026-02-13 11:50:49.187,file_write,103,f
d160d7c3-f967-4050-ab5d-844fa4e31147,6fb4500c-c316-4f3e-a7fd-c4b49f63def0,coder-01,27,2026-02-13 11:50:49.193,file_write,110,f
fa404971-db7f-4882-9f2e-bc7b12889d11,9dfb7c24-167b-482f-a929-22211c91e398,coder-01,23,2026-02-13 11:50:49.199,file_write,116,f
8e8e831f-eadc-4d6c-858e-53f9eae3f609,b6a07738-f434-47d5-b2c8-73d6208fb99e,coder-01,16,2026-02-13 11:50:49.206,file_write,123,f
c53cd1ec-6561-448d-a5c6-971b6ebb9812,c709783c-1f03-4937-9b49-fdd6f3c2fcb3,coder-01,19,2026-02-13 11:50:49.213,file_write,130,f
f719dca3-d25a-4d6c-9f9f-25558505a1d1,c544138c-7b9c-4074-9390-7563f48d3dfd,coder-01,11,2026-02-13 11:50:49.22,file_write,136,f
c86119d7-7877-4e39-9f8b-6473bb6a2d51,a616133e-d0c0-4cf0-b366-8ad458906eb2,coder-01,6,2026-02-13 11:50:49.226,file_write,143,f
670b2f45-91f5-434b-af9d-aee541dc1f5f,e5d0cdaa-0921-42ae-b7ea-d83faeb4156e,coder-01,21,2026-02-13 11:50:49.233,file_write,149,f
91cba9df-fe67-4cd8-adf5-51723df302ad,d7dc224c-013a-4cc1-98e8-a39f062f266b,coder-01,1,2026-02-13 11:50:49.241,file_write,157,f
ddb10228-247a-457d-94dc-803300e5b580,5c4e8777-119d-41e3-acf0-411722b5a02c,coder-01,124,2026-02-13 11:50:51.519,shell_run,0,f
92a30319-f508-4f7b-8ef5-76027bef9a94,1012d0d2-dff7-467f-9a21-f8c7b0924075,coder-01,120,2026-02-13 11:50:51.526,shell_run,8,f
a1092b08-15e8-42ed-97e5-427c9bc8cc2a,6243144d-a5d2-4eeb-8994-390dc9a13e12,coder-01,132,2026-02-13 11:50:51.533,shell_run,15,f
94143f73-c1ef-4eac-859c-7186c001fb2d,eb17b408-aba9-4859-9bfa-5e89104bfffa,coder-01,111,2026-02-13 11:50:51.541,shell_run,22,f
67ee47aa-1d3a-4ac5-9907-b8daadcd9217,67a94aa5-3189-4c68-8566-6b8a4fae7546,coder-01,104,2026-02-13 11:50:51.549,shell_run,31,f
202184aa-19f6-4282-bdcd-f21119b9e1b8,6d5b4a6a-5aa8-4a3d-8f7a-cfea16412d2a,coder-01,103,2026-02-13 11:50:51.557,shell_run,38,f
28a2f570-cf58-432d-a106-f4bc721c96d0,f558af5d-25ba-479e-8e8b-90a8aaa1ce79,coder-01,104,2026-02-13 11:50:51.563,shell_run,46,f
45340a43-6868-4a40-891f-fe296cf6714b,c6f48a65-7b86-4956-b82d-dc010642d5e4,coder-01,100,2026-02-13 11:50:51.57,shell_run,52,f
0f56af3c-aa11-498b-9355-6e92f4eb3652,6f1d2123-e697-4e8a-8633-b4308b565ef5,coder-01,110,2026-02-13 11:50:51.577,shell_run,59,f
bd492f8c-8e49-47a6-8318-9c4941a799b7,83a0bbf4-d843-4f97-8b74-113188decd72,coder-01,84,2026-02-13 11:50:51.586,shell_run,67,f
59b63350-c2fa-4dc2-9f3a-0eafeef9553a,d1a3ab9b-4da3-4a08-859f-be8a200569b1,coder-01,100,2026-02-13 11:50:51.594,shell_run,76,f
14aad466-805d-4842-9736-6b7e37dfd823,f89c597b-097d-4f1e-8bc4-5a4c0b16fb71,coder-01,118,2026-02-13 11:50:51.602,shell_run,84,f
c5c77084-4990-45f6-81ba-43b6133bae39,6f1d2123-e697-4e8a-8633-b4308b565ef5,coder-01,82,2026-02-13 11:50:51.609,shell_run,91,f
cfd63f91-2a1d-413a-8f80-8126a42fa55c,3dd1bb00-9339-4be7-97ab-5bba3e98f695,coder-01,40,2026-02-13 11:50:51.615,shell_run,98,f
1eb98091-892f-469f-ad65-00d888c7630a,269ba714-8324-432f-b2a3-b20bf11e1e33,coder-01,34,2026-02-13 11:50:51.62,shell_run,103,f
415ef7cc-6fd8-4e35-bc1c-847e794b51f4,22ac8e2f-da14-498d-afe0-8a90443c4fe0,coder-01,41,2026-02-13 11:50:51.625,shell_run,107,f
79eec8d4-4aa8-4a0a-9dbf-338abf32cd5a,6fb4500c-c316-4f3e-a7fd-c4b49f63def0,coder-01,28,2026-02-13 11:50:51.631,shell_run,113,f
8158f7ab-3b25-487e-b51a-2faf843a38b0,9dfb7c24-167b-482f-a929-22211c91e398,coder-01,24,2026-02-13 11:50:51.637,shell_run,119,f
75cdb3e1-508b-4407-86e9-a7fe6aa90c6d,b6a07738-f434-47d5-b2c8-73d6208fb99e,coder-01,17,2026-02-13 11:50:51.642,shell_run,124,f
2df60d0a-c83f-4e9f-9494-ad065c857f80,c709783c-1f03-4937-9b49-fdd6f3c2fcb3,coder-01,20,2026-02-13 11:50:51.648,shell_run,130,f
22721c00-81bd-4a76-8069-e9b68cd0dd9c,c544138c-7b9c-4074-9390-7563f48d3dfd,coder-01,12,2026-02-13 11:50:51.654,shell_run,136,f
6dbde2e5-6a6c-43e5-92c3-0b0161b3fd22,a616133e-d0c0-4cf0-b366-8ad458906eb2,coder-01,7,2026-02-13 11:50:51.659,shell_run,141,f
94a867cb-2b2d-41ad-861f-245848542ced,e5d0cdaa-0921-42ae-b7ea-d83faeb4156e,coder-01,22,2026-02-13 11:50:51.665,shell_run,146,f
b6efe78f-487f-406a-b278-feb7efebbef9,d7dc224c-013a-4cc1-98e8-a39f062f266b,coder-01,2,2026-02-13 11:50:51.67,shell_run,152,f
25918f34-df72-42d2-8176-46e43230d4c0,5c4e8777-119d-41e3-acf0-411722b5a02c,coder-01,125,2026-02-13 11:50:55.186,file_write,7,f
016d9714-ee99-4ce2-b9b2-d5af73e82f8a,1012d0d2-dff7-467f-9a21-f8c7b0924075,coder-01,121,2026-02-13 11:50:55.195,file_write,17,f
e4104649-004d-40fb-a60d-0b3bb407e44a,6243144d-a5d2-4eeb-8994-390dc9a13e12,coder-01,133,2026-02-13 11:50:55.202,file_write,24,f
82bc64fa-ac77-4a2d-85bc-1e4996ec84ac,eb17b408-aba9-4859-9bfa-5e89104bfffa,coder-01,112,2026-02-13 11:50:55.207,file_write,29,f
343b8a38-fcf6-47c1-93d3-26b940177a54,67a94aa5-3189-4c68-8566-6b8a4fae7546,coder-01,105,2026-02-13 11:50:55.211,file_write,34,f
5eafe03a-b6f9-4654-ab9d-c58a98edb5c8,6d5b4a6a-5aa8-4a3d-8f7a-cfea16412d2a,coder-01,104,2026-02-13 11:50:55.216,file_write,39,f
c94d1e9f-6d86-43ef-8530-61627c947672,f558af5d-25ba-479e-8e8b-90a8aaa1ce79,coder-01,105,2026-02-13 11:50:55.222,file_write,44,f
ad8557dc-7790-4597-9591-d2a1813bddca,c6f48a65-7b86-4956-b82d-dc010642d5e4,coder-01,101,2026-02-13 11:50:55.228,file_write,50,f
025ecf4e-c846-46c6-b24a-0db1a0a99a7c,6f1d2123-e697-4e8a-8633-b4308b565ef5,coder-01,111,2026-02-13 11:50:55.233,file_write,55,f
99ccc3a3-3152-4d77-85fa-2c81b473959d,83a0bbf4-d843-4f97-8b74-113188decd72,coder-01,85,2026-02-13 11:50:55.239,file_write,61,f
f73142e2-3ceb-4459-b166-7d5e952abb4f,d1a3ab9b-4da3-4a08-859f-be8a200569b1,coder-01,101,2026-02-13 11:50:55.244,file_write,67,f
a1395354-ca75-4b88-a8ab-29b529a51b72,f89c597b-097d-4f1e-8bc4-5a4c0b16fb71,coder-01,119,2026-02-13 11:50:55.25,file_write,72,f
030a51a9-e322-4ebe-af1d-2e49f2058d16,6f1d2123-e697-4e8a-8633-b4308b565ef5,coder-01,83,2026-02-13 11:50:55.255,file_write,78,f
57ba4abc-34cc-40d6-afce-3fdaa86b9672,3dd1bb00-9339-4be7-97ab-5bba3e98f695,coder-01,41,2026-02-13 11:50:55.261,file_write,83,f
b3a17912-dff7-4446-b78c-41bec232d3fe,269ba714-8324-432f-b2a3-b20bf11e1e33,coder-01,35,2026-02-13 11:50:55.266,file_write,88,f
357b2cba-a6d2-4895-80da-2c83479ae129,22ac8e2f-da14-498d-afe0-8a90443c4fe0,coder-01,42,2026-02-13 11:50:55.271,file_write,94,f
dd84fbf3-da4a-4eb7-bc8a-6749df5c20b2,6fb4500c-c316-4f3e-a7fd-c4b49f63def0,coder-01,29,2026-02-13 11:50:55.276,file_write,98,f
aa7fb4b8-ea63-4001-9e63-167ba723573f,9dfb7c24-167b-482f-a929-22211c91e398,coder-01,25,2026-02-13 11:50:55.281,file_write,103,f
9d945394-8aa4-4b0a-bc3f-fd5f292dd336,b6a07738-f434-47d5-b2c8-73d6208fb99e,coder-01,18,2026-02-13 11:50:55.288,file_write,109,f
9fa65d5e-08e3-4fdb-a2d2-20afbc4d1059,c709783c-1f03-4937-9b49-fdd6f3c2fcb3,coder-01,21,2026-02-13 11:50:55.293,file_write,115,f
9a8d5dd0-9403-4e0d-8290-be7750213806,c544138c-7b9c-4074-9390-7563f48d3dfd,coder-01,13,2026-02-13 11:50:55.299,file_write,121,f
becf8cf3-cdcc-483d-a920-2429fec1ac7f,a616133e-d0c0-4cf0-b366-8ad458906eb2,coder-01,8,2026-02-13 11:50:55.305,file_write,127,f
42a4ea42-e712-4973-8040-39fc0d77a4f6,e5d0cdaa-0921-42ae-b7ea-d83faeb4156e,coder-01,23,2026-02-13 11:50:55.311,file_write,133,f
1c7e5ddf-7acc-45f1-ae13-50eac919215d,d7dc224c-013a-4cc1-98e8-a39f062f266b,coder-01,3,2026-02-13 11:50:55.317,file_write,139,f
23a40b16-6a66-4871-a25b-adc9743f4dba,5c4e8777-119d-41e3-acf0-411722b5a02c,coder-01,126,2026-02-13 11:51:01.512,file_read,7,f
7b17920b-ba28-420b-af4b-f7c15217e8f8,1012d0d2-dff7-467f-9a21-f8c7b0924075,coder-01,122,2026-02-13 11:51:01.522,file_read,18,f
3b295d10-935b-4735-bb4d-cc725f8caa50,6243144d-a5d2-4eeb-8994-390dc9a13e12,coder-01,134,2026-02-13 11:51:01.529,file_read,24,f
408f8c07-7c96-47af-87d4-ee43a26b3ca0,eb17b408-aba9-4859-9bfa-5e89104bfffa,coder-01,113,2026-02-13 11:51:01.536,file_read,31,f
d5c87cab-218e-4cc9-8818-6434bf18b616,67a94aa5-3189-4c68-8566-6b8a4fae7546,coder-01,106,2026-02-13 11:51:01.543,file_read,38,f
b3c3555a-c20b-4a50-997e-9205b145514e,6d5b4a6a-5aa8-4a3d-8f7a-cfea16412d2a,coder-01,105,2026-02-13 11:51:01.55,file_read,45,f
e380ca9f-488b-4739-aa8e-89d032a061df,f558af5d-25ba-479e-8e8b-90a8aaa1ce79,coder-01,106,2026-02-13 11:51:01.556,file_read,52,f
3f017de5-a2d0-4ed2-a549-0616b62b21e7,d7dc224c-013a-4cc1-98e8-a39f062f266b,coder-01,8,2026-02-13 11:53:48.18,"the action to take, only one name of [file_read, file_write, file_edit, file_list, shell_run, code_search, find_file], just the name, exactly as it's written.",,f
66879c4b-2e6f-4b72-8fe0-bd90710f0c4e,d7dc224c-013a-4cc1-98e8-a39f062f266b,coder-01,9,2026-02-13 11:53:48.187,unknown,,f
1d1d6aae-9f08-45c3-93ca-58548ae37ca5,d7dc224c-013a-4cc1-98e8-a39f062f266b,coder-01,10,2026-02-13 11:53:48.194,"the action to take, only one name of [file_read, file_write, file_edit, file_list, shell_run, code_search, find_file], just the name, exactly as it's written.",,f
414e3199-2ca3-43a4-829f-66d0c9b0c030,d7dc224c-013a-4cc1-98e8-a39f062f266b,coder-01,11,2026-02-13 11:53:48.199,unknown,,f
9b13c65a-c1c4-45fc-be59-df6218e683a9,d7dc224c-013a-4cc1-98e8-a39f062f266b,coder-01,12,2026-02-13 11:53:48.206,"the action to take, only one name of [file_read, file_write, file_edit, file_list, shell_run, code_search, find_file], just the name, exactly as it's written.",,f
20d022fd-102a-4a9c-94f3-952d9470b425,d7dc224c-013a-4cc1-98e8-a39f062f266b,coder-01,13,2026-02-13 11:53:48.212,unknown,,f
26693d8e-6412-482e-a6f2-039f0e387bd4,d7dc224c-013a-4cc1-98e8-a39f062f266b,coder-01,14,2026-02-13 11:53:48.22,"the action to take, only one name of [file_read, file_write, file_edit, file_list, shell_run, code_search, find_file], just the name, exactly as it's written.",,f
e76b4601-92e2-4534-99ee-0701f7a8e74e,d7dc224c-013a-4cc1-98e8-a39f062f266b,coder-01,15,2026-02-13 11:53:48.226,unknown,,f
cbf6ce0a-c066-4010-a523-e9fae3a6b923,d7dc224c-013a-4cc1-98e8-a39f062f266b,coder-01,16,2026-02-13 11:53:48.233,"the action to take, only one name of [file_read, file_write, file_edit, file_list, shell_run, code_search, find_file], just the name, exactly as it's written.",,f
2abc6156-5654-4883-b666-0ec5935f40f6,d7dc224c-013a-4cc1-98e8-a39f062f266b,coder-01,17,2026-02-13 11:53:48.239,unknown,,f
04880ad4-9813-45a1-8ef4-eb5502f7b7f1,d7dc224c-013a-4cc1-98e8-a39f062f266b,coder-01,18,2026-02-13 11:53:48.246,"the action to take, only one name of [file_read, file_write, file_edit, file_list, shell_run, code_search, find_file], just the name, exactly as it's written.",,f
1759be45-0785-42b0-919b-d96221c2699a,d7dc224c-013a-4cc1-98e8-a39f062f266b,coder-01,19,2026-02-13 11:53:48.252,unknown,,f
aad843f8-da1d-40b7-98db-00133ea14ae1,d7dc224c-013a-4cc1-98e8-a39f062f266b,coder-01,20,2026-02-13 11:53:48.258,"the action to take, only one name of [file_read, file_write, file_edit, file_list, shell_run, code_search, find_file], just the name, exactly as it's written.",,f
059c8234-38a3-4497-a5b9-1d84dd1c6190,d7dc224c-013a-4cc1-98e8-a39f062f266b,coder-01,21,2026-02-13 11:53:48.264,unknown,,f
784a16f4-3d9e-4972-b4e3-9a23545605d2,d7dc224c-013a-4cc1-98e8-a39f062f266b,coder-01,22,2026-02-13 11:53:48.271,"the action to take, only one name of [file_read, file_write, file_edit, file_list, shell_run, code_search, find_file], just the name, exactly as it's written.",,f
898ba4b3-f6b5-4d77-95a7-87858fec785b,d7dc224c-013a-4cc1-98e8-a39f062f266b,coder-01,23,2026-02-13 11:53:48.277,unknown,,f
1d4ead58-ce1a-41cc-9dd8-22f3ffb01310,d7dc224c-013a-4cc1-98e8-a39f062f266b,coder-01,4,2026-02-13 11:53:48.284,file_read,104,f
3f2867e8-f2dc-4b4b-8dc2-bb240ff77f37,d7dc224c-013a-4cc1-98e8-a39f062f266b,coder-01,5,2026-02-13 11:53:48.29,shell_run,1356,f
47ea26cc-d889-46eb-a106-37a8a45896b0,d7dc224c-013a-4cc1-98e8-a39f062f266b,coder-01,6,2026-02-13 11:53:48.296,file_write,54,f
e796cac7-7524-4597-899b-334d83d464aa,d7dc224c-013a-4cc1-98e8-a39f062f266b,coder-01,7,2026-02-13 11:53:48.303,file_edit,54,f
dae50efb-468e-4f38-b612-b498008f6f47,5c4e8777-119d-41e3-acf0-411722b5a02c,coder-01,130,2026-02-13 11:53:51.197,file_write,7,f
8ebb651f-63c8-475b-b602-ac565233cca0,1012d0d2-dff7-467f-9a21-f8c7b0924075,coder-01,126,2026-02-13 11:53:51.209,file_write,19,f
751ad5f8-eabb-4edb-ab50-0198cb1e3bcd,6243144d-a5d2-4eeb-8994-390dc9a13e12,coder-01,138,2026-02-13 11:53:51.215,file_write,27,f
5a0de8e7-9f66-4c18-a3e1-4085e053691f,eb17b408-aba9-4859-9bfa-5e89104bfffa,coder-01,117,2026-02-13 11:53:51.221,file_write,33,f
aeed92d8-ac1d-4530-a2a6-ce079c57aa72,67a94aa5-3189-4c68-8566-6b8a4fae7546,coder-01,110,2026-02-13 11:53:51.227,file_write,39,f
f76a0084-2364-4ad0-8b45-e31bd1e4f57a,6d5b4a6a-5aa8-4a3d-8f7a-cfea16412d2a,coder-01,109,2026-02-13 11:53:51.233,file_write,45,f
436e9b10-041c-4775-8ea8-fbd760b0bcb3,f558af5d-25ba-479e-8e8b-90a8aaa1ce79,coder-01,110,2026-02-13 11:53:51.239,file_write,51,f
65dda508-2076-41eb-a859-81e64f1b5c48,c6f48a65-7b86-4956-b82d-dc010642d5e4,coder-01,106,2026-02-13 11:53:51.245,file_write,57,f
bc621dc9-56b6-4d5c-a9cb-4559509e53c9,6f1d2123-e697-4e8a-8633-b4308b565ef5,coder-01,116,2026-02-13 11:53:51.251,file_write,63,f
c08c9e6a-eac7-4050-a5b2-798c38c4147b,83a0bbf4-d843-4f97-8b74-113188decd72,coder-01,90,2026-02-13 11:53:51.257,file_write,69,f
f88eb615-1214-4ab3-9243-11cd9fd84fc2,d1a3ab9b-4da3-4a08-859f-be8a200569b1,coder-01,106,2026-02-13 11:53:51.263,file_write,75,f
0a60202c-f4e4-438f-ab43-1e5ff934d87e,f89c597b-097d-4f1e-8bc4-5a4c0b16fb71,coder-01,124,2026-02-13 11:53:51.27,file_write,81,f
893b13d5-3573-4afa-8e94-ad9b83663fae,6f1d2123-e697-4e8a-8633-b4308b565ef5,coder-01,88,2026-02-13 11:53:51.276,file_write,87,f
84425326-11e1-4906-a396-33ae40a45a82,3dd1bb00-9339-4be7-97ab-5bba3e98f695,coder-01,46,2026-02-13 11:53:51.283,file_write,94,f
77b7d4ab-9e5c-4e3e-b225-23e8940f81b7,269ba714-8324-432f-b2a3-b20bf11e1e33,coder-01,40,2026-02-13 11:53:51.289,file_write,100,f
2546dcad-a374-4dec-ab4a-eedb896d4951,22ac8e2f-da14-498d-afe0-8a90443c4fe0,coder-01,47,2026-02-13 11:53:51.296,file_write,107,f
1068863b-4a24-45d8-ab2d-5b1950c1cfea,6fb4500c-c316-4f3e-a7fd-c4b49f63def0,coder-01,34,2026-02-13 11:53:51.303,file_write,115,f
134fc64b-f1d0-4b3f-afc3-15cfd39c68fa,9dfb7c24-167b-482f-a929-22211c91e398,coder-01,30,2026-02-13 11:53:51.31,file_write,121,f
446498ff-beab-4f1b-837c-01e3fe41e52d,b6a07738-f434-47d5-b2c8-73d6208fb99e,coder-01,23,2026-02-13 11:53:51.317,file_write,128,f
682ee4f9-603a-4be3-87ac-7ba4330b2d97,c709783c-1f03-4937-9b49-fdd6f3c2fcb3,coder-01,26,2026-02-13 11:53:51.323,file_write,134,f
7fef3b5e-b192-4831-85b6-60fd254a8340,c544138c-7b9c-4074-9390-7563f48d3dfd,coder-01,18,2026-02-13 11:53:51.329,file_write,140,f
39a6088f-ef94-450d-85ba-accbe0f060fc,a616133e-d0c0-4cf0-b366-8ad458906eb2,coder-01,13,2026-02-13 11:53:51.335,file_write,147,f
e578f11f-e8d4-4823-ba7a-0c530a908a6e,e5d0cdaa-0921-42ae-b7ea-d83faeb4156e,coder-01,28,2026-02-13 11:53:51.342,file_write,153,f
23936600-d7ca-44c3-b21e-62cba090da46,d7dc224c-013a-4cc1-98e8-a39f062f266b,coder-01,24,2026-02-13 11:53:51.348,file_write,159,f
b258bb75-e9b7-4967-9b79-0a98ba3089c9,69d8d66c-77b2-4250-9dc8-c52fbbe15c67,coder-01,1,2026-02-13 11:53:51.355,file_write,166,f
9e63bc74-9d4d-466b-80a0-3213e0b36152,5c4e8777-119d-41e3-acf0-411722b5a02c,coder-01,131,2026-02-13 11:53:53.429,shell_run,0,f
b261550c-1f3b-46c5-9021-31390f6a6300,1012d0d2-dff7-467f-9a21-f8c7b0924075,coder-01,127,2026-02-13 11:53:53.436,shell_run,7,f
d5deeafd-7db8-4eda-91b2-50e41618c337,6243144d-a5d2-4eeb-8994-390dc9a13e12,coder-01,139,2026-02-13 11:53:53.443,shell_run,14,f
d437afe4-b4f9-4146-bf31-266e22deb6d9,eb17b408-aba9-4859-9bfa-5e89104bfffa,coder-01,118,2026-02-13 11:53:53.451,shell_run,22,f
c6b025c2-c6ef-4d0a-a49c-cc3550237b8f,67a94aa5-3189-4c68-8566-6b8a4fae7546,coder-01,111,2026-02-13 11:53:53.46,shell_run,31,f
5e21c1c7-090d-43bd-b6e1-8ddcfc825361,6d5b4a6a-5aa8-4a3d-8f7a-cfea16412d2a,coder-01,110,2026-02-13 11:53:53.467,shell_run,39,f
16b455f2-38e4-4305-a77b-10ab41ed10ca,f558af5d-25ba-479e-8e8b-90a8aaa1ce79,coder-01,111,2026-02-13 11:53:53.475,shell_run,46,f
5b78b9d3-75bf-4445-90ab-8ca5cce16acf,c6f48a65-7b86-4956-b82d-dc010642d5e4,coder-01,107,2026-02-13 11:53:53.482,shell_run,53,f
e97678f4-c067-4e27-8f20-63f6fa198a74,6f1d2123-e697-4e8a-8633-b4308b565ef5,coder-01,117,2026-02-13 11:53:53.486,shell_run,58,f
1c7d3561-dadc-47dc-b7bb-a60a72b827df,83a0bbf4-d843-4f97-8b74-113188decd72,coder-01,91,2026-02-13 11:53:53.492,shell_run,63,f
235e07a6-d78a-44f1-8b8a-7149d364245c,d1a3ab9b-4da3-4a08-859f-be8a200569b1,coder-01,107,2026-02-13 11:53:53.497,shell_run,68,f
47cfaa77-09ac-455a-a91d-b72235adb94c,f89c597b-097d-4f1e-8bc4-5a4c0b16fb71,coder-01,125,2026-02-13 11:53:53.502,shell_run,73,f
783de0e0-3214-4e23-ba67-edde6ead984c,6f1d2123-e697-4e8a-8633-b4308b565ef5,coder-01,89,2026-02-13 11:53:53.508,shell_run,79,f
c0ff8b98-914a-461b-8306-712aaa5a128a,3dd1bb00-9339-4be7-97ab-5bba3e98f695,coder-01,47,2026-02-13 11:53:53.514,shell_run,85,f
ee454dd6-a620-4cff-bb19-bd71704835c7,269ba714-8324-432f-b2a3-b20bf11e1e33,coder-01,41,2026-02-13 11:53:53.52,shell_run,90,f
c6959b94-f1e4-4d29-8096-1efd405463f4,22ac8e2f-da14-498d-afe0-8a90443c4fe0,coder-01,48,2026-02-13 11:53:53.525,shell_run,97,f
2b7f5fdc-f734-4bb1-8ff6-ee6b86809e0f,6fb4500c-c316-4f3e-a7fd-c4b49f63def0,coder-01,35,2026-02-13 11:53:53.531,shell_run,102,f
b100ce97-119a-4e13-a0d6-2e9321f88e81,9dfb7c24-167b-482f-a929-22211c91e398,coder-01,31,2026-02-13 11:53:53.536,shell_run,107,f
586aa485-2ec8-4eb2-8886-fc1a508c5982,b6a07738-f434-47d5-b2c8-73d6208fb99e,coder-01,24,2026-02-13 11:53:53.541,shell_run,113,f
b1fc8e12-dcdc-44f4-9f18-de40ed4e4eae,c709783c-1f03-4937-9b49-fdd6f3c2fcb3,coder-01,27,2026-02-13 11:53:53.547,shell_run,118,f
d260ef88-24fd-4125-8c4f-1fab6a3603e9,c544138c-7b9c-4074-9390-7563f48d3dfd,coder-01,19,2026-02-13 11:53:53.552,shell_run,124,f
4d78f485-b545-403e-b977-4c920ee1c45f,a616133e-d0c0-4cf0-b366-8ad458906eb2,coder-01,14,2026-02-13 11:53:53.558,shell_run,129,f
81bc7a62-c576-49d7-9720-523dc9b1734d,e5d0cdaa-0921-42ae-b7ea-d83faeb4156e,coder-01,29,2026-02-13 11:53:53.563,shell_run,135,f
0c987b4a-3e05-4482-b4b8-e5ecd70f1c4a,d7dc224c-013a-4cc1-98e8-a39f062f266b,coder-01,25,2026-02-13 11:53:53.569,shell_run,140,f
7600d57f-7b3a-42f0-a790-e09479d17d0c,69d8d66c-77b2-4250-9dc8-c52fbbe15c67,coder-01,2,2026-02-13 11:53:53.575,shell_run,146,f
8219dc0f-71c7-491f-91ba-fdaac6981a66,5c4e8777-119d-41e3-acf0-411722b5a02c,coder-01,132,2026-02-13 11:53:55.833,file_list,402,f
77666356-591e-4c14-b813-9f703eceaf18,1012d0d2-dff7-467f-9a21-f8c7b0924075,coder-01,128,2026-02-13 11:53:55.843,file_list,412,f
5d2a0de3-e5d0-41c7-a438-69cbe03ec945,5c4e8777-119d-41e3-acf0-411722b5a02c,coder-01,142,2026-02-13 11:54:49.288,file_write,5,f
d3bf54a4-3bc8-46fd-af2a-73882bdcc0af,1012d0d2-dff7-467f-9a21-f8c7b0924075,coder-01,138,2026-02-13 11:54:49.3,file_write,17,f
54a65b47-8c3b-40dd-866f-116efdc8ff23,f89c597b-097d-4f1e-8bc4-5a4c0b16fb71,coder-01,138,2026-02-13 11:54:54.419,code_search,126,f
4e237063-59f0-4eed-bf2a-b01af3b505a0,6243144d-a5d2-4eeb-8994-390dc9a13e12,coder-01,140,2026-02-13 11:53:55.848,file_list,417,f
30cd108c-5a1f-4051-96b0-f16931fb2fca,eb17b408-aba9-4859-9bfa-5e89104bfffa,coder-01,119,2026-02-13 11:53:55.854,file_list,423,f
e38f6f74-22a8-431b-9f8a-aa0ad3a973a8,67a94aa5-3189-4c68-8566-6b8a4fae7546,coder-01,112,2026-02-13 11:53:55.86,file_list,429,f
dc1eb7eb-4200-4575-a098-fbb67c2acd97,6d5b4a6a-5aa8-4a3d-8f7a-cfea16412d2a,coder-01,111,2026-02-13 11:53:55.865,file_list,434,f
eeb9f614-82ca-4c46-af9b-90ca6f424fbb,6243144d-a5d2-4eeb-8994-390dc9a13e12,coder-01,150,2026-02-13 11:54:49.307,file_write,25,f
6ccb5eed-882e-4de6-8e79-823f55a864b5,eb17b408-aba9-4859-9bfa-5e89104bfffa,coder-01,129,2026-02-13 11:54:49.314,file_write,32,f
5c988536-20d3-41b9-b272-b03821df02bd,67a94aa5-3189-4c68-8566-6b8a4fae7546,coder-01,122,2026-02-13 11:54:49.323,file_write,41,f
7a23e249-e6bb-4bb3-86f8-6d70c6c43e3d,f558af5d-25ba-479e-8e8b-90a8aaa1ce79,coder-01,112,2026-02-13 11:53:55.87,file_list,439,f
f24728d5-619d-45b4-9615-04956875fd00,c6f48a65-7b86-4956-b82d-dc010642d5e4,coder-01,108,2026-02-13 11:53:55.875,file_list,444,f
b8461744-f1c2-47ba-b70d-85c899de103c,6f1d2123-e697-4e8a-8633-b4308b565ef5,coder-01,118,2026-02-13 11:53:55.88,file_list,450,f
9c859940-140b-452d-8f3a-6bf3053d23e2,83a0bbf4-d843-4f97-8b74-113188decd72,coder-01,92,2026-02-13 11:53:55.886,file_list,455,f
5a1303cc-5b1c-4209-a221-4063a6c17a99,6d5b4a6a-5aa8-4a3d-8f7a-cfea16412d2a,coder-01,121,2026-02-13 11:54:49.332,file_write,49,f
1bdc07c9-df58-4f25-b8bd-19b765617d88,f558af5d-25ba-479e-8e8b-90a8aaa1ce79,coder-01,122,2026-02-13 11:54:49.34,file_write,57,f
7ed91e01-aef1-4325-b84a-063a4d723569,c6f48a65-7b86-4956-b82d-dc010642d5e4,coder-01,118,2026-02-13 11:54:49.347,file_write,64,f
63f951a0-8d1a-4610-b933-ae9092de6dc1,d1a3ab9b-4da3-4a08-859f-be8a200569b1,coder-01,108,2026-02-13 11:53:55.891,file_list,460,f
fe53c693-eb56-463b-9c37-9779ac1e1d17,f89c597b-097d-4f1e-8bc4-5a4c0b16fb71,coder-01,126,2026-02-13 11:53:55.896,file_list,466,f
54eb6cf9-8fb6-4827-9081-c8edc5391dd1,6f1d2123-e697-4e8a-8633-b4308b565ef5,coder-01,90,2026-02-13 11:53:55.902,file_list,471,f
f041baae-b9ea-4832-b224-f5f4406499be,3dd1bb00-9339-4be7-97ab-5bba3e98f695,coder-01,48,2026-02-13 11:53:55.907,file_list,477,f
61838fad-53d7-4b94-886b-03e2665386c8,6f1d2123-e697-4e8a-8633-b4308b565ef5,coder-01,128,2026-02-13 11:54:49.352,file_write,70,f
79be1f09-eba6-4df1-a7c0-65d13057389d,83a0bbf4-d843-4f97-8b74-113188decd72,coder-01,102,2026-02-13 11:54:49.357,file_write,75,f
a60db7c9-cd5e-42a8-a09d-a320917f783d,d1a3ab9b-4da3-4a08-859f-be8a200569b1,coder-01,118,2026-02-13 11:54:49.363,file_write,80,f
6b00724a-3d7a-4928-86c7-f9a5bdc2aa9f,269ba714-8324-432f-b2a3-b20bf11e1e33,coder-01,42,2026-02-13 11:53:55.913,file_list,482,f
ac99720d-542c-4032-a808-7f6f3f972f09,22ac8e2f-da14-498d-afe0-8a90443c4fe0,coder-01,49,2026-02-13 11:53:55.92,file_list,488,f
a63d56fc-f6a8-44f2-b307-683c1b77b42a,6fb4500c-c316-4f3e-a7fd-c4b49f63def0,coder-01,36,2026-02-13 11:53:55.925,file_list,494,f
312ea193-7e0e-4fd6-a025-4b8c7a591601,9dfb7c24-167b-482f-a929-22211c91e398,coder-01,32,2026-02-13 11:53:55.931,file_list,500,f
8ee90b14-f5f5-404e-b425-3f501bacc46c,f89c597b-097d-4f1e-8bc4-5a4c0b16fb71,coder-01,136,2026-02-13 11:54:49.368,file_write,86,f
021b2f91-3c0d-4385-aa5e-3e9abd88787f,6f1d2123-e697-4e8a-8633-b4308b565ef5,coder-01,100,2026-02-13 11:54:49.374,file_write,91,f
6d6ec32d-358d-46fb-bcc8-3d7b4c6db79b,3dd1bb00-9339-4be7-97ab-5bba3e98f695,coder-01,58,2026-02-13 11:54:49.38,file_write,97,f
2c026edb-b8f6-468e-8127-03c91207c581,b6a07738-f434-47d5-b2c8-73d6208fb99e,coder-01,25,2026-02-13 11:53:55.937,file_list,506,f
8aa1be02-2b00-4f17-8af7-51069ba50690,c709783c-1f03-4937-9b49-fdd6f3c2fcb3,coder-01,28,2026-02-13 11:53:55.943,file_list,512,f
e8a275d9-a868-42de-90bf-d010a5f7d2a8,c544138c-7b9c-4074-9390-7563f48d3dfd,coder-01,20,2026-02-13 11:53:55.949,file_list,519,f
707cf3b3-1227-4284-961b-1fd9f4be987e,a616133e-d0c0-4cf0-b366-8ad458906eb2,coder-01,15,2026-02-13 11:53:55.955,file_list,524,f
d58133f2-83e2-412f-a81d-b41192b7bc23,269ba714-8324-432f-b2a3-b20bf11e1e33,coder-01,52,2026-02-13 11:54:49.384,file_write,102,f
9310f8a5-8e15-42d2-89d2-e2e8dd23139f,22ac8e2f-da14-498d-afe0-8a90443c4fe0,coder-01,59,2026-02-13 11:54:49.391,file_write,107,f
9982bbb9-5749-4734-9ceb-790f260e2ab4,6fb4500c-c316-4f3e-a7fd-c4b49f63def0,coder-01,46,2026-02-13 11:54:49.398,file_write,114,f
f1cec6d9-98e2-40fa-a537-de92f86b591d,e5d0cdaa-0921-42ae-b7ea-d83faeb4156e,coder-01,30,2026-02-13 11:53:55.961,file_list,530,f
69dad743-b7d7-40fb-8b89-f3de6ed0e6eb,d7dc224c-013a-4cc1-98e8-a39f062f266b,coder-01,26,2026-02-13 11:53:55.967,file_list,536,f
ec8d7639-24ea-4a36-a5e3-5a8032b62156,69d8d66c-77b2-4250-9dc8-c52fbbe15c67,coder-01,3,2026-02-13 11:53:55.972,file_list,542,f
514357cc-3f13-4083-a1df-f1dc01ea4df5,5c4e8777-119d-41e3-acf0-411722b5a02c,coder-01,133,2026-02-13 11:54:04.662,file_list,21,f
00f7b028-1d85-4a04-97ba-3ddbd16d3dc6,1012d0d2-dff7-467f-9a21-f8c7b0924075,coder-01,129,2026-02-13 11:54:04.669,file_list,28,f
0bce6d27-b31a-4ae3-9666-ec20a00c0a58,6243144d-a5d2-4eeb-8994-390dc9a13e12,coder-01,141,2026-02-13 11:54:04.675,file_list,35,f
b9b27c64-6cf7-4ffb-95a8-5a38b2313d73,eb17b408-aba9-4859-9bfa-5e89104bfffa,coder-01,120,2026-02-13 11:54:04.681,file_list,41,f
ccdd4c1b-4a8b-4df8-90ec-0f3a6de37fc7,9dfb7c24-167b-482f-a929-22211c91e398,coder-01,42,2026-02-13 11:54:49.403,file_write,121,f
7c5077ed-80c4-40c6-bf17-7951c49ddf13,b6a07738-f434-47d5-b2c8-73d6208fb99e,coder-01,35,2026-02-13 11:54:49.409,file_write,127,f
b3dbeb8c-5341-4301-8663-158a0ba75b52,c709783c-1f03-4937-9b49-fdd6f3c2fcb3,coder-01,38,2026-02-13 11:54:49.414,file_write,132,f
bc2f958d-e034-402a-a43d-370337f7337b,c544138c-7b9c-4074-9390-7563f48d3dfd,coder-01,30,2026-02-13 11:54:49.42,file_write,138,f
a5433a8a-8c8f-4a38-8297-ba059aeb2f8a,a616133e-d0c0-4cf0-b366-8ad458906eb2,coder-01,25,2026-02-13 11:54:49.425,file_write,143,f
156ee643-9c49-4d47-89b1-f8bf4fc53a96,e5d0cdaa-0921-42ae-b7ea-d83faeb4156e,coder-01,40,2026-02-13 11:54:49.431,file_write,148,f
10d96fa1-dcc5-4679-8d31-73622090ea1a,d7dc224c-013a-4cc1-98e8-a39f062f266b,coder-01,36,2026-02-13 11:54:49.436,file_write,153,f
308c9df6-5b20-4775-9b1b-39069dbbad11,69d8d66c-77b2-4250-9dc8-c52fbbe15c67,coder-01,17,2026-02-13 11:54:49.442,file_write,159,f
38e8dad0-c05a-4226-af0c-74362c83728d,bd725b15-8f05-48c1-86ee-566821f22c69,coder-01,11,2026-02-13 11:54:49.447,file_write,165,f
549045e9-d266-422b-9a9e-51bbd2c2b401,d7dc224c-013a-4cc1-98e8-a39f062f266b,coder-01,7,2026-02-13 11:54:49.454,file_write,171,f
ad3b7902-fca5-412b-be9d-84800d10b478,e98343a8-9d76-42f9-9b00-8807c9a75699,coder-01,1,2026-02-13 11:54:49.459,file_write,177,f
fc8c8c5e-6b94-4679-a6d0-3087b2b74678,5c4e8777-119d-41e3-acf0-411722b5a02c,coder-01,143,2026-02-13 11:54:51.919,shell_run,0,f
afe53ff2-6607-4f1e-9486-11f1d6cbc973,1012d0d2-dff7-467f-9a21-f8c7b0924075,coder-01,139,2026-02-13 11:54:51.929,shell_run,11,f
08a788a3-3e10-4232-82c6-f39f9c9c909a,6243144d-a5d2-4eeb-8994-390dc9a13e12,coder-01,151,2026-02-13 11:54:51.935,shell_run,16,f
3320b6a5-dbbf-4a31-b151-791f1ffb56d6,eb17b408-aba9-4859-9bfa-5e89104bfffa,coder-01,130,2026-02-13 11:54:51.942,shell_run,23,f
4be35f22-9978-45c6-b517-09697708342d,67a94aa5-3189-4c68-8566-6b8a4fae7546,coder-01,123,2026-02-13 11:54:51.948,shell_run,29,f
3d042278-366e-4572-8067-55d18dc08001,6d5b4a6a-5aa8-4a3d-8f7a-cfea16412d2a,coder-01,122,2026-02-13 11:54:51.955,shell_run,36,f
7b1157c2-741e-4c69-a703-63464a24b491,f558af5d-25ba-479e-8e8b-90a8aaa1ce79,coder-01,123,2026-02-13 11:54:51.961,shell_run,42,f
11197b27-f34e-4fce-85e8-ea57f2e2e5c6,c6f48a65-7b86-4956-b82d-dc010642d5e4,coder-01,119,2026-02-13 11:54:51.968,shell_run,49,f
93fb96ea-4bb5-434f-8f28-2a7f67fac490,6f1d2123-e697-4e8a-8633-b4308b565ef5,coder-01,129,2026-02-13 11:54:51.974,shell_run,55,f
d3e7dc6c-d6ad-4e63-8658-1d633e27fc7a,83a0bbf4-d843-4f97-8b74-113188decd72,coder-01,103,2026-02-13 11:54:51.979,shell_run,61,f
d6dbaa36-3867-4685-abdc-38b8ad05f917,d1a3ab9b-4da3-4a08-859f-be8a200569b1,coder-01,119,2026-02-13 11:54:51.985,shell_run,67,f
8a90674c-bda8-473d-b02b-15d1818ec3ed,f89c597b-097d-4f1e-8bc4-5a4c0b16fb71,coder-01,137,2026-02-13 11:54:51.991,shell_run,72,f
b0ed401b-43d6-44ae-9c26-6e4fbad4c9df,6f1d2123-e697-4e8a-8633-b4308b565ef5,coder-01,130,2026-02-13 11:54:54.402,code_search,109,f
b56bd103-8d6a-49c7-a9aa-1140d6563783,6f1d2123-e697-4e8a-8633-b4308b565ef5,coder-01,101,2026-02-13 11:54:51.996,shell_run,78,f
39fc7231-7c67-4124-909d-4dbb6868d404,3dd1bb00-9339-4be7-97ab-5bba3e98f695,coder-01,59,2026-02-13 11:54:52.004,shell_run,86,f
d1d095cf-9964-43ad-8a44-37643582e970,269ba714-8324-432f-b2a3-b20bf11e1e33,coder-01,53,2026-02-13 11:54:52.009,shell_run,91,f
5e8f98f8-9d3f-4305-8f95-542c8ddebfc3,22ac8e2f-da14-498d-afe0-8a90443c4fe0,coder-01,60,2026-02-13 11:54:52.015,shell_run,96,f
76703e21-eeca-403a-80e0-546449b350ed,6fb4500c-c316-4f3e-a7fd-c4b49f63def0,coder-01,47,2026-02-13 11:54:52.029,shell_run,108,f
176be231-c2f2-4c30-9164-a13a3b6c550e,9dfb7c24-167b-482f-a929-22211c91e398,coder-01,43,2026-02-13 11:54:52.035,shell_run,117,f
f47ab559-ce3a-4976-aa52-557975cc9d11,b6a07738-f434-47d5-b2c8-73d6208fb99e,coder-01,36,2026-02-13 11:54:52.041,shell_run,122,f
060fde26-6ab5-4e37-ac42-6f8bd2efb756,c709783c-1f03-4937-9b49-fdd6f3c2fcb3,coder-01,39,2026-02-13 11:54:52.047,shell_run,128,f
e5e83a6c-2fa4-4dcd-a96f-feadcaabc1f2,c544138c-7b9c-4074-9390-7563f48d3dfd,coder-01,31,2026-02-13 11:54:52.053,shell_run,135,f
53fc45f5-bb23-449b-8b6a-11760db809d2,a616133e-d0c0-4cf0-b366-8ad458906eb2,coder-01,26,2026-02-13 11:54:52.06,shell_run,142,f
f57fff87-aaf1-48c4-b8eb-ab589b3f0371,e5d0cdaa-0921-42ae-b7ea-d83faeb4156e,coder-01,41,2026-02-13 11:54:52.066,shell_run,148,f
4196e84c-0db5-4347-8ff0-945babdad39e,d7dc224c-013a-4cc1-98e8-a39f062f266b,coder-01,37,2026-02-13 11:54:52.072,shell_run,154,f
2d29ddb2-fa5e-423d-838e-7acc682ee33d,69d8d66c-77b2-4250-9dc8-c52fbbe15c67,coder-01,18,2026-02-13 11:54:52.078,shell_run,159,f
697ce0c5-9f6e-40a8-b086-4bedf5742af3,bd725b15-8f05-48c1-86ee-566821f22c69,coder-01,12,2026-02-13 11:54:52.084,shell_run,166,f
6d7a55e1-f312-491a-9b8a-a776c10a7ee2,d7dc224c-013a-4cc1-98e8-a39f062f266b,coder-01,8,2026-02-13 11:54:52.09,shell_run,172,f
cdd83c69-6f44-4445-9501-c4b846b560e7,e98343a8-9d76-42f9-9b00-8807c9a75699,coder-01,2,2026-02-13 11:54:52.097,shell_run,178,f
fe3a353e-97e2-4326-9d96-2786969c54b9,5c4e8777-119d-41e3-acf0-411722b5a02c,coder-01,144,2026-02-13 11:54:54.339,code_search,46,f
5abd578b-4eb4-4950-9175-4354a2fe9d5c,1012d0d2-dff7-467f-9a21-f8c7b0924075,coder-01,140,2026-02-13 11:54:54.35,code_search,57,f
e8a21e16-7e56-4efb-a208-1fb9ca3a09c7,6243144d-a5d2-4eeb-8994-390dc9a13e12,coder-01,152,2026-02-13 11:54:54.357,code_search,64,f
19767142-398b-4a3a-90a2-a03b30f25198,eb17b408-aba9-4859-9bfa-5e89104bfffa,coder-01,131,2026-02-13 11:54:54.363,code_search,71,f
4632128c-1ccb-4d4b-a568-0b6616fc4655,67a94aa5-3189-4c68-8566-6b8a4fae7546,coder-01,124,2026-02-13 11:54:54.37,code_search,77,f
16f64759-0557-4f1a-8f84-33e21e13fc7a,6d5b4a6a-5aa8-4a3d-8f7a-cfea16412d2a,coder-01,123,2026-02-13 11:54:54.378,code_search,85,f
a28b46d6-76ad-40b4-92ab-27c87d751030,f558af5d-25ba-479e-8e8b-90a8aaa1ce79,coder-01,124,2026-02-13 11:54:54.386,code_search,93,f
2512be3f-43e1-4ff6-b419-d081cdee1101,c6f48a65-7b86-4956-b82d-dc010642d5e4,coder-01,120,2026-02-13 11:54:54.394,code_search,101,f
809c3d9d-2614-45d2-bf6a-ec4db1b0b9be,6f1d2123-e697-4e8a-8633-b4308b565ef5,coder-01,102,2026-02-13 11:54:54.425,code_search,132,f
45e2897f-44ee-4455-b524-ca54887333e2,3dd1bb00-9339-4be7-97ab-5bba3e98f695,coder-01,60,2026-02-13 11:54:54.431,code_search,138,f
8a9ee122-28bb-4408-9da4-64a124a499d5,269ba714-8324-432f-b2a3-b20bf11e1e33,coder-01,54,2026-02-13 11:54:54.436,code_search,143,f
04dbd244-12f2-49e1-8ab2-118790882b1e,22ac8e2f-da14-498d-afe0-8a90443c4fe0,coder-01,61,2026-02-13 11:54:54.442,code_search,149,f
8fc74de6-755b-4459-baae-894ea5d57b73,6fb4500c-c316-4f3e-a7fd-c4b49f63def0,coder-01,48,2026-02-13 11:54:54.447,code_search,155,f
28e1ce01-ecd2-4e4b-9349-d90b87750b3d,9dfb7c24-167b-482f-a929-22211c91e398,coder-01,44,2026-02-13 11:54:54.454,code_search,160,f
da6c47b0-27a1-4d7c-968f-36b38dc6e0bf,b6a07738-f434-47d5-b2c8-73d6208fb99e,coder-01,37,2026-02-13 11:54:54.459,code_search,166,f
7b691018-9010-4624-a86f-e2e9bbb025fb,c709783c-1f03-4937-9b49-fdd6f3c2fcb3,coder-01,40,2026-02-13 11:54:54.465,code_search,172,f
1ec3fee2-6e71-483a-90cc-3c992b54ac85,c544138c-7b9c-4074-9390-7563f48d3dfd,coder-01,32,2026-02-13 11:54:54.47,code_search,177,f
02841651-0398-4b55-87f2-d81e8bbde472,a616133e-d0c0-4cf0-b366-8ad458906eb2,coder-01,27,2026-02-13 11:54:54.475,code_search,182,f
dcd98fee-822a-4406-8a32-83c5c13a753c,e5d0cdaa-0921-42ae-b7ea-d83faeb4156e,coder-01,42,2026-02-13 11:54:54.48,code_search,187,f
3fea236c-1e72-4afc-87a3-95915879b621,d7dc224c-013a-4cc1-98e8-a39f062f266b,coder-01,38,2026-02-13 11:54:54.484,code_search,192,f
c11851c9-7190-465e-a53b-3faf8831ab7f,69d8d66c-77b2-4250-9dc8-c52fbbe15c67,coder-01,19,2026-02-13 11:54:54.49,code_search,197,f
8b4bb208-bf8d-49c8-829e-689ebffa25ce,bd725b15-8f05-48c1-86ee-566821f22c69,coder-01,13,2026-02-13 11:54:54.495,code_search,203,f
4b5a4a6d-b0dc-461b-9acb-55fafd28618c,d7dc224c-013a-4cc1-98e8-a39f062f266b,coder-01,9,2026-02-13 11:54:54.501,code_search,208,f
8941831c-54db-4e28-af0e-4b66baf95e04,e98343a8-9d76-42f9-9b00-8807c9a75699,coder-01,3,2026-02-13 11:54:54.507,code_search,213,f
1c6545d9-2c37-4f21-bc5d-324b47d8637f,5c4e8777-119d-41e3-acf0-411722b5a02c,coder-01,145,2026-02-13 11:54:58.949,file_read,6,f
207af4e5-f283-4b83-ac38-706b52f66ff0,1012d0d2-dff7-467f-9a21-f8c7b0924075,coder-01,141,2026-02-13 11:54:58.956,file_read,13,f
05648b2e-a5be-4277-ab0f-e8d663a07923,6243144d-a5d2-4eeb-8994-390dc9a13e12,coder-01,153,2026-02-13 11:54:58.962,file_read,19,f
d3e5bafb-8afc-4686-917b-a7215a36355a,eb17b408-aba9-4859-9bfa-5e89104bfffa,coder-01,132,2026-02-13 11:54:58.968,file_read,25,f
00194628-6ed0-4e5f-b1c6-af97977159c0,67a94aa5-3189-4c68-8566-6b8a4fae7546,coder-01,125,2026-02-13 11:54:58.974,file_read,31,f
262a345e-a7e7-4ffd-926f-b443c0a0439b,6d5b4a6a-5aa8-4a3d-8f7a-cfea16412d2a,coder-01,124,2026-02-13 11:54:58.98,file_read,37,f
5b7917b8-eb5b-4667-8972-d5c374c6a271,f558af5d-25ba-479e-8e8b-90a8aaa1ce79,coder-01,125,2026-02-13 11:54:58.986,file_read,43,f
6250f687-f156-4b55-a365-2569983f2673,c6f48a65-7b86-4956-b82d-dc010642d5e4,coder-01,121,2026-02-13 11:54:58.992,file_read,50,f
26ccd121-b504-4fb1-8ad6-4ac601d4465c,6f1d2123-e697-4e8a-8633-b4308b565ef5,coder-01,131,2026-02-13 11:54:58.998,file_read,55,f
9e5c61c3-8c5c-46a6-8cce-fb062a5d3ec0,83a0bbf4-d843-4f97-8b74-113188decd72,coder-01,105,2026-02-13 11:54:59.004,file_read,62,f
1653b7f9-e704-464d-a006-14eb71da6f1a,d1a3ab9b-4da3-4a08-859f-be8a200569b1,coder-01,121,2026-02-13 11:54:59.01,file_read,68,f
aae3ace7-a25c-4150-8c98-140e8337b298,f89c597b-097d-4f1e-8bc4-5a4c0b16fb71,coder-01,139,2026-02-13 11:54:59.017,file_read,74,f
52f5ae9d-dd8a-4ace-973e-9ad9e0340427,6f1d2123-e697-4e8a-8633-b4308b565ef5,coder-01,103,2026-02-13 11:54:59.024,file_read,81,f
010cc6d4-fb45-40d8-9588-2281a8334944,3dd1bb00-9339-4be7-97ab-5bba3e98f695,coder-01,61,2026-02-13 11:54:59.03,file_read,87,f
374d73d1-dc11-4db2-859f-b4768072b4e1,269ba714-8324-432f-b2a3-b20bf11e1e33,coder-01,55,2026-02-13 11:54:59.035,file_read,93,f
fc4accb2-ca19-45b1-bd28-c4c616185b08,22ac8e2f-da14-498d-afe0-8a90443c4fe0,coder-01,62,2026-02-13 11:54:59.041,file_read,99,f
866ef216-7fa1-4257-96fd-b7c3b5dde140,77dc4b56-eb73-4241-b51c-290cbb175d6a,coder-01,1,2026-02-13 11:55:51.218,file_write,67,f
0abc0010-ccdc-4b7d-b147-71fd27dbda6f,d7dc224c-013a-4cc1-98e8-a39f062f266b,coder-01,58,2026-02-13 11:59:55.35,file_read,156,f
26b5a49b-40d2-4679-bd2b-49350e6d5b5c,5c4e8777-119d-41e3-acf0-411722b5a02c,coder-01,150,2026-02-13 11:55:53.576,file_write,6,f
8fac8b35-8ab1-4fbf-9e1f-02e5e399020e,1012d0d2-dff7-467f-9a21-f8c7b0924075,coder-01,146,2026-02-13 11:55:53.586,file_write,17,f
1e0f8058-a9f1-4aaa-bed5-5ea967f01302,6243144d-a5d2-4eeb-8994-390dc9a13e12,coder-01,158,2026-02-13 11:55:53.591,file_write,22,f
df6d3b48-a6ba-42c6-9a5d-31a1f3ab4612,eb17b408-aba9-4859-9bfa-5e89104bfffa,coder-01,137,2026-02-13 11:55:53.597,file_write,28,f
46175d8b-0b5c-4db2-9d76-d1bdbb8ebbff,67a94aa5-3189-4c68-8566-6b8a4fae7546,coder-01,130,2026-02-13 11:55:53.603,file_write,33,f
a9acfd8e-2d5b-41f1-ab11-94c52ac3ebc9,6d5b4a6a-5aa8-4a3d-8f7a-cfea16412d2a,coder-01,129,2026-02-13 11:55:53.608,file_write,39,f
8aaabb83-3ee3-4c4d-85fb-3a20804641c6,f558af5d-25ba-479e-8e8b-90a8aaa1ce79,coder-01,130,2026-02-13 11:55:53.614,file_write,44,f
4d0c9c4a-b90b-4737-a5c2-156e16aea844,c6f48a65-7b86-4956-b82d-dc010642d5e4,coder-01,126,2026-02-13 11:55:53.619,file_write,50,f
3e78a5a7-da01-42e2-940a-aeae1704c701,6f1d2123-e697-4e8a-8633-b4308b565ef5,coder-01,136,2026-02-13 11:55:53.625,file_write,56,f
5df0c512-addb-4490-9e36-75e8742bf125,83a0bbf4-d843-4f97-8b74-113188decd72,coder-01,110,2026-02-13 11:55:53.631,file_write,61,f
8464a7c0-bb8b-4261-ba43-847ac82fac91,d1a3ab9b-4da3-4a08-859f-be8a200569b1,coder-01,126,2026-02-13 11:55:53.637,file_write,67,f
9aa5c136-a184-4c06-8697-a5e79387487e,f89c597b-097d-4f1e-8bc4-5a4c0b16fb71,coder-01,144,2026-02-13 11:55:53.643,file_write,73,f
c1a85d55-9d7c-48d8-b40a-9c602cd044a0,6f1d2123-e697-4e8a-8633-b4308b565ef5,coder-01,108,2026-02-13 11:55:53.648,file_write,79,f
1aeec35e-12a4-4ad1-a3e6-b96f719ebd9f,3dd1bb00-9339-4be7-97ab-5bba3e98f695,coder-01,66,2026-02-13 11:55:53.654,file_write,84,f
dd4b02ff-6180-4c43-b6ca-4d2b1d2172a7,269ba714-8324-432f-b2a3-b20bf11e1e33,coder-01,60,2026-02-13 11:55:53.659,file_write,90,f
6e789f69-e10c-4c15-bd6c-5ffeb78d3756,22ac8e2f-da14-498d-afe0-8a90443c4fe0,coder-01,67,2026-02-13 11:55:53.664,file_write,95,f
123a2a64-e3a7-4dc5-a9c2-a1f050950c6e,6fb4500c-c316-4f3e-a7fd-c4b49f63def0,coder-01,54,2026-02-13 11:55:53.669,file_write,100,f
34ab52f7-b0fc-47b4-a6fa-0473103792b8,9dfb7c24-167b-482f-a929-22211c91e398,coder-01,50,2026-02-13 11:55:53.675,file_write,105,f
30a39c53-c99a-4465-a430-6336d26cd712,b6a07738-f434-47d5-b2c8-73d6208fb99e,coder-01,43,2026-02-13 11:55:53.68,file_write,111,f
33ea350d-89ec-428c-b1f6-a75560e02819,c709783c-1f03-4937-9b49-fdd6f3c2fcb3,coder-01,46,2026-02-13 11:55:53.686,file_write,116,f
40843e50-53e7-4d6c-9474-53ec6d471362,e7fe4144-dbb4-4c1c-acf5-5442f30a6806,coder-01,12,2026-02-13 13:07:49.173,shell_run,177,f
e5f284f2-dda8-44dc-83e2-772066926445,c544138c-7b9c-4074-9390-7563f48d3dfd,coder-01,38,2026-02-13 11:55:53.692,file_write,122,f
3ffa5d12-fbe7-4230-8da8-310ffeddaeef,a616133e-d0c0-4cf0-b366-8ad458906eb2,coder-01,33,2026-02-13 11:55:53.698,file_write,128,f
da8af2fd-634e-4388-9ddf-e7821d5108f2,e5d0cdaa-0921-42ae-b7ea-d83faeb4156e,coder-01,48,2026-02-13 11:55:53.704,file_write,134,f
28339b9f-4529-42ae-8b81-b3fe28b2885d,d7dc224c-013a-4cc1-98e8-a39f062f266b,coder-01,44,2026-02-13 11:55:53.71,file_write,140,f
034f9e78-d20f-4654-b966-e82320e25f00,69d8d66c-77b2-4250-9dc8-c52fbbe15c67,coder-01,25,2026-02-13 11:55:53.717,file_write,147,f
3fb7df5f-798d-4473-a793-853de46c9b1b,bd725b15-8f05-48c1-86ee-566821f22c69,coder-01,19,2026-02-13 11:55:53.723,file_write,154,f
227ccbc4-2aaf-402b-8466-2cf39f48d129,d7dc224c-013a-4cc1-98e8-a39f062f266b,coder-01,15,2026-02-13 11:55:53.73,file_write,160,f
ec073b19-49a3-4bf2-b31d-b09b0794990c,e98343a8-9d76-42f9-9b00-8807c9a75699,coder-01,19,2026-02-13 11:55:53.736,file_write,166,f
8475762e-fc05-4c16-875c-886d42c5d397,77dc4b56-eb73-4241-b51c-290cbb175d6a,coder-01,2,2026-02-13 11:55:53.741,file_write,172,f
77c61b8f-6a9d-439d-87f8-efd6f5625eea,77dc4b56-eb73-4241-b51c-290cbb175d6a,coder-01,1,2026-02-13 11:55:53.747,file_write,178,f
4db8a3cf-1382-4250-9c72-19b2f0c5f633,d7dc224c-013a-4cc1-98e8-a39f062f266b,coder-01,62,2026-02-13 12:05:58.358,shell_run,204,f
54dffa57-0c37-4b9d-ab42-e8c34966fdac,e98343a8-9d76-42f9-9b00-8807c9a75699,coder-01,66,2026-02-13 12:05:58.368,shell_run,214,f
ad87bce7-1fc8-4b69-8934-d664b1a35a35,77dc4b56-eb73-4241-b51c-290cbb175d6a,coder-01,49,2026-02-13 12:05:58.375,shell_run,222,f
80c88ed9-08d3-4c39-8325-d5af18112518,77dc4b56-eb73-4241-b51c-290cbb175d6a,coder-01,64,2026-02-13 12:05:58.382,shell_run,228,f
77e2164e-25a6-4ab6-943b-88f8a6a3d5ce,ba8a1da7-2c5d-43d7-bd94-14f808a1c77e,coder-01,56,2026-02-13 12:05:58.388,shell_run,235,f
5a838f4b-7c30-451e-a89f-3abf510a40e1,476561aa-39d6-444e-a0b1-f0888b9ddb4c,coder-01,31,2026-02-13 12:05:58.395,shell_run,241,f
5522cebe-c1a2-4ff4-a989-54450e96f100,103a6302-b032-460d-a216-d9845407b8ce,coder-01,26,2026-02-13 12:05:58.402,shell_run,248,f
3ca7fa02-c349-4e2c-9344-e2029a04e6e5,6790e431-4fc3-4003-a73d-2cac2f38c999,coder-01,20,2026-02-13 12:05:58.408,shell_run,255,f
3f6e1704-2630-4e40-8977-bbbac13b03b8,b2e8c360-37e0-4c79-b8b1-86cc0b38a798,coder-01,21,2026-02-13 12:05:58.415,shell_run,261,f
2b5addf1-e1ca-4541-9a50-3fa365a15f1a,911cf95c-65d0-4a50-b75d-bfc9021c5fc2,coder-01,14,2026-02-13 12:05:58.422,shell_run,268,f
a3edb10e-0efa-43c7-a198-e3369b4dcbd3,5c4e8777-119d-41e3-acf0-411722b5a02c,coder-01,151,2026-02-13 11:55:55.787,shell_run,0,f
baf40d5c-208c-44a6-b5f5-047fb5689740,1012d0d2-dff7-467f-9a21-f8c7b0924075,coder-01,147,2026-02-13 11:55:55.798,shell_run,11,f
c0c915f4-52c2-4553-89bf-176c6f7359f4,6243144d-a5d2-4eeb-8994-390dc9a13e12,coder-01,159,2026-02-13 11:55:55.804,shell_run,17,f
63e4f2fa-c2ff-41a2-ac22-ccaef3ea7a04,eb17b408-aba9-4859-9bfa-5e89104bfffa,coder-01,138,2026-02-13 11:55:55.811,shell_run,25,f
9b84a0e4-e0cb-4a59-8655-6b31225579c2,67a94aa5-3189-4c68-8566-6b8a4fae7546,coder-01,131,2026-02-13 11:55:55.817,shell_run,31,f
fae505f6-c0b7-4468-9178-6a71b667323d,6d5b4a6a-5aa8-4a3d-8f7a-cfea16412d2a,coder-01,130,2026-02-13 11:55:55.823,shell_run,37,f
652e2832-ce2f-4522-aedc-d443acf2ec2b,f558af5d-25ba-479e-8e8b-90a8aaa1ce79,coder-01,131,2026-02-13 11:55:55.83,shell_run,43,f
ea915d38-e30c-4a02-9372-21f4d53ab344,c6f48a65-7b86-4956-b82d-dc010642d5e4,coder-01,127,2026-02-13 11:55:55.836,shell_run,50,f
89bf2efb-9305-4d4c-893f-e013850291f0,6f1d2123-e697-4e8a-8633-b4308b565ef5,coder-01,137,2026-02-13 11:55:55.842,shell_run,56,f
d822785b-51a5-42b2-82ef-9ad0d7df06db,83a0bbf4-d843-4f97-8b74-113188decd72,coder-01,111,2026-02-13 11:55:55.848,shell_run,62,f
5634188c-11d5-43db-9244-316eec5c714d,d1a3ab9b-4da3-4a08-859f-be8a200569b1,coder-01,127,2026-02-13 11:55:55.854,shell_run,67,f
4a85ad4e-80b7-4d6e-ad32-ce9bb55417f4,f89c597b-097d-4f1e-8bc4-5a4c0b16fb71,coder-01,145,2026-02-13 11:55:55.86,shell_run,73,f
a7982e5b-f343-45d7-87e9-57d5762bcf04,6f1d2123-e697-4e8a-8633-b4308b565ef5,coder-01,109,2026-02-13 11:55:55.865,shell_run,79,f
c4f595e5-be5b-4f5a-bf25-c34daadfe828,3dd1bb00-9339-4be7-97ab-5bba3e98f695,coder-01,67,2026-02-13 11:55:55.871,shell_run,84,f
a03c5ae9-0bf4-4c24-ac1d-dff7587e3aa9,269ba714-8324-432f-b2a3-b20bf11e1e33,coder-01,61,2026-02-13 11:55:55.876,shell_run,90,f
23fe5983-cb03-4043-9264-6499d63478d0,22ac8e2f-da14-498d-afe0-8a90443c4fe0,coder-01,68,2026-02-13 11:55:55.882,shell_run,96,f
0c90f505-d490-4e79-995f-ec323312c962,6fb4500c-c316-4f3e-a7fd-c4b49f63def0,coder-01,55,2026-02-13 11:55:55.888,shell_run,102,f
959022e1-df63-45f5-a06f-a1ab1d6d8736,9dfb7c24-167b-482f-a929-22211c91e398,coder-01,51,2026-02-13 11:55:55.895,shell_run,108,f
b3f9f921-5329-4d54-977c-ebaf70fda42e,b6a07738-f434-47d5-b2c8-73d6208fb99e,coder-01,44,2026-02-13 11:55:55.903,shell_run,116,f
7dac0ddd-4fd1-45ae-a20c-6bd1ebc7cf59,c709783c-1f03-4937-9b49-fdd6f3c2fcb3,coder-01,47,2026-02-13 11:55:55.909,shell_run,123,f
a5a613b9-7373-4e30-9b20-39b350c43b3f,c544138c-7b9c-4074-9390-7563f48d3dfd,coder-01,39,2026-02-13 11:55:55.917,shell_run,129,f
7164949c-45e0-4419-8b90-6911786580da,a616133e-d0c0-4cf0-b366-8ad458906eb2,coder-01,34,2026-02-13 11:55:55.924,shell_run,137,f
441639aa-0755-4a7f-8015-1c8cd28abe21,77dc4b56-eb73-4241-b51c-290cbb175d6a,coder-01,23,2026-02-13 11:58:37.327,"the action to take, only one name of [file_read, file_write, file_edit, file_list, shell_run, code_search, find_file], just the name, exactly as it's written.",,f
583f3ee7-8697-4fba-bdaf-d748e32a6a52,e5d0cdaa-0921-42ae-b7ea-d83faeb4156e,coder-01,49,2026-02-13 11:55:55.931,shell_run,144,f
9a684534-d898-4ae3-be50-961db0c5b7a1,d7dc224c-013a-4cc1-98e8-a39f062f266b,coder-01,45,2026-02-13 11:55:55.937,shell_run,151,f
1020344d-e2f1-448d-9615-9ad07f2c8ba8,69d8d66c-77b2-4250-9dc8-c52fbbe15c67,coder-01,26,2026-02-13 11:55:55.944,shell_run,157,f
670218bc-bea7-42c7-ae79-a4c2a37771b5,bd725b15-8f05-48c1-86ee-566821f22c69,coder-01,20,2026-02-13 11:55:55.95,shell_run,164,f
f84feca9-2997-43e1-adb7-2c3f7bb96da1,d7dc224c-013a-4cc1-98e8-a39f062f266b,coder-01,16,2026-02-13 11:55:55.956,shell_run,170,f
e29e58d5-9ef7-4d67-bf3c-13a289914a01,e98343a8-9d76-42f9-9b00-8807c9a75699,coder-01,20,2026-02-13 11:55:55.962,shell_run,176,f
ddd9e8fa-be1c-4284-b2f7-f919648eeb35,77dc4b56-eb73-4241-b51c-290cbb175d6a,coder-01,3,2026-02-13 11:55:55.969,shell_run,182,f
b2e0dd02-fc3d-4a3d-8055-db67cdce5967,77dc4b56-eb73-4241-b51c-290cbb175d6a,coder-01,2,2026-02-13 11:55:55.976,shell_run,189,f
ace59ebd-f834-44c2-bf10-b4b2c2ebd507,5c4e8777-119d-41e3-acf0-411722b5a02c,coder-01,152,2026-02-13 11:55:59.332,file_write,7,f
0daa9d08-ccb7-4cc6-8e24-b8969a66b44c,1012d0d2-dff7-467f-9a21-f8c7b0924075,coder-01,148,2026-02-13 11:55:59.343,file_write,19,f
b896c7ad-26a8-4790-b0ad-749775b7c0c7,6243144d-a5d2-4eeb-8994-390dc9a13e12,coder-01,160,2026-02-13 11:55:59.35,file_write,25,f
50f05892-dd82-4711-ad3d-87c266fd7448,eb17b408-aba9-4859-9bfa-5e89104bfffa,coder-01,139,2026-02-13 11:55:59.356,file_write,32,f
d883d5b6-db76-4fcd-ab17-b9be5fc816ef,67a94aa5-3189-4c68-8566-6b8a4fae7546,coder-01,132,2026-02-13 11:55:59.361,file_write,37,f
9c785854-22dc-45a8-ba4e-210b688ad772,6d5b4a6a-5aa8-4a3d-8f7a-cfea16412d2a,coder-01,131,2026-02-13 11:55:59.367,file_write,43,f
f1fc20a6-3626-4f22-87a5-769749c980b7,f558af5d-25ba-479e-8e8b-90a8aaa1ce79,coder-01,132,2026-02-13 11:55:59.372,file_write,49,f
41da3da1-0a37-47e4-8634-49b349a596d4,c6f48a65-7b86-4956-b82d-dc010642d5e4,coder-01,128,2026-02-13 11:55:59.378,file_write,54,f
89a09ac9-e36c-4921-a109-9c1d9fe5c4ec,6f1d2123-e697-4e8a-8633-b4308b565ef5,coder-01,138,2026-02-13 11:55:59.383,file_write,59,f
143f41bc-b149-485b-bf26-2fdbc4abda46,83a0bbf4-d843-4f97-8b74-113188decd72,coder-01,112,2026-02-13 11:55:59.388,file_write,64,f
f8f3b899-a641-4e3a-b901-a6e2f94508d9,d1a3ab9b-4da3-4a08-859f-be8a200569b1,coder-01,128,2026-02-13 11:55:59.393,file_write,69,f
a8c84809-04b2-4ed4-8b14-0968f8211c58,f89c597b-097d-4f1e-8bc4-5a4c0b16fb71,coder-01,146,2026-02-13 11:55:59.398,file_write,74,f
167c0e98-ed5b-4d2d-8080-9e8ce9132546,6f1d2123-e697-4e8a-8633-b4308b565ef5,coder-01,110,2026-02-13 11:55:59.403,file_write,79,f
41aa3680-5a94-4dee-be5e-f2ee621a2b04,3dd1bb00-9339-4be7-97ab-5bba3e98f695,coder-01,68,2026-02-13 11:55:59.409,file_write,85,f
023b157a-41a8-4d35-a84f-c02d4455fa1f,269ba714-8324-432f-b2a3-b20bf11e1e33,coder-01,62,2026-02-13 11:55:59.415,file_write,91,f
d75261eb-ad64-4041-a988-844e1e0e296d,22ac8e2f-da14-498d-afe0-8a90443c4fe0,coder-01,69,2026-02-13 11:55:59.42,file_write,96,f
a4027ad8-8733-4e64-8770-8e6c8a90786c,6fb4500c-c316-4f3e-a7fd-c4b49f63def0,coder-01,56,2026-02-13 11:55:59.426,file_write,102,f
9d196433-4974-496c-938f-c4a8569cf355,9dfb7c24-167b-482f-a929-22211c91e398,coder-01,52,2026-02-13 11:55:59.431,file_write,108,f
c7badbcf-9005-4b1c-b13a-52656d17630d,b6a07738-f434-47d5-b2c8-73d6208fb99e,coder-01,45,2026-02-13 11:55:59.438,file_write,113,f
847b8043-f810-4850-9a4a-10ade4ff807a,c709783c-1f03-4937-9b49-fdd6f3c2fcb3,coder-01,48,2026-02-13 11:55:59.444,file_write,120,f
5e0d17ed-9a20-4d30-ac17-d0ec0a2098fc,c544138c-7b9c-4074-9390-7563f48d3dfd,coder-01,40,2026-02-13 11:55:59.451,file_write,126,f
f2901439-8654-4939-8527-5343fc9ec9f9,a616133e-d0c0-4cf0-b366-8ad458906eb2,coder-01,35,2026-02-13 11:55:59.457,file_write,132,f
2fece464-8eb9-43af-a30c-cb1bda5e9a94,e5d0cdaa-0921-42ae-b7ea-d83faeb4156e,coder-01,50,2026-02-13 11:55:59.462,file_write,138,f
573f816b-8f01-4db3-83fb-722a4c52446e,d7dc224c-013a-4cc1-98e8-a39f062f266b,coder-01,46,2026-02-13 11:55:59.468,file_write,144,f
0559fccc-2659-44b6-aaa9-7c87839cf926,69d8d66c-77b2-4250-9dc8-c52fbbe15c67,coder-01,27,2026-02-13 11:55:59.473,file_write,149,f
389a5e7f-de06-4138-8bce-1f1a260aab4c,bd725b15-8f05-48c1-86ee-566821f22c69,coder-01,21,2026-02-13 11:55:59.478,file_write,154,f
d699b767-38b0-458d-9543-a6f713b0dbff,d7dc224c-013a-4cc1-98e8-a39f062f266b,coder-01,17,2026-02-13 11:55:59.483,file_write,159,f
fb369ef5-3854-4fd6-8488-b93988cb0c70,e98343a8-9d76-42f9-9b00-8807c9a75699,coder-01,21,2026-02-13 11:55:59.489,file_write,165,f
e4dbe977-bee2-4825-8b23-f383cde3dcb1,77dc4b56-eb73-4241-b51c-290cbb175d6a,coder-01,4,2026-02-13 11:55:59.494,file_write,171,f
0fdf9a92-ad11-4fd2-be7f-6c59c0bad0f1,77dc4b56-eb73-4241-b51c-290cbb175d6a,coder-01,3,2026-02-13 11:55:59.5,file_write,176,f
e1da77ed-f542-46bc-a080-35017cb7c292,5c4e8777-119d-41e3-acf0-411722b5a02c,coder-01,153,2026-02-13 11:56:02.978,shell_run,1296,f
ae8e4d0b-9656-4551-a536-2d5f806c811a,1012d0d2-dff7-467f-9a21-f8c7b0924075,coder-01,149,2026-02-13 11:56:02.986,shell_run,1304,f
40150868-04e2-4044-a330-8c6e09b35183,6243144d-a5d2-4eeb-8994-390dc9a13e12,coder-01,161,2026-02-13 11:56:02.992,shell_run,1311,f
1b637226-1f7d-4646-8bd7-a7afc7c1188a,22ac8e2f-da14-498d-afe0-8a90443c4fe0,coder-01,74,2026-02-13 11:56:55.907,file_edit,129,f
e7e396cc-d621-4613-9df6-1c94e0f4135e,77dc4b56-eb73-4241-b51c-290cbb175d6a,coder-01,24,2026-02-13 11:58:37.334,unknown,,f
63208421-e5b5-4931-9844-8c83a1a70d77,eb17b408-aba9-4859-9bfa-5e89104bfffa,coder-01,140,2026-02-13 11:56:03,shell_run,1318,f
d84847e7-179d-4c66-999d-dbd794657e91,67a94aa5-3189-4c68-8566-6b8a4fae7546,coder-01,133,2026-02-13 11:56:03.006,shell_run,1325,f
b0855c83-f26a-478a-af9e-4131b39e1dcb,6d5b4a6a-5aa8-4a3d-8f7a-cfea16412d2a,coder-01,132,2026-02-13 11:56:03.013,shell_run,1332,f
2f14023d-8025-4ead-9530-d2fe92f714cd,f558af5d-25ba-479e-8e8b-90a8aaa1ce79,coder-01,133,2026-02-13 11:56:03.019,shell_run,1338,f
a2b53fc9-677d-4612-9685-fcbaf81e36f1,c6f48a65-7b86-4956-b82d-dc010642d5e4,coder-01,129,2026-02-13 11:56:03.025,shell_run,1344,f
76aac41d-749f-4960-a572-4c4d05e6c870,5c4e8777-119d-41e3-acf0-411722b5a02c,coder-01,157,2026-02-13 11:56:55.791,file_edit,13,f
b8ec8610-c604-4db3-9a6f-5501d944ef6c,1012d0d2-dff7-467f-9a21-f8c7b0924075,coder-01,153,2026-02-13 11:56:55.804,file_edit,27,f
8bade524-2f25-4737-966e-6b39a84b5d25,6243144d-a5d2-4eeb-8994-390dc9a13e12,coder-01,165,2026-02-13 11:56:55.811,file_edit,34,f
79971554-f955-4f96-be03-653c02944e2f,eb17b408-aba9-4859-9bfa-5e89104bfffa,coder-01,144,2026-02-13 11:56:55.819,file_edit,42,f
2cc28b14-a302-4929-b1b4-5508da60e98c,67a94aa5-3189-4c68-8566-6b8a4fae7546,coder-01,137,2026-02-13 11:56:55.826,file_edit,49,f
69d19a13-e01c-41ce-b21b-4f2fd8c6c580,6d5b4a6a-5aa8-4a3d-8f7a-cfea16412d2a,coder-01,136,2026-02-13 11:56:55.834,file_edit,57,f
464df473-1508-4ecf-bef0-01dc8a2f631c,f558af5d-25ba-479e-8e8b-90a8aaa1ce79,coder-01,137,2026-02-13 11:56:55.841,file_edit,64,f
19fffa41-f636-4d58-885d-c24c36a6e28d,c6f48a65-7b86-4956-b82d-dc010642d5e4,coder-01,133,2026-02-13 11:56:55.848,file_edit,71,f
1d4742e3-bb3c-4242-826a-1d40dad47ff1,6f1d2123-e697-4e8a-8633-b4308b565ef5,coder-01,143,2026-02-13 11:56:55.855,file_edit,78,f
a72ee364-f4f1-4c4c-be7e-a133b519cdd3,83a0bbf4-d843-4f97-8b74-113188decd72,coder-01,117,2026-02-13 11:56:55.862,file_edit,85,f
135561f4-6bea-4602-98ed-75ceca8b7798,d1a3ab9b-4da3-4a08-859f-be8a200569b1,coder-01,133,2026-02-13 11:56:55.869,file_edit,92,f
303c1a32-b884-4113-809e-e42c810a1180,f89c597b-097d-4f1e-8bc4-5a4c0b16fb71,coder-01,151,2026-02-13 11:56:55.876,file_edit,99,f
ce75600e-1cdf-4a29-92af-2ed34f957e4e,6f1d2123-e697-4e8a-8633-b4308b565ef5,coder-01,115,2026-02-13 11:56:55.884,file_edit,107,f
782aa5ab-ce6b-4cf3-bf80-07a0e68edb75,3dd1bb00-9339-4be7-97ab-5bba3e98f695,coder-01,73,2026-02-13 11:56:55.891,file_edit,114,f
f3c8a71a-a2eb-4d91-9cb1-72eb90d25fce,269ba714-8324-432f-b2a3-b20bf11e1e33,coder-01,67,2026-02-13 11:56:55.899,file_edit,122,f
28364b73-9979-4e7d-9488-e43a757e4839,6fb4500c-c316-4f3e-a7fd-c4b49f63def0,coder-01,61,2026-02-13 11:56:55.913,file_edit,137,f
ba202c8e-c8b0-4399-b894-85f2ad0a1a73,9dfb7c24-167b-482f-a929-22211c91e398,coder-01,57,2026-02-13 11:56:55.921,file_edit,144,f
0a532fe4-6971-4ccf-9350-862793e0aa13,b6a07738-f434-47d5-b2c8-73d6208fb99e,coder-01,50,2026-02-13 11:56:55.927,file_edit,151,f
ef4a27a3-6d4f-44f8-a836-952783413c49,c709783c-1f03-4937-9b49-fdd6f3c2fcb3,coder-01,53,2026-02-13 11:56:55.935,file_edit,158,f
d06213dc-436e-42b7-91bc-5b3a1fca9df1,c544138c-7b9c-4074-9390-7563f48d3dfd,coder-01,45,2026-02-13 11:56:55.942,file_edit,165,f
daf09654-4be4-4e2f-aaa3-164389b95e89,a616133e-d0c0-4cf0-b366-8ad458906eb2,coder-01,40,2026-02-13 11:56:55.948,file_edit,171,f
fcffa49a-0d36-4510-a819-c20805bc2861,e5d0cdaa-0921-42ae-b7ea-d83faeb4156e,coder-01,55,2026-02-13 11:56:55.955,file_edit,179,f
c3bb6c70-41a2-44ea-b6cb-ca98ef3a9c48,d7dc224c-013a-4cc1-98e8-a39f062f266b,coder-01,51,2026-02-13 11:56:55.962,file_edit,186,f
48be83a5-392c-4a1b-bb6b-7e5e59c5dbd0,69d8d66c-77b2-4250-9dc8-c52fbbe15c67,coder-01,32,2026-02-13 11:56:55.97,file_edit,193,f
5702e147-e58b-44f5-afaa-85241da05055,bd725b15-8f05-48c1-86ee-566821f22c69,coder-01,26,2026-02-13 11:56:55.978,file_edit,202,f
27d72c8f-d4bd-476b-8a8d-5b1b3af1e945,d7dc224c-013a-4cc1-98e8-a39f062f266b,coder-01,22,2026-02-13 11:56:55.988,file_edit,210,f
32135323-94f4-4457-85a7-ec99acfe92c0,e98343a8-9d76-42f9-9b00-8807c9a75699,coder-01,26,2026-02-13 11:56:55.996,file_edit,219,f
7b0ac1c4-ed90-4291-8319-a505c7d9d99c,77dc4b56-eb73-4241-b51c-290cbb175d6a,coder-01,9,2026-02-13 11:56:56.004,file_edit,227,f
fa2ae8a4-651f-4790-8879-687e186a0be0,77dc4b56-eb73-4241-b51c-290cbb175d6a,coder-01,8,2026-02-13 11:56:56.01,file_edit,234,f
e2a90169-33be-4ec6-8c79-93931d8d0d7e,77dc4b56-eb73-4241-b51c-290cbb175d6a,coder-01,9,2026-02-13 11:58:37.234,"the action to take, only one name of [file_read, file_write, file_edit, file_list, shell_run, code_search, find_file], just the name, exactly as it's written.",,f
bfe91c07-9927-4751-a607-d88c5df5f4c8,77dc4b56-eb73-4241-b51c-290cbb175d6a,coder-01,10,2026-02-13 11:58:37.241,unknown,,f
aae4fdae-f67c-4c99-a112-75eb42ec6529,77dc4b56-eb73-4241-b51c-290cbb175d6a,coder-01,11,2026-02-13 11:58:37.249,"the action to take, only one name of [file_read, file_write, file_edit, file_list, shell_run, code_search, find_file], just the name, exactly as it's written.",,f
4d6fabd4-2e75-4bd9-a79c-9662a3e503e1,77dc4b56-eb73-4241-b51c-290cbb175d6a,coder-01,12,2026-02-13 11:58:37.254,unknown,,f
4896d22b-2d36-4f13-a6af-4683b428429f,77dc4b56-eb73-4241-b51c-290cbb175d6a,coder-01,13,2026-02-13 11:58:37.261,"the action to take, only one name of [file_read, file_write, file_edit, file_list, shell_run, code_search, find_file], just the name, exactly as it's written.",,f
85e5844d-bc30-4783-a542-4d990c6419ae,77dc4b56-eb73-4241-b51c-290cbb175d6a,coder-01,14,2026-02-13 11:58:37.267,unknown,,f
a69cf266-512c-4dd3-b20c-2b240ad6e67c,77dc4b56-eb73-4241-b51c-290cbb175d6a,coder-01,15,2026-02-13 11:58:37.275,"the action to take, only one name of [file_read, file_write, file_edit, file_list, shell_run, code_search, find_file], just the name, exactly as it's written.",,f
aa33358c-ce7b-4f46-ab88-10c6ddac6086,77dc4b56-eb73-4241-b51c-290cbb175d6a,coder-01,16,2026-02-13 11:58:37.281,unknown,,f
04fa3a5e-a1ae-4188-86d5-057960299a39,77dc4b56-eb73-4241-b51c-290cbb175d6a,coder-01,17,2026-02-13 11:58:37.288,"the action to take, only one name of [file_read, file_write, file_edit, file_list, shell_run, code_search, find_file], just the name, exactly as it's written.",,f
50336eaa-16b2-4dc5-81ad-177273fd6454,77dc4b56-eb73-4241-b51c-290cbb175d6a,coder-01,18,2026-02-13 11:58:37.293,unknown,,f
eb170a56-699a-4987-b668-7c992e2d2251,77dc4b56-eb73-4241-b51c-290cbb175d6a,coder-01,19,2026-02-13 11:58:37.3,"the action to take, only one name of [file_read, file_write, file_edit, file_list, shell_run, code_search, find_file], just the name, exactly as it's written.",,f
8566c1f9-fb88-421b-b428-7fea4c425bdc,77dc4b56-eb73-4241-b51c-290cbb175d6a,coder-01,20,2026-02-13 11:58:37.306,unknown,,f
88d931e3-75ba-43bd-94d9-a2e7ba303615,77dc4b56-eb73-4241-b51c-290cbb175d6a,coder-01,21,2026-02-13 11:58:37.312,"the action to take, only one name of [file_read, file_write, file_edit, file_list, shell_run, code_search, find_file], just the name, exactly as it's written.",,f
1f2ee574-46be-44fc-8b37-34c264ac15be,77dc4b56-eb73-4241-b51c-290cbb175d6a,coder-01,4,2026-02-13 11:58:37.341,shell_run,1409,f
a4b6cebc-ba66-45a5-bfb8-e9b31272650b,77dc4b56-eb73-4241-b51c-290cbb175d6a,coder-01,5,2026-02-13 11:58:37.348,find_file,101,f
01d44be2-d0ca-4d0b-860e-d66219b12268,77dc4b56-eb73-4241-b51c-290cbb175d6a,coder-01,6,2026-02-13 11:58:37.355,file_read,68,f
829a8450-1eec-4827-b5f2-168b34af1614,77dc4b56-eb73-4241-b51c-290cbb175d6a,coder-01,7,2026-02-13 11:58:37.361,shell_run,1587,f
4ee38f40-c56d-41fa-b85a-29b603972a42,5c4e8777-119d-41e3-acf0-411722b5a02c,coder-01,158,2026-02-13 11:58:41.487,file_write,11,f
fb48bb9f-fdb6-4715-99fc-b507790fc38a,1012d0d2-dff7-467f-9a21-f8c7b0924075,coder-01,154,2026-02-13 11:58:41.499,file_write,24,f
45177725-9028-4c35-af9a-1f48d0255c1f,6243144d-a5d2-4eeb-8994-390dc9a13e12,coder-01,166,2026-02-13 11:58:41.506,file_write,31,f
370e1aa9-ff18-4dea-bcaa-171d1aa03af2,eb17b408-aba9-4859-9bfa-5e89104bfffa,coder-01,145,2026-02-13 11:58:41.512,file_write,38,f
bedb4ea7-9a86-4ae9-988f-9fd6450806c5,67a94aa5-3189-4c68-8566-6b8a4fae7546,coder-01,138,2026-02-13 11:58:41.52,file_write,44,f
d0b7a6c9-c55d-476a-b4eb-cdfefb0eb98f,6d5b4a6a-5aa8-4a3d-8f7a-cfea16412d2a,coder-01,137,2026-02-13 11:58:41.527,file_write,52,f
a91a4fb9-db25-4491-a3cf-31ee8045e2a9,f558af5d-25ba-479e-8e8b-90a8aaa1ce79,coder-01,138,2026-02-13 11:58:41.534,file_write,59,f
10b09f39-e75f-4eed-9123-8baaaf7eca0c,c6f48a65-7b86-4956-b82d-dc010642d5e4,coder-01,134,2026-02-13 11:58:41.541,file_write,66,f
a9b74ba8-eabf-4931-a343-7701230372a3,6f1d2123-e697-4e8a-8633-b4308b565ef5,coder-01,144,2026-02-13 11:58:41.549,file_write,74,f
e0280c03-0df5-4e13-b975-221ca5e9d8e0,83a0bbf4-d843-4f97-8b74-113188decd72,coder-01,118,2026-02-13 11:58:41.558,file_write,82,f
af6770a2-f792-420b-881e-b0986d52c68a,d1a3ab9b-4da3-4a08-859f-be8a200569b1,coder-01,134,2026-02-13 11:58:41.565,file_write,90,f
c993d4df-0678-4fe2-a5b6-e5caf398c414,f89c597b-097d-4f1e-8bc4-5a4c0b16fb71,coder-01,152,2026-02-13 11:58:41.572,file_write,97,f
7ab01f69-466b-4d40-86d6-6a625b01f1e7,6f1d2123-e697-4e8a-8633-b4308b565ef5,coder-01,116,2026-02-13 11:58:41.579,file_write,104,f
44aa5ba8-0c4a-4700-8ef5-520e5385a4e9,3dd1bb00-9339-4be7-97ab-5bba3e98f695,coder-01,74,2026-02-13 11:58:41.588,file_write,111,f
ccd1f3f7-8d10-47bc-9b4b-9eef72749e0c,269ba714-8324-432f-b2a3-b20bf11e1e33,coder-01,68,2026-02-13 11:58:41.594,file_write,120,f
34a03ff9-7879-40e2-9367-35b250cf83f3,22ac8e2f-da14-498d-afe0-8a90443c4fe0,coder-01,75,2026-02-13 11:58:41.602,file_write,126,f
fdd4d13d-50eb-4e97-9095-6633140a37aa,6fb4500c-c316-4f3e-a7fd-c4b49f63def0,coder-01,62,2026-02-13 11:58:41.61,file_write,134,f
1fc1d9a6-5d95-49d8-a528-501b8dc57842,9dfb7c24-167b-482f-a929-22211c91e398,coder-01,58,2026-02-13 11:58:41.621,file_write,146,f
7a7c552a-74ff-4a62-8114-f54e85e31ee9,b6a07738-f434-47d5-b2c8-73d6208fb99e,coder-01,51,2026-02-13 11:58:41.629,file_write,154,f
d89d0bf0-2e96-48c8-9853-2da0fa3f45a9,c709783c-1f03-4937-9b49-fdd6f3c2fcb3,coder-01,54,2026-02-13 11:58:41.64,file_write,164,f
66be7b44-2ce1-4401-a175-da7d83e545e2,c544138c-7b9c-4074-9390-7563f48d3dfd,coder-01,46,2026-02-13 11:58:41.649,file_write,173,f
9ff4e47c-fb23-4a32-a62b-f706090ce862,a616133e-d0c0-4cf0-b366-8ad458906eb2,coder-01,41,2026-02-13 11:58:41.656,file_write,181,f
1d65b7ff-a3c7-4410-a451-2c884d257b68,e5d0cdaa-0921-42ae-b7ea-d83faeb4156e,coder-01,56,2026-02-13 11:58:41.663,file_write,188,f
03e1aaa3-251d-4986-9da0-173c7126271b,d7dc224c-013a-4cc1-98e8-a39f062f266b,coder-01,52,2026-02-13 11:58:41.67,file_write,195,f
206a52c5-9b0f-4225-853c-ee5a3dd35147,69d8d66c-77b2-4250-9dc8-c52fbbe15c67,coder-01,33,2026-02-13 11:58:41.677,file_write,202,f
a33ddfc7-f2bb-45ad-9ac6-17d2cbc56a61,bd725b15-8f05-48c1-86ee-566821f22c69,coder-01,27,2026-02-13 11:58:41.685,file_write,210,f
fa065b23-4acf-4114-a46e-6e790f360710,d7dc224c-013a-4cc1-98e8-a39f062f266b,coder-01,23,2026-02-13 11:58:41.693,file_write,219,f
6dcfc52c-e32b-4a7c-904f-9d6167e48384,e98343a8-9d76-42f9-9b00-8807c9a75699,coder-01,27,2026-02-13 11:58:41.701,file_write,226,f
4cb442a7-36bd-4987-8546-b9568acd5997,77dc4b56-eb73-4241-b51c-290cbb175d6a,coder-01,10,2026-02-13 11:58:41.709,file_write,234,f
03328533-fec0-436d-918d-8cf097bfa2b7,77dc4b56-eb73-4241-b51c-290cbb175d6a,coder-01,25,2026-02-13 11:58:41.716,file_write,242,f
5a895dbb-2680-4735-9998-14efe16f8ef1,ba8a1da7-2c5d-43d7-bd94-14f808a1c77e,coder-01,1,2026-02-13 11:58:41.722,file_write,247,f
925fe702-d701-4fa2-ba8a-7b5c08e288fc,5c4e8777-119d-41e3-acf0-411722b5a02c,coder-01,159,2026-02-13 11:58:44.227,shell_run,0,f
95f8ebde-6f26-4558-a9f5-a7b49c19cf1f,1012d0d2-dff7-467f-9a21-f8c7b0924075,coder-01,155,2026-02-13 11:58:44.237,shell_run,11,f
6488ed5d-e1d0-48fd-bf24-ee144709f022,6243144d-a5d2-4eeb-8994-390dc9a13e12,coder-01,167,2026-02-13 11:58:44.244,shell_run,18,f
52859be0-5ef0-4e3b-855f-13972fc6c940,eb17b408-aba9-4859-9bfa-5e89104bfffa,coder-01,146,2026-02-13 11:58:44.251,shell_run,25,f
b3b60d27-2fdf-47c4-af53-ed56f287484d,67a94aa5-3189-4c68-8566-6b8a4fae7546,coder-01,139,2026-02-13 11:58:44.259,shell_run,32,f
55fb8e48-790e-472a-b3aa-ca7a2d04e788,6d5b4a6a-5aa8-4a3d-8f7a-cfea16412d2a,coder-01,138,2026-02-13 11:58:44.267,shell_run,40,f
df2bbbda-8cc9-44fd-8ed4-6b3e38dc3b35,f558af5d-25ba-479e-8e8b-90a8aaa1ce79,coder-01,139,2026-02-13 11:58:44.273,shell_run,47,f
33013824-ddcf-4b89-8ea0-f131bc6bb53f,c6f48a65-7b86-4956-b82d-dc010642d5e4,coder-01,135,2026-02-13 11:58:44.28,shell_run,53,f
3f949d92-4baf-4b0c-92f2-0592c87f9ee2,6f1d2123-e697-4e8a-8633-b4308b565ef5,coder-01,145,2026-02-13 11:58:44.288,shell_run,61,f
de2ca916-e37b-4a51-8ec0-b20515a7c5b5,83a0bbf4-d843-4f97-8b74-113188decd72,coder-01,119,2026-02-13 11:58:44.295,shell_run,68,f
fd9b6ab6-078e-4438-8d70-d30f740daf67,f7f88198-7fa6-49ed-97a2-e0f369dbc6f3,coder-01,11,2026-02-13 13:07:49.179,shell_run,183,f
7cb1675f-e7b7-4003-a986-ca0f78cf0f18,d1a3ab9b-4da3-4a08-859f-be8a200569b1,coder-01,135,2026-02-13 11:58:44.303,shell_run,75,f
c18af8e2-0f72-4b94-90fd-11038f06a547,f89c597b-097d-4f1e-8bc4-5a4c0b16fb71,coder-01,153,2026-02-13 11:58:44.315,shell_run,85,f
fa4cdaf3-7138-47b8-be0d-5b67d5bab14e,6f1d2123-e697-4e8a-8633-b4308b565ef5,coder-01,117,2026-02-13 11:58:44.325,shell_run,97,f
323ff64b-fcc6-4437-b5dd-abd49cb39485,3dd1bb00-9339-4be7-97ab-5bba3e98f695,coder-01,75,2026-02-13 11:58:44.335,shell_run,107,f
81674302-0a72-443c-b1e7-623077f12ef8,269ba714-8324-432f-b2a3-b20bf11e1e33,coder-01,69,2026-02-13 11:58:44.346,shell_run,117,f
3d18f87e-10c8-4e29-973f-4e9b8e2410ee,22ac8e2f-da14-498d-afe0-8a90443c4fe0,coder-01,76,2026-02-13 11:58:44.357,shell_run,128,f
f27332c6-a2b0-48ed-8f24-ba027594c5f0,6fb4500c-c316-4f3e-a7fd-c4b49f63def0,coder-01,63,2026-02-13 11:58:44.369,shell_run,139,f
807d5e37-18b6-415c-ba0e-a65012bbfbd4,9dfb7c24-167b-482f-a929-22211c91e398,coder-01,59,2026-02-13 11:58:44.379,shell_run,151,f
550e8483-0bc2-40b6-88f0-5c2c13f94b07,b6a07738-f434-47d5-b2c8-73d6208fb99e,coder-01,52,2026-02-13 11:58:44.387,shell_run,160,f
7412ca16-379e-4da6-96f0-bfb700825140,c709783c-1f03-4937-9b49-fdd6f3c2fcb3,coder-01,55,2026-02-13 11:58:44.399,shell_run,170,f
7b1c81cf-cb85-4045-8a09-2a0e39afac97,c544138c-7b9c-4074-9390-7563f48d3dfd,coder-01,47,2026-02-13 11:58:44.407,shell_run,180,f
a5e61b30-62cb-4524-8b64-6c083eb75550,a616133e-d0c0-4cf0-b366-8ad458906eb2,coder-01,42,2026-02-13 11:58:44.414,shell_run,188,f
280824b2-8f27-4fde-a81b-37fcdb2fe8f1,e5d0cdaa-0921-42ae-b7ea-d83faeb4156e,coder-01,57,2026-02-13 11:58:44.421,shell_run,194,f
f642375b-d6cc-4e71-b1ef-c5b10fdb74d7,d7dc224c-013a-4cc1-98e8-a39f062f266b,coder-01,53,2026-02-13 11:58:44.428,shell_run,202,f
c79ec2c8-1aa9-496e-a984-ba8d8da38ada,69d8d66c-77b2-4250-9dc8-c52fbbe15c67,coder-01,34,2026-02-13 11:58:44.434,shell_run,208,f
51c62f95-87d5-41e7-834e-fb7910c3bbba,bd725b15-8f05-48c1-86ee-566821f22c69,coder-01,28,2026-02-13 11:58:44.44,shell_run,214,f
1cdb6a10-6c44-4f0d-abe7-81279d3d75d7,d7dc224c-013a-4cc1-98e8-a39f062f266b,coder-01,24,2026-02-13 11:58:44.446,shell_run,220,f
201ba93d-90bd-4118-91f7-4bfa5d22bfdf,e98343a8-9d76-42f9-9b00-8807c9a75699,coder-01,28,2026-02-13 11:58:44.453,shell_run,227,f
0bdf87d0-00b0-4f55-a7b9-538ca14717d4,77dc4b56-eb73-4241-b51c-290cbb175d6a,coder-01,11,2026-02-13 11:58:44.459,shell_run,233,f
afd28cef-d23e-4406-b191-450ee4e51b46,77dc4b56-eb73-4241-b51c-290cbb175d6a,coder-01,26,2026-02-13 11:58:44.464,shell_run,239,f
e96f150f-2103-40df-90ac-ca7793d8572f,ba8a1da7-2c5d-43d7-bd94-14f808a1c77e,coder-01,2,2026-02-13 11:58:44.47,shell_run,244,f
d4cad177-df3a-4711-8784-6ba989e0a6a6,5c4e8777-119d-41e3-acf0-411722b5a02c,coder-01,160,2026-02-13 11:58:49.666,file_write,11,f
b82807b2-e6ce-4f7b-8ce3-f94fbf599ce4,1012d0d2-dff7-467f-9a21-f8c7b0924075,coder-01,156,2026-02-13 11:58:49.679,file_write,24,f
034a6fb7-a905-4eab-991c-d14ed71a8b9f,6243144d-a5d2-4eeb-8994-390dc9a13e12,coder-01,168,2026-02-13 11:58:49.686,file_write,32,f
e6514904-c342-424c-a610-325433ab6c88,eb17b408-aba9-4859-9bfa-5e89104bfffa,coder-01,147,2026-02-13 11:58:49.693,file_write,38,f
dade1df8-30b7-4c9a-8f26-77239a73496f,67a94aa5-3189-4c68-8566-6b8a4fae7546,coder-01,140,2026-02-13 11:58:49.699,file_write,45,f
b04a7b5f-ee6f-4a48-aec5-4f85f57ba873,6d5b4a6a-5aa8-4a3d-8f7a-cfea16412d2a,coder-01,139,2026-02-13 11:58:49.707,file_write,52,f
2dc6dd7e-64bb-4a47-81a3-e2e7524459ac,f558af5d-25ba-479e-8e8b-90a8aaa1ce79,coder-01,140,2026-02-13 11:58:49.713,file_write,59,f
f1f9d491-b22d-41a4-91d8-b5c17ffa459d,c6f48a65-7b86-4956-b82d-dc010642d5e4,coder-01,136,2026-02-13 11:58:49.719,file_write,65,f
cd6fdcc2-a533-4a4c-be7f-a0f1de17d980,6f1d2123-e697-4e8a-8633-b4308b565ef5,coder-01,146,2026-02-13 11:58:49.725,file_write,71,f
24c008b4-c480-4e54-8e71-a775efc3c2d5,83a0bbf4-d843-4f97-8b74-113188decd72,coder-01,120,2026-02-13 11:58:49.73,file_write,76,f
f95506eb-6fb2-4cfe-af61-ac26af2a91ce,d1a3ab9b-4da3-4a08-859f-be8a200569b1,coder-01,136,2026-02-13 11:58:49.736,file_write,82,f
2a4cf2ed-8036-4de8-94fb-71f9b58cd667,f89c597b-097d-4f1e-8bc4-5a4c0b16fb71,coder-01,154,2026-02-13 11:58:49.742,file_write,88,f
0bc109fb-9e99-4aed-9f87-837a4cab8500,6f1d2123-e697-4e8a-8633-b4308b565ef5,coder-01,118,2026-02-13 11:58:49.749,file_write,94,f
f9e3e1da-72c8-4e17-88a2-7ef376edbf21,3dd1bb00-9339-4be7-97ab-5bba3e98f695,coder-01,76,2026-02-13 11:58:49.755,file_write,101,f
7c1c6809-422b-4e05-84bd-9bd5af000f84,269ba714-8324-432f-b2a3-b20bf11e1e33,coder-01,70,2026-02-13 11:58:49.761,file_write,107,f
725c8a6c-07c7-4102-916e-cc3bed7f8c3a,22ac8e2f-da14-498d-afe0-8a90443c4fe0,coder-01,77,2026-02-13 11:58:49.768,file_write,114,f
407eb1cd-255e-4315-879d-46280dbddd96,6fb4500c-c316-4f3e-a7fd-c4b49f63def0,coder-01,64,2026-02-13 11:58:49.775,file_write,121,f
40ad9d57-d595-4744-a9fe-e05e6519443b,5c4e8777-119d-41e3-acf0-411722b5a02c,coder-01,164,2026-02-13 11:59:55.203,file_read,7,f
035afd4f-a58c-434a-9b16-90e0428c0eb9,1012d0d2-dff7-467f-9a21-f8c7b0924075,coder-01,160,2026-02-13 11:59:55.214,file_read,19,f
fa25bc58-6eeb-49c9-acf0-c19a827b7790,6243144d-a5d2-4eeb-8994-390dc9a13e12,coder-01,172,2026-02-13 11:59:55.22,file_read,26,f
f0daf721-2ca9-4e7e-a5d9-74e39756c144,eb17b408-aba9-4859-9bfa-5e89104bfffa,coder-01,151,2026-02-13 11:59:55.226,file_read,32,f
7e4b1db7-fe82-4d3c-b430-68e8e3085fd9,67a94aa5-3189-4c68-8566-6b8a4fae7546,coder-01,144,2026-02-13 11:59:55.232,file_read,38,f
8bec58b8-f483-4b4b-88f3-2d3d3931d422,6d5b4a6a-5aa8-4a3d-8f7a-cfea16412d2a,coder-01,143,2026-02-13 11:59:55.237,file_read,43,f
69be2e4a-68f1-4345-9cef-6af857fe03aa,f558af5d-25ba-479e-8e8b-90a8aaa1ce79,coder-01,144,2026-02-13 11:59:55.243,file_read,49,f
5eab122f-f449-4b1f-b79b-a530d45ecee0,c6f48a65-7b86-4956-b82d-dc010642d5e4,coder-01,140,2026-02-13 11:59:55.249,file_read,55,f
a0dd64d6-e24b-49f3-9442-3b7a7e5ca8a5,6f1d2123-e697-4e8a-8633-b4308b565ef5,coder-01,150,2026-02-13 11:59:55.255,file_read,61,f
18f30446-ec0b-411d-85e4-114f5a607aee,83a0bbf4-d843-4f97-8b74-113188decd72,coder-01,124,2026-02-13 11:59:55.261,file_read,67,f
b3052c7a-2b7b-4d71-bb7b-f2d2d717f9bc,d1a3ab9b-4da3-4a08-859f-be8a200569b1,coder-01,140,2026-02-13 11:59:55.267,file_read,73,f
2564bedd-6fef-470b-89bf-3a654eeb6255,f89c597b-097d-4f1e-8bc4-5a4c0b16fb71,coder-01,158,2026-02-13 11:59:55.273,file_read,80,f
7f6b954d-dd66-460f-8a8d-8e355b7bad77,6f1d2123-e697-4e8a-8633-b4308b565ef5,coder-01,122,2026-02-13 11:59:55.28,file_read,86,f
96e8022a-72ff-4898-a769-69ac298b4212,3dd1bb00-9339-4be7-97ab-5bba3e98f695,coder-01,80,2026-02-13 11:59:55.286,file_read,92,f
493f2b4b-594c-4f49-9dfa-6020f61efeff,269ba714-8324-432f-b2a3-b20bf11e1e33,coder-01,74,2026-02-13 11:59:55.293,file_read,98,f
22a63329-b3fc-4154-84e9-2328ca16b62c,22ac8e2f-da14-498d-afe0-8a90443c4fe0,coder-01,81,2026-02-13 11:59:55.301,file_read,105,f
0e6eddcf-f3ae-4b75-8d2b-e1b7ba2f3e0d,6fb4500c-c316-4f3e-a7fd-c4b49f63def0,coder-01,68,2026-02-13 11:59:55.307,file_read,113,f
ab7149df-d449-474c-8e5c-13a84f91405e,9dfb7c24-167b-482f-a929-22211c91e398,coder-01,64,2026-02-13 11:59:55.313,file_read,119,f
f3cb878b-b471-4f34-ac23-c87059596266,b6a07738-f434-47d5-b2c8-73d6208fb99e,coder-01,57,2026-02-13 11:59:55.319,file_read,125,f
7a81d163-f7a1-42ff-bd2f-317293b0ab2e,c709783c-1f03-4937-9b49-fdd6f3c2fcb3,coder-01,60,2026-02-13 11:59:55.325,file_read,131,f
53a22e60-b0c3-4a23-ace7-b67c6b15b1c8,c544138c-7b9c-4074-9390-7563f48d3dfd,coder-01,52,2026-02-13 11:59:55.331,file_read,137,f
19a08c76-020a-43e5-8188-20acf6835863,a616133e-d0c0-4cf0-b366-8ad458906eb2,coder-01,47,2026-02-13 11:59:55.338,file_read,143,f
3cb24e9b-6450-45e5-a3a7-324582c78c76,e5d0cdaa-0921-42ae-b7ea-d83faeb4156e,coder-01,62,2026-02-13 11:59:55.344,file_read,150,f
770053fb-bcb7-4f94-9216-162146c764d6,69d8d66c-77b2-4250-9dc8-c52fbbe15c67,coder-01,39,2026-02-13 11:59:55.356,file_read,162,f
09dd9ac6-8ac5-4497-a861-fc2bc2fd2af2,bd725b15-8f05-48c1-86ee-566821f22c69,coder-01,33,2026-02-13 11:59:55.363,file_read,169,f
579ca1e5-01ca-4c41-8e7c-f22ac35925cc,d7dc224c-013a-4cc1-98e8-a39f062f266b,coder-01,29,2026-02-13 11:59:55.369,file_read,175,f
61a22cc0-179e-481c-a425-81b9a49af20d,e98343a8-9d76-42f9-9b00-8807c9a75699,coder-01,33,2026-02-13 11:59:55.375,file_read,181,f
00ed20f7-62a7-4b2b-8b7e-a9c429ab562d,77dc4b56-eb73-4241-b51c-290cbb175d6a,coder-01,16,2026-02-13 11:59:55.381,file_read,187,f
7bb46b59-2727-488e-a995-9da03d271a11,77dc4b56-eb73-4241-b51c-290cbb175d6a,coder-01,31,2026-02-13 11:59:55.388,file_read,193,f
3222bd50-3a23-479d-8629-14fe5a6fc2e7,ba8a1da7-2c5d-43d7-bd94-14f808a1c77e,coder-01,7,2026-02-13 11:59:55.394,file_read,200,f
e7390130-c586-41ee-ad06-4c66fed4a07c,5c4e8777-119d-41e3-acf0-411722b5a02c,coder-01,165,2026-02-13 12:00:02.396,shell_run,2682,f
e3b7a88d-5044-4b07-82bf-1c9dc3b6048e,1012d0d2-dff7-467f-9a21-f8c7b0924075,coder-01,161,2026-02-13 12:00:02.41,shell_run,2698,f
af4a20fa-0809-48fc-81c3-f339a00a4f09,6243144d-a5d2-4eeb-8994-390dc9a13e12,coder-01,173,2026-02-13 12:00:02.416,shell_run,2704,f
5238e59f-9ba7-44fc-aceb-1aee3b1d7c8d,eb17b408-aba9-4859-9bfa-5e89104bfffa,coder-01,152,2026-02-13 12:00:02.422,shell_run,2710,f
ddf2ff76-3305-4c03-80d2-0b6f583f88ba,67a94aa5-3189-4c68-8566-6b8a4fae7546,coder-01,145,2026-02-13 12:00:02.428,shell_run,2715,f
3449d479-144b-43d5-b264-337829c26739,6d5b4a6a-5aa8-4a3d-8f7a-cfea16412d2a,coder-01,144,2026-02-13 12:00:02.435,shell_run,2722,f
cd23eb5a-740d-448c-a388-4ac3e7dd3014,20dc51ff-c823-4f2f-885b-da6c8c8abe94,coder-01,9,2026-02-13 13:07:49.186,shell_run,190,f
2c54db8b-8cb4-4814-a114-683b8df2bd5e,f558af5d-25ba-479e-8e8b-90a8aaa1ce79,coder-01,145,2026-02-13 12:00:02.441,shell_run,2728,f
2c538490-8134-4076-b761-c5044cbbead3,c6f48a65-7b86-4956-b82d-dc010642d5e4,coder-01,141,2026-02-13 12:00:02.449,shell_run,2736,f
ba7bd92d-fe30-46ab-a936-c4dff5bc3518,6f1d2123-e697-4e8a-8633-b4308b565ef5,coder-01,151,2026-02-13 12:00:02.455,shell_run,2742,f
3e14400c-d43d-47ec-9d79-8a2a33b5d207,83a0bbf4-d843-4f97-8b74-113188decd72,coder-01,125,2026-02-13 12:00:02.461,shell_run,2748,f
93268d88-caf6-433e-932a-579a63d03a16,d1a3ab9b-4da3-4a08-859f-be8a200569b1,coder-01,141,2026-02-13 12:00:02.467,shell_run,2754,f
643f74e6-5ff4-4c03-a468-b37c6cf8ac3c,f89c597b-097d-4f1e-8bc4-5a4c0b16fb71,coder-01,159,2026-02-13 12:00:02.473,shell_run,2760,f
26abcb96-a10b-4826-93a5-83a1429359ee,6f1d2123-e697-4e8a-8633-b4308b565ef5,coder-01,123,2026-02-13 12:00:02.478,shell_run,2766,f
9d28eef5-0328-4700-8432-7f696fff2f80,3dd1bb00-9339-4be7-97ab-5bba3e98f695,coder-01,81,2026-02-13 12:00:02.484,shell_run,2772,f
0f51f792-b216-404f-a970-29fd4e4f39bb,269ba714-8324-432f-b2a3-b20bf11e1e33,coder-01,75,2026-02-13 12:00:02.49,shell_run,2777,f
fc278dec-c8cf-4a2d-8101-471db8d8d79d,22ac8e2f-da14-498d-afe0-8a90443c4fe0,coder-01,82,2026-02-13 12:00:02.495,shell_run,2783,f
8df026a7-bbf5-4614-9ff0-2fcce2230cf8,6fb4500c-c316-4f3e-a7fd-c4b49f63def0,coder-01,69,2026-02-13 12:00:02.502,shell_run,2788,f
bcd7f3bb-dde5-4e84-a78a-e345708fd231,9dfb7c24-167b-482f-a929-22211c91e398,coder-01,65,2026-02-13 12:00:02.508,shell_run,2795,f
2a4775dc-b8b6-4b34-8f9b-acb732cbdd24,b6a07738-f434-47d5-b2c8-73d6208fb99e,coder-01,58,2026-02-13 12:00:02.514,shell_run,2801,f
a0dd7c6d-173f-4d64-8014-ee52d19bd963,c709783c-1f03-4937-9b49-fdd6f3c2fcb3,coder-01,61,2026-02-13 12:00:02.519,shell_run,2807,f
566908fa-a489-4ed1-98b6-4c254d87c49c,c544138c-7b9c-4074-9390-7563f48d3dfd,coder-01,53,2026-02-13 12:00:02.525,shell_run,2812,f
a46e0ea9-6e25-4678-b97d-129ac4dc6f71,a616133e-d0c0-4cf0-b366-8ad458906eb2,coder-01,48,2026-02-13 12:00:02.531,shell_run,2818,f
ada74fa6-c47b-4ffa-9c8b-5a329c83f6ba,e5d0cdaa-0921-42ae-b7ea-d83faeb4156e,coder-01,63,2026-02-13 12:00:02.537,shell_run,2824,f
5392d75e-d45c-4fc3-869a-2ed1940dcea8,d7dc224c-013a-4cc1-98e8-a39f062f266b,coder-01,59,2026-02-13 12:00:02.543,shell_run,2831,f
7cfd3d8f-ea44-4079-bb23-b6e86748c9ab,69d8d66c-77b2-4250-9dc8-c52fbbe15c67,coder-01,40,2026-02-13 12:00:02.55,shell_run,2837,f
df0f9dfc-0dc6-49ea-b925-4ef868fee2e4,bd725b15-8f05-48c1-86ee-566821f22c69,coder-01,34,2026-02-13 12:00:02.556,shell_run,2843,f
4a22cd46-d0c1-45ff-8ab2-ce46403beb46,d7dc224c-013a-4cc1-98e8-a39f062f266b,coder-01,30,2026-02-13 12:00:02.562,shell_run,2849,f
1c578e86-b58f-4132-856b-d9a6c2dd972c,e98343a8-9d76-42f9-9b00-8807c9a75699,coder-01,34,2026-02-13 12:00:02.568,shell_run,2855,f
f62bfdc0-a65c-4805-9350-d3e57906284a,77dc4b56-eb73-4241-b51c-290cbb175d6a,coder-01,17,2026-02-13 12:00:02.574,shell_run,2861,f
c1183ece-49a3-4e57-abbb-e888f29f5e1e,77dc4b56-eb73-4241-b51c-290cbb175d6a,coder-01,32,2026-02-13 12:00:02.58,shell_run,2867,f
cc6806f9-05aa-45a3-9c7c-78d944484a26,ba8a1da7-2c5d-43d7-bd94-14f808a1c77e,coder-01,8,2026-02-13 12:00:02.585,shell_run,2873,f
2d887974-1245-44bd-813a-59824e6fa00c,5c4e8777-119d-41e3-acf0-411722b5a02c,coder-01,166,2026-02-13 12:00:07.213,code_search,157,f
b2518fb7-5db5-41b1-886b-0c061c6acf75,1012d0d2-dff7-467f-9a21-f8c7b0924075,coder-01,162,2026-02-13 12:00:07.225,code_search,169,f
f4501f9c-293e-40fb-9cf1-dadd7cae35ed,6243144d-a5d2-4eeb-8994-390dc9a13e12,coder-01,174,2026-02-13 12:00:07.233,code_search,178,f
281f98af-bed4-4607-89f9-ce5942596658,eb17b408-aba9-4859-9bfa-5e89104bfffa,coder-01,153,2026-02-13 12:00:07.24,code_search,185,f
abc46df6-bdb1-4814-82ef-c31643185d71,67a94aa5-3189-4c68-8566-6b8a4fae7546,coder-01,146,2026-02-13 12:00:07.25,code_search,195,f
74264e80-11b5-4041-91ad-38059294d01c,f558af5d-25ba-479e-8e8b-90a8aaa1ce79,coder-01,148,2026-02-13 12:01:34.735,file_list,65,f
831cdb69-b541-46f2-a316-d3280ef14a15,6d5b4a6a-5aa8-4a3d-8f7a-cfea16412d2a,coder-01,145,2026-02-13 12:00:07.26,code_search,204,f
59d07eb0-d85b-4755-a455-76319ad1e481,f558af5d-25ba-479e-8e8b-90a8aaa1ce79,coder-01,146,2026-02-13 12:00:07.269,code_search,214,f
9422be22-e5e3-426d-aa88-6e473cedc331,c6f48a65-7b86-4956-b82d-dc010642d5e4,coder-01,142,2026-02-13 12:00:07.277,code_search,222,f
c3ca588c-f675-4b0c-89e9-8d35507cd8c6,6f1d2123-e697-4e8a-8633-b4308b565ef5,coder-01,152,2026-02-13 12:00:07.284,code_search,229,f
87d80cf8-aecf-4466-ac27-d715b0a8d705,83a0bbf4-d843-4f97-8b74-113188decd72,coder-01,126,2026-02-13 12:00:07.29,code_search,235,f
44363b75-8352-49ec-a742-d8cd75947dab,d1a3ab9b-4da3-4a08-859f-be8a200569b1,coder-01,142,2026-02-13 12:00:07.296,code_search,241,f
5e9e97de-0bcf-4a83-9e73-1ea15510801f,ba8a1da7-2c5d-43d7-bd94-14f808a1c77e,coder-01,26,2026-02-13 12:01:41.564,"the action to take, only one name of [file_read, file_write, file_edit, file_list, shell_run, code_search, find_file], just the name, exactly as it's written.",,f
afc2f59a-6de2-415d-8347-682fe5ac2345,ba8a1da7-2c5d-43d7-bd94-14f808a1c77e,coder-01,27,2026-02-13 12:01:41.57,unknown,,f
825dab2d-01fc-46aa-8bdf-2420b3927ce1,f89c597b-097d-4f1e-8bc4-5a4c0b16fb71,coder-01,160,2026-02-13 12:00:07.302,code_search,247,f
00fc98cd-b52a-4d7b-84f1-ab8f70e45e89,6f1d2123-e697-4e8a-8633-b4308b565ef5,coder-01,124,2026-02-13 12:00:07.309,code_search,253,f
f86fc7cd-1657-4519-9904-908265c1b915,3dd1bb00-9339-4be7-97ab-5bba3e98f695,coder-01,82,2026-02-13 12:00:07.315,code_search,259,f
12f7c5f1-bf81-4647-8e28-5c06f7f13f35,269ba714-8324-432f-b2a3-b20bf11e1e33,coder-01,76,2026-02-13 12:00:07.321,code_search,266,f
4d64986f-643d-4f87-abfe-1eed5c2baf0a,22ac8e2f-da14-498d-afe0-8a90443c4fe0,coder-01,83,2026-02-13 12:00:07.327,code_search,272,f
82478bdd-cbae-4705-9fb3-0f631ff652eb,6fb4500c-c316-4f3e-a7fd-c4b49f63def0,coder-01,70,2026-02-13 12:00:07.333,code_search,278,f
7ea09df4-b64e-4457-ae72-880aec66836f,ba8a1da7-2c5d-43d7-bd94-14f808a1c77e,coder-01,3,2026-02-13 12:01:41.576,file_write,160,f
a9d8396c-29af-49c3-b502-140da047e567,9dfb7c24-167b-482f-a929-22211c91e398,coder-01,66,2026-02-13 12:00:07.338,code_search,283,f
c1e6ec7e-edeb-455a-a904-a74560177d4f,b6a07738-f434-47d5-b2c8-73d6208fb99e,coder-01,59,2026-02-13 12:00:07.344,code_search,289,f
3e32035d-5307-4597-ab52-d25eee70d693,c709783c-1f03-4937-9b49-fdd6f3c2fcb3,coder-01,62,2026-02-13 12:00:07.349,code_search,294,f
a7e4a944-4820-4f3a-be23-98eb40da3c82,c544138c-7b9c-4074-9390-7563f48d3dfd,coder-01,54,2026-02-13 12:00:07.355,code_search,300,f
476f8ddc-d917-483e-a532-031d34950723,a616133e-d0c0-4cf0-b366-8ad458906eb2,coder-01,49,2026-02-13 12:00:07.36,code_search,305,f
3c6f57a6-1279-41f6-a003-f99a166fc607,e5d0cdaa-0921-42ae-b7ea-d83faeb4156e,coder-01,64,2026-02-13 12:00:07.365,code_search,310,f
be63303d-c467-4737-a1d1-f3b55e65846c,103a6302-b032-460d-a216-d9845407b8ce,coder-01,1,2026-02-13 12:02:23.12,file_write,78,f
feeb3822-c4ac-4721-81d8-b40dcd73dcf3,d7dc224c-013a-4cc1-98e8-a39f062f266b,coder-01,60,2026-02-13 12:00:07.371,code_search,316,f
db53f042-0a1f-4844-a1c9-ccef24521e34,69d8d66c-77b2-4250-9dc8-c52fbbe15c67,coder-01,41,2026-02-13 12:00:07.376,code_search,321,f
7642a01f-e815-4b8f-bea7-37dd98b3e05b,bd725b15-8f05-48c1-86ee-566821f22c69,coder-01,35,2026-02-13 12:00:07.382,code_search,326,f
bf5fdb3a-1a4c-4bc9-8335-814fddce1f05,d7dc224c-013a-4cc1-98e8-a39f062f266b,coder-01,31,2026-02-13 12:00:07.387,code_search,332,f
dff2bd2c-1812-4cb8-a3ee-07a5b3bb88ab,e98343a8-9d76-42f9-9b00-8807c9a75699,coder-01,35,2026-02-13 12:00:07.393,code_search,338,f
f9b2b7f5-60be-4c9e-8083-5ca68b7d92ff,77dc4b56-eb73-4241-b51c-290cbb175d6a,coder-01,18,2026-02-13 12:00:07.398,code_search,343,f
e9e13efe-9e0b-460c-86f7-764bbbb847e7,103a6302-b032-460d-a216-d9845407b8ce,coder-01,2,2026-02-13 12:02:23.126,shell_run,69,f
8ecad778-7b08-4c6f-b8cf-b834e858c1a8,b90aca7c-67a1-4da0-a771-ba1177190299,coder-01,8,2026-02-13 13:07:49.193,shell_run,197,f
e3857156-fa93-45a3-a92a-319418b41f05,77dc4b56-eb73-4241-b51c-290cbb175d6a,coder-01,33,2026-02-13 12:00:07.405,code_search,349,f
6549a5e3-2b29-4f6c-9a30-6bf52fe9aea5,ba8a1da7-2c5d-43d7-bd94-14f808a1c77e,coder-01,9,2026-02-13 12:00:07.41,code_search,355,f
a4071bd1-ab39-40b6-9ee5-ed232807587c,5c4e8777-119d-41e3-acf0-411722b5a02c,coder-01,167,2026-02-13 12:01:16.304,find_file,36,f
e970fad5-1602-473d-b9db-a538e8570854,1012d0d2-dff7-467f-9a21-f8c7b0924075,coder-01,163,2026-02-13 12:01:16.314,find_file,47,f
5a76901d-910f-4147-aadb-9e4cdbe0b2bd,6243144d-a5d2-4eeb-8994-390dc9a13e12,coder-01,175,2026-02-13 12:01:16.32,find_file,53,f
150430e5-3a8c-4487-9fc0-c01def25e8d8,eb17b408-aba9-4859-9bfa-5e89104bfffa,coder-01,154,2026-02-13 12:01:16.325,find_file,59,f
22cf7e3a-f866-4046-bf93-9649afe47f26,c6f48a65-7b86-4956-b82d-dc010642d5e4,coder-01,144,2026-02-13 12:01:34.742,file_list,72,f
f10e9096-ee9d-440d-9f46-747983222d78,67a94aa5-3189-4c68-8566-6b8a4fae7546,coder-01,147,2026-02-13 12:01:16.331,find_file,64,f
5e3e1e67-526a-4462-8187-d9f06948906b,6d5b4a6a-5aa8-4a3d-8f7a-cfea16412d2a,coder-01,146,2026-02-13 12:01:16.336,find_file,69,f
ba0c3f06-ada0-4efa-a1f4-7d58ff9bd1c0,f558af5d-25ba-479e-8e8b-90a8aaa1ce79,coder-01,147,2026-02-13 12:01:16.342,find_file,75,f
df355bca-d82c-431e-95c6-cd1a96f806f5,c6f48a65-7b86-4956-b82d-dc010642d5e4,coder-01,143,2026-02-13 12:01:16.347,find_file,81,f
02ffb15c-89e6-49cf-a506-2019a61c0e26,6f1d2123-e697-4e8a-8633-b4308b565ef5,coder-01,153,2026-02-13 12:01:16.353,find_file,86,f
c68cdbb5-1804-4fb1-8fe9-09220886485c,83a0bbf4-d843-4f97-8b74-113188decd72,coder-01,127,2026-02-13 12:01:16.359,find_file,92,f
39ccd346-5368-4855-a889-266aeffce8e5,6f1d2123-e697-4e8a-8633-b4308b565ef5,coder-01,154,2026-02-13 12:01:34.748,file_list,78,f
ac691717-b5cf-4b6d-b254-37052224ae97,76276ac4-f51c-419f-894d-160614e8b4a7,coder-01,6,2026-02-13 13:07:49.2,shell_run,204,f
c7cdce79-10e3-4070-9e00-28544d740835,d1a3ab9b-4da3-4a08-859f-be8a200569b1,coder-01,143,2026-02-13 12:01:16.365,find_file,99,f
80390688-29a4-4d9d-abc5-1507c46c881a,f89c597b-097d-4f1e-8bc4-5a4c0b16fb71,coder-01,161,2026-02-13 12:01:16.371,find_file,105,f
aa7f0f90-0855-4b48-afe1-6d84d2fe43d7,6f1d2123-e697-4e8a-8633-b4308b565ef5,coder-01,125,2026-02-13 12:01:16.377,find_file,110,f
bd3d7af9-b171-460b-bed2-accb29966cd9,3dd1bb00-9339-4be7-97ab-5bba3e98f695,coder-01,83,2026-02-13 12:01:16.382,find_file,116,f
2ef28152-c4f1-40f9-83d4-ea78cd2f55c0,269ba714-8324-432f-b2a3-b20bf11e1e33,coder-01,77,2026-02-13 12:01:16.388,find_file,121,f
11bde3d9-983b-43b7-b1fe-fc04b9f01351,22ac8e2f-da14-498d-afe0-8a90443c4fe0,coder-01,84,2026-02-13 12:01:16.394,find_file,127,f
80429d28-264b-44e5-b801-4a7aa0c22ea3,83a0bbf4-d843-4f97-8b74-113188decd72,coder-01,128,2026-02-13 12:01:34.754,file_list,85,f
59ec119d-f108-40d1-a47b-a7cfe392d5ef,7dda3951-a206-43cc-b777-481409aab787,coder-01,4,2026-02-13 13:07:49.207,shell_run,211,f
78ad2791-b315-4be9-b8f0-2b895146d6d7,6fb4500c-c316-4f3e-a7fd-c4b49f63def0,coder-01,71,2026-02-13 12:01:16.399,find_file,132,f
57ef9c0e-b035-4941-9d03-842c8d121262,9dfb7c24-167b-482f-a929-22211c91e398,coder-01,67,2026-02-13 12:01:16.404,find_file,138,f
9141242e-542e-4394-bd12-4bf5f067aedc,b6a07738-f434-47d5-b2c8-73d6208fb99e,coder-01,60,2026-02-13 12:01:16.41,find_file,143,f
28d6fd5a-f0ec-47dc-92bd-e2066abc911e,c709783c-1f03-4937-9b49-fdd6f3c2fcb3,coder-01,63,2026-02-13 12:01:16.416,find_file,149,f
f3a76915-47fd-446d-9c9b-7fa8c4117377,c544138c-7b9c-4074-9390-7563f48d3dfd,coder-01,55,2026-02-13 12:01:16.421,find_file,155,f
ab7fca19-a1a1-4a15-af05-ea99b98b1323,a616133e-d0c0-4cf0-b366-8ad458906eb2,coder-01,50,2026-02-13 12:01:16.427,find_file,160,f
5b66c013-1028-49d1-9827-c53628e9b087,d1a3ab9b-4da3-4a08-859f-be8a200569b1,coder-01,144,2026-02-13 12:01:34.76,file_list,91,f
4776ca8c-44db-4aec-a5f5-587f935bdb12,20e082ac-3d06-4f13-9abe-1d998e679d14,coder-01,2,2026-02-13 13:07:49.215,shell_run,219,f
cf142243-516f-472a-951f-420e2446f7b6,e5d0cdaa-0921-42ae-b7ea-d83faeb4156e,coder-01,65,2026-02-13 12:01:16.434,find_file,167,f
4a4f3f44-61e7-4ae8-b69d-88f7e9c318c0,d7dc224c-013a-4cc1-98e8-a39f062f266b,coder-01,61,2026-02-13 12:01:16.44,find_file,173,f
8641cc65-6437-4c40-a291-1912a32565a2,69d8d66c-77b2-4250-9dc8-c52fbbe15c67,coder-01,42,2026-02-13 12:01:16.447,find_file,180,f
33ba2d6b-a973-425e-8074-1ecd68dc8747,bd725b15-8f05-48c1-86ee-566821f22c69,coder-01,36,2026-02-13 12:01:16.454,find_file,187,f
6f392f59-ce55-479b-8350-00feea7d5ead,d7dc224c-013a-4cc1-98e8-a39f062f266b,coder-01,32,2026-02-13 12:01:16.459,find_file,193,f
f389f593-5626-4249-aa46-2334af7285e1,e98343a8-9d76-42f9-9b00-8807c9a75699,coder-01,36,2026-02-13 12:01:16.466,find_file,199,f
5b39ad65-d46d-4f47-80ea-951af1cbd00b,f89c597b-097d-4f1e-8bc4-5a4c0b16fb71,coder-01,162,2026-02-13 12:01:34.768,file_list,97,f
6e2e758d-6060-4d67-8931-2f9b0d490dde,97f94c83-9c2f-4b00-be57-a0d92ac01bf9,coder-01,3,2026-02-13 13:09:46.151,shell_run,276,f
8c23d0b0-2272-41dc-98ff-5195b1857854,77dc4b56-eb73-4241-b51c-290cbb175d6a,coder-01,19,2026-02-13 12:01:16.472,find_file,205,f
3e32472f-f7c6-4e12-9853-e5f1abdc4486,77dc4b56-eb73-4241-b51c-290cbb175d6a,coder-01,34,2026-02-13 12:01:16.478,find_file,212,f
85a55577-3975-4c6a-af72-e639bd16989a,ba8a1da7-2c5d-43d7-bd94-14f808a1c77e,coder-01,10,2026-02-13 12:01:16.484,find_file,218,f
c0fdd7a9-34ca-4070-ac7c-571d2c1eca0e,5c4e8777-119d-41e3-acf0-411722b5a02c,coder-01,168,2026-02-13 12:01:34.688,file_list,17,f
898514fa-d628-49b3-b13b-64e435b22257,1012d0d2-dff7-467f-9a21-f8c7b0924075,coder-01,164,2026-02-13 12:01:34.699,file_list,29,f
a16ca57c-dc55-4824-a0a6-7a78bb5d5fc2,6243144d-a5d2-4eeb-8994-390dc9a13e12,coder-01,176,2026-02-13 12:01:34.707,file_list,37,f
933403fb-d3e3-4287-b1fb-ca8eae0d2b8d,eb17b408-aba9-4859-9bfa-5e89104bfffa,coder-01,155,2026-02-13 12:01:34.713,file_list,44,f
d88402af-d9f5-4a9a-834a-b8fe6491d9f0,67a94aa5-3189-4c68-8566-6b8a4fae7546,coder-01,148,2026-02-13 12:01:34.721,file_list,51,f
f34346ea-e0be-4287-966f-0ad148fba349,6d5b4a6a-5aa8-4a3d-8f7a-cfea16412d2a,coder-01,147,2026-02-13 12:01:34.729,file_list,59,f
e145bcc1-aab6-43cd-8e5a-6de442f9ae32,ba8a1da7-2c5d-43d7-bd94-14f808a1c77e,coder-01,22,2026-02-13 12:01:41.535,"the action to take, only one name of [file_read, file_write, file_edit, file_list, shell_run, code_search, find_file], just the name, exactly as it's written.",,f
ae6da1a5-a342-4a32-8eb1-67d6d5b09222,6f1d2123-e697-4e8a-8633-b4308b565ef5,coder-01,126,2026-02-13 12:01:34.774,file_list,104,f
6085c56f-973a-4e1b-a989-bfed56557467,3dd1bb00-9339-4be7-97ab-5bba3e98f695,coder-01,84,2026-02-13 12:01:34.781,file_list,111,f
a5bb1756-4194-4f3d-bcd8-315d4f9b084c,269ba714-8324-432f-b2a3-b20bf11e1e33,coder-01,78,2026-02-13 12:01:34.788,file_list,118,f
41167632-e525-4d38-bc7d-d986800ecf50,22ac8e2f-da14-498d-afe0-8a90443c4fe0,coder-01,85,2026-02-13 12:01:34.795,file_list,124,f
48177d6a-e7db-4c8f-aade-723d43fd02bd,6fb4500c-c316-4f3e-a7fd-c4b49f63def0,coder-01,72,2026-02-13 12:01:34.802,file_list,132,f
7a0b6f70-5040-456d-94f7-63afc2e7a52e,9dfb7c24-167b-482f-a929-22211c91e398,coder-01,68,2026-02-13 12:01:34.808,file_list,139,f
e9745e9d-e488-43a8-ae99-fc5f7907b640,b6a07738-f434-47d5-b2c8-73d6208fb99e,coder-01,61,2026-02-13 12:01:34.815,file_list,145,f
e48144d8-5793-4085-8350-43dc2b5edc7d,c709783c-1f03-4937-9b49-fdd6f3c2fcb3,coder-01,64,2026-02-13 12:01:34.822,file_list,152,f
75279701-414d-4ee5-a37a-2134e950830d,c544138c-7b9c-4074-9390-7563f48d3dfd,coder-01,56,2026-02-13 12:01:34.829,file_list,159,f
1c54f8cf-45ba-4e27-8674-8f7235be652c,a616133e-d0c0-4cf0-b366-8ad458906eb2,coder-01,51,2026-02-13 12:01:34.836,file_list,166,f
12f8a0d7-47a2-433e-b36c-1041790f6018,e5d0cdaa-0921-42ae-b7ea-d83faeb4156e,coder-01,66,2026-02-13 12:01:34.842,file_list,172,f
0771d775-7e8a-4467-a9ac-6b04c7715aa0,ba8a1da7-2c5d-43d7-bd94-14f808a1c77e,coder-01,23,2026-02-13 12:01:41.541,unknown,,f
082388c7-835e-47a3-be5e-a20c0eeb71f4,ba8a1da7-2c5d-43d7-bd94-14f808a1c77e,coder-01,24,2026-02-13 12:01:41.55,"the action to take, only one name of [file_read, file_write, file_edit, file_list, shell_run, code_search, find_file], just the name, exactly as it's written.",,f
f8d1b3e5-cadd-45c7-b3dd-25138f64de5e,d7dc224c-013a-4cc1-98e8-a39f062f266b,coder-01,62,2026-02-13 12:01:34.85,file_list,181,f
44e5a5aa-d861-4b5f-8063-e9595706bd8c,69d8d66c-77b2-4250-9dc8-c52fbbe15c67,coder-01,43,2026-02-13 12:01:34.859,file_list,189,f
7b8db319-6d96-481c-a8f9-c4c463775ce3,bd725b15-8f05-48c1-86ee-566821f22c69,coder-01,37,2026-02-13 12:01:34.867,file_list,197,f
2b702ad0-678c-48e4-a120-b1233eba538a,d7dc224c-013a-4cc1-98e8-a39f062f266b,coder-01,33,2026-02-13 12:01:34.875,file_list,205,f
8f5281b3-b7bb-45d4-9dbe-d6b8f2fb2b1a,e98343a8-9d76-42f9-9b00-8807c9a75699,coder-01,37,2026-02-13 12:01:34.882,file_list,212,f
baef9310-85f7-4524-879e-ddd849fe9dc2,77dc4b56-eb73-4241-b51c-290cbb175d6a,coder-01,20,2026-02-13 12:01:34.887,file_list,217,f
93191f45-ec30-499b-94bf-c3b6cc95d9b5,77dc4b56-eb73-4241-b51c-290cbb175d6a,coder-01,35,2026-02-13 12:01:34.893,file_list,223,f
4cd69a68-eb05-4542-9ab1-463f8eb32662,ba8a1da7-2c5d-43d7-bd94-14f808a1c77e,coder-01,11,2026-02-13 12:01:34.898,file_list,228,f
1a2634e1-1940-4a58-ae60-50121326cffd,ba8a1da7-2c5d-43d7-bd94-14f808a1c77e,coder-01,12,2026-02-13 12:01:41.434,"the action to take, only one name of [file_read, file_write, file_edit, file_list, shell_run, code_search, find_file], just the name, exactly as it's written.",,f
d08ac9c5-c143-47ff-a22b-4eae7947cea3,ba8a1da7-2c5d-43d7-bd94-14f808a1c77e,coder-01,13,2026-02-13 12:01:41.44,unknown,,f
25d16661-df69-47b3-9db3-6ba85226b620,ba8a1da7-2c5d-43d7-bd94-14f808a1c77e,coder-01,14,2026-02-13 12:01:41.448,"the action to take, only one name of [file_read, file_write, file_edit, file_list, shell_run, code_search, find_file], just the name, exactly as it's written.",,f
9b9ba374-8fac-45c0-bcd1-c24fd74cd9db,ba8a1da7-2c5d-43d7-bd94-14f808a1c77e,coder-01,15,2026-02-13 12:01:41.454,unknown,,f
0806ebc1-ebe7-4577-ba39-5becc781621e,ba8a1da7-2c5d-43d7-bd94-14f808a1c77e,coder-01,16,2026-02-13 12:01:41.461,"the action to take, only one name of [file_read, file_write, file_edit, file_list, shell_run, code_search, find_file], just the name, exactly as it's written.",,f
3b8bf33c-359c-464d-aa6c-f2807edb45db,ba8a1da7-2c5d-43d7-bd94-14f808a1c77e,coder-01,17,2026-02-13 12:01:41.467,unknown,,f
6bd3363e-3598-4a81-8bb9-83ed7fd7cf8c,ba8a1da7-2c5d-43d7-bd94-14f808a1c77e,coder-01,18,2026-02-13 12:01:41.473,"the action to take, only one name of [file_read, file_write, file_edit, file_list, shell_run, code_search, find_file], just the name, exactly as it's written.",,f
bec14c94-7fc4-4fe1-ac71-b2ae9bcf7afe,ba8a1da7-2c5d-43d7-bd94-14f808a1c77e,coder-01,19,2026-02-13 12:01:41.479,unknown,,f
5eb1f803-b9da-4742-9641-cf28b9ae1e0f,ba8a1da7-2c5d-43d7-bd94-14f808a1c77e,coder-01,20,2026-02-13 12:01:41.485,"the action to take, only one name of [file_read, file_write, file_edit, file_list, shell_run, code_search, find_file], just the name, exactly as it's written.",,f
12625e2b-6de6-40fd-96d3-fb7180ffed11,ba8a1da7-2c5d-43d7-bd94-14f808a1c77e,coder-01,21,2026-02-13 12:01:41.491,unknown,,f
d28973f0-1e08-49a0-947f-c817fc7996ef,ba8a1da7-2c5d-43d7-bd94-14f808a1c77e,coder-01,25,2026-02-13 12:01:41.557,unknown,,f
999f1fb4-5b50-4f85-b3e1-5b2f0ccff170,ba8a1da7-2c5d-43d7-bd94-14f808a1c77e,coder-01,4,2026-02-13 12:01:41.583,shell_run,185,f
24089e51-c7a3-492b-a4d9-5bac547c29c4,ba8a1da7-2c5d-43d7-bd94-14f808a1c77e,coder-01,5,2026-02-13 12:01:41.589,file_edit,76,f
a06f98ea-c17c-46b6-8dd4-49297ddfc3e0,ba8a1da7-2c5d-43d7-bd94-14f808a1c77e,coder-01,6,2026-02-13 12:01:41.595,file_edit,85,f
24033537-783b-4670-8138-b6ceb91b1391,5c4e8777-119d-41e3-acf0-411722b5a02c,coder-01,169,2026-02-13 12:01:44.902,file_write,8,f
9cd5798b-0a5a-425b-b09d-91bc15bb9f50,1012d0d2-dff7-467f-9a21-f8c7b0924075,coder-01,165,2026-02-13 12:01:44.913,file_write,19,f
97c86665-21c9-43e2-b952-f835ca45ef08,6243144d-a5d2-4eeb-8994-390dc9a13e12,coder-01,177,2026-02-13 12:01:44.92,file_write,27,f
96f93e6e-fa05-4ef8-b4a3-08bfd2503904,eb17b408-aba9-4859-9bfa-5e89104bfffa,coder-01,156,2026-02-13 12:01:44.928,file_write,34,f
183b4647-2b24-4600-b0ac-92ffcf203abe,67a94aa5-3189-4c68-8566-6b8a4fae7546,coder-01,149,2026-02-13 12:01:44.934,file_write,41,f
a55ab413-d067-4cf2-8605-313fd0e0367f,6d5b4a6a-5aa8-4a3d-8f7a-cfea16412d2a,coder-01,148,2026-02-13 12:01:44.941,file_write,48,f
e3749175-e5eb-4c4e-bb13-7efdca20798c,f558af5d-25ba-479e-8e8b-90a8aaa1ce79,coder-01,149,2026-02-13 12:01:44.948,file_write,55,f
4939f09f-244d-4dcd-a651-ca20d64de11e,c6f48a65-7b86-4956-b82d-dc010642d5e4,coder-01,145,2026-02-13 12:01:44.955,file_write,62,f
38087d6f-6738-46f5-92db-5e8a805c3561,6f1d2123-e697-4e8a-8633-b4308b565ef5,coder-01,155,2026-02-13 12:01:44.962,file_write,68,f
3a931a94-c39d-40de-87e0-c22337996cf5,83a0bbf4-d843-4f97-8b74-113188decd72,coder-01,129,2026-02-13 12:01:44.968,file_write,74,f
e5409075-5bba-4387-afbc-92f340c7e81c,d1a3ab9b-4da3-4a08-859f-be8a200569b1,coder-01,145,2026-02-13 12:01:44.974,file_write,81,f
385bfe30-9c47-4d08-91f2-2b40f3909bc0,f89c597b-097d-4f1e-8bc4-5a4c0b16fb71,coder-01,163,2026-02-13 12:01:44.98,file_write,87,f
30a2c05f-f4d2-49cd-acd8-b0ff5a7ca6a5,6f1d2123-e697-4e8a-8633-b4308b565ef5,coder-01,127,2026-02-13 12:01:44.987,file_write,93,f
ea50adb9-f99f-4e68-900d-7856ab6fba77,3dd1bb00-9339-4be7-97ab-5bba3e98f695,coder-01,85,2026-02-13 12:01:44.993,file_write,100,f
4a42db47-5734-4e91-bd2d-717590a618e5,269ba714-8324-432f-b2a3-b20bf11e1e33,coder-01,79,2026-02-13 12:01:45,file_write,107,f
d22042aa-e1e3-4132-b17f-a2077229bbb4,22ac8e2f-da14-498d-afe0-8a90443c4fe0,coder-01,86,2026-02-13 12:01:45.008,file_write,114,f
6fdb438c-4e2c-4e3a-a0de-beca4b2d51f1,6fb4500c-c316-4f3e-a7fd-c4b49f63def0,coder-01,73,2026-02-13 12:01:45.014,file_write,121,f
1c2e40c3-9d41-45af-9642-c3e1a7c5b46a,2c620002-dbae-411c-b705-4132969172a6,coder-01,2,2026-02-13 13:09:46.158,shell_run,283,f
735b0684-7d65-4e90-aeab-45f46602afe2,5c4e8777-119d-41e3-acf0-411722b5a02c,coder-01,177,2026-02-13 12:02:19.36,shell_run,1289,f
219248a4-6108-4477-acf5-25bff8d8536a,1012d0d2-dff7-467f-9a21-f8c7b0924075,coder-01,173,2026-02-13 12:02:19.368,shell_run,1297,f
47db404b-56f7-47cf-a358-1709750caed3,6243144d-a5d2-4eeb-8994-390dc9a13e12,coder-01,185,2026-02-13 12:02:19.374,shell_run,1303,f
7af141a9-16c5-4977-b13a-e8db504d288a,eb17b408-aba9-4859-9bfa-5e89104bfffa,coder-01,164,2026-02-13 12:02:19.382,shell_run,1310,f
c4d03e52-3154-423a-9e1e-ee4ea89118c6,67a94aa5-3189-4c68-8566-6b8a4fae7546,coder-01,157,2026-02-13 12:02:19.388,shell_run,1317,f
4bdc88fa-17a0-48a2-b2dc-fdd88bf23065,6d5b4a6a-5aa8-4a3d-8f7a-cfea16412d2a,coder-01,156,2026-02-13 12:02:19.394,shell_run,1323,f
fd0de4f6-f031-49bc-b0d9-8fcc4a6f7d90,f558af5d-25ba-479e-8e8b-90a8aaa1ce79,coder-01,157,2026-02-13 12:02:19.401,shell_run,1329,f
7eb0a13d-8652-47c1-ab4d-b117365e7c84,c6f48a65-7b86-4956-b82d-dc010642d5e4,coder-01,153,2026-02-13 12:02:19.406,shell_run,1336,f
7108bb32-bdfd-413c-9e3a-e766643b424a,6f1d2123-e697-4e8a-8633-b4308b565ef5,coder-01,163,2026-02-13 12:02:19.412,shell_run,1341,f
846c3e8a-5757-4d1d-ac23-901a8888a1e7,83a0bbf4-d843-4f97-8b74-113188decd72,coder-01,137,2026-02-13 12:02:19.418,shell_run,1347,f
64f05477-8d8d-4944-b568-d1f80d661486,d1a3ab9b-4da3-4a08-859f-be8a200569b1,coder-01,153,2026-02-13 12:02:19.424,shell_run,1353,f
ec1d440b-bc4f-4b06-a3d0-705c1e71df7d,9dfb7c24-167b-482f-a929-22211c91e398,coder-01,78,2026-02-13 12:02:34.12,file_write,109,f
668705b0-c911-4271-903d-8181c9302031,f89c597b-097d-4f1e-8bc4-5a4c0b16fb71,coder-01,171,2026-02-13 12:02:19.429,shell_run,1359,f
134b6a8f-fe8d-4eef-80b5-4cad28fd1ed9,6f1d2123-e697-4e8a-8633-b4308b565ef5,coder-01,135,2026-02-13 12:02:19.434,shell_run,1364,f
24ae17bd-b174-4767-b462-e0fcabcc9965,3dd1bb00-9339-4be7-97ab-5bba3e98f695,coder-01,93,2026-02-13 12:02:19.439,shell_run,1369,f
af707f2f-ec7c-481c-b67a-f86d6ca37890,269ba714-8324-432f-b2a3-b20bf11e1e33,coder-01,87,2026-02-13 12:02:19.445,shell_run,1374,f
c590d2ad-880a-4beb-a14e-f4a4ba5a3362,22ac8e2f-da14-498d-afe0-8a90443c4fe0,coder-01,94,2026-02-13 12:02:19.452,shell_run,1381,f
1783f47e-2cc8-4d33-a0ef-e2bb2a30d4e0,6fb4500c-c316-4f3e-a7fd-c4b49f63def0,coder-01,81,2026-02-13 12:02:19.46,shell_run,1388,f
9411da99-5486-4b22-beac-4a84a8a6d4f0,9dfb7c24-167b-482f-a929-22211c91e398,coder-01,77,2026-02-13 12:02:19.468,shell_run,1396,f
1b727fd9-897c-4b87-b985-801eab285a17,b6a07738-f434-47d5-b2c8-73d6208fb99e,coder-01,70,2026-02-13 12:02:19.476,shell_run,1404,f
537eccef-9a11-4826-b39e-6245fd94119f,c709783c-1f03-4937-9b49-fdd6f3c2fcb3,coder-01,73,2026-02-13 12:02:19.483,shell_run,1411,f
aa05554f-8a30-42d2-b7e3-c9727a7da609,c544138c-7b9c-4074-9390-7563f48d3dfd,coder-01,65,2026-02-13 12:02:19.489,shell_run,1418,f
9e6229a8-793b-4e72-a730-a3c484358a52,a616133e-d0c0-4cf0-b366-8ad458906eb2,coder-01,60,2026-02-13 12:02:19.497,shell_run,1425,f
e323ee72-68b0-4a36-8538-b03921757d63,b6a07738-f434-47d5-b2c8-73d6208fb99e,coder-01,71,2026-02-13 12:02:34.126,file_write,117,f
1d0a3bdd-073e-43cf-b7ef-d304bc2ae6f0,e5d0cdaa-0921-42ae-b7ea-d83faeb4156e,coder-01,75,2026-02-13 12:02:19.503,shell_run,1432,f
0916832e-a4ba-48f5-af9f-dc5c5e5a429e,d7dc224c-013a-4cc1-98e8-a39f062f266b,coder-01,71,2026-02-13 12:02:19.509,shell_run,1439,f
a9014896-f39b-48d1-bb06-ef2b25816a09,69d8d66c-77b2-4250-9dc8-c52fbbe15c67,coder-01,52,2026-02-13 12:02:19.515,shell_run,1444,f
dfc94820-877e-4ad2-a31f-a6b2375343f9,bd725b15-8f05-48c1-86ee-566821f22c69,coder-01,46,2026-02-13 12:02:19.521,shell_run,1450,f
a7914094-022d-4f78-8d30-b6ea7017310d,d7dc224c-013a-4cc1-98e8-a39f062f266b,coder-01,42,2026-02-13 12:02:19.526,shell_run,1456,f
4fd6e09c-5e99-45f0-b738-0ee9373629af,e98343a8-9d76-42f9-9b00-8807c9a75699,coder-01,46,2026-02-13 12:02:19.532,shell_run,1461,f
524a8690-e10a-492e-993b-6cfae02d76b5,77dc4b56-eb73-4241-b51c-290cbb175d6a,coder-01,29,2026-02-13 12:02:19.537,shell_run,1466,f
d3912ff3-5ae0-42fd-b338-db80cd9fefb7,77dc4b56-eb73-4241-b51c-290cbb175d6a,coder-01,44,2026-02-13 12:02:19.543,shell_run,1472,f
782268f1-0157-4d44-b861-00834bb9e948,ba8a1da7-2c5d-43d7-bd94-14f808a1c77e,coder-01,36,2026-02-13 12:02:19.548,shell_run,1478,f
6168a1d0-20c6-4fe1-8311-7a0ad077d5cb,476561aa-39d6-444e-a0b1-f0888b9ddb4c,coder-01,11,2026-02-13 12:02:19.554,shell_run,1484,f
a3bf6661-5001-4059-b289-bea8caaf6d1d,103a6302-b032-460d-a216-d9845407b8ce,coder-01,4,2026-02-13 12:02:19.56,shell_run,1490,f
538ec7b6-da2c-4a4d-9664-dd4bf95cbbf1,103a6302-b032-460d-a216-d9845407b8ce,coder-01,5,2026-02-13 12:02:23.105,"the action to take, only one name of [file_read, file_write, file_edit, file_list, shell_run, code_search, find_file], just the name, exactly as it's written.",,f
ca8b985c-75a5-4738-b25d-7bd640369482,103a6302-b032-460d-a216-d9845407b8ce,coder-01,6,2026-02-13 12:02:23.113,unknown,,f
06e55a10-2963-43c7-a4e7-43c593d12023,103a6302-b032-460d-a216-d9845407b8ce,coder-01,3,2026-02-13 12:02:23.134,file_write,80,f
81d2c14d-7a3a-4d8c-9d7c-b11677804eb3,5c4e8777-119d-41e3-acf0-411722b5a02c,coder-01,178,2026-02-13 12:02:34.018,file_write,7,f
a5a3feb1-83e8-40d6-b2ea-7da31af80d32,1012d0d2-dff7-467f-9a21-f8c7b0924075,coder-01,174,2026-02-13 12:02:34.025,file_write,15,f
a80e31e0-29b0-42bb-8fa3-c9778c2bc34f,6243144d-a5d2-4eeb-8994-390dc9a13e12,coder-01,186,2026-02-13 12:02:34.032,file_write,22,f
695a72b5-3049-4236-9ed3-23e646ef41b7,eb17b408-aba9-4859-9bfa-5e89104bfffa,coder-01,165,2026-02-13 12:02:34.038,file_write,28,f
d5e156e6-1924-4180-87c3-b029e79cde3e,67a94aa5-3189-4c68-8566-6b8a4fae7546,coder-01,158,2026-02-13 12:02:34.044,file_write,34,f
a106c3c0-fe3a-4f7f-b083-64c85e141813,6d5b4a6a-5aa8-4a3d-8f7a-cfea16412d2a,coder-01,157,2026-02-13 12:02:34.05,file_write,41,f
4e115285-4ca4-4abf-ac99-25b15fbc1017,f558af5d-25ba-479e-8e8b-90a8aaa1ce79,coder-01,158,2026-02-13 12:02:34.056,file_write,46,f
98773ab3-84ea-48b2-b570-611f82ab1351,c6f48a65-7b86-4956-b82d-dc010642d5e4,coder-01,154,2026-02-13 12:02:34.062,file_write,53,f
b0ca3bae-01d1-45e7-be4d-f2ee6c065486,6f1d2123-e697-4e8a-8633-b4308b565ef5,coder-01,164,2026-02-13 12:02:34.068,file_write,58,f
3e057c02-2f5c-4266-912d-4e8c9182e1c1,83a0bbf4-d843-4f97-8b74-113188decd72,coder-01,138,2026-02-13 12:02:34.073,file_write,64,f
f22807c2-a3df-4419-ae26-db43dc988be4,d1a3ab9b-4da3-4a08-859f-be8a200569b1,coder-01,154,2026-02-13 12:02:34.079,file_write,69,f
a6a317e6-b82f-45d3-94f0-38c8880fab9c,f89c597b-097d-4f1e-8bc4-5a4c0b16fb71,coder-01,172,2026-02-13 12:02:34.084,file_write,75,f
ad3eda2f-8559-4c34-8196-d5c28ef32ade,6f1d2123-e697-4e8a-8633-b4308b565ef5,coder-01,136,2026-02-13 12:02:34.09,file_write,80,f
355fb37b-23df-4a0b-b473-7d7ba285b72a,3dd1bb00-9339-4be7-97ab-5bba3e98f695,coder-01,94,2026-02-13 12:02:34.096,file_write,86,f
072adc73-f5b8-407f-a7d7-1cc3d2bea69c,269ba714-8324-432f-b2a3-b20bf11e1e33,coder-01,88,2026-02-13 12:02:34.101,file_write,92,f
61d3f4f0-8eb8-4d55-88f6-c304375f979b,22ac8e2f-da14-498d-afe0-8a90443c4fe0,coder-01,95,2026-02-13 12:02:34.107,file_write,98,f
964952eb-158d-49b6-a26b-4337b97585a6,6fb4500c-c316-4f3e-a7fd-c4b49f63def0,coder-01,82,2026-02-13 12:02:34.113,file_write,103,f
5f91b6c6-de80-4fe7-9aec-00e051b47c23,c709783c-1f03-4937-9b49-fdd6f3c2fcb3,coder-01,74,2026-02-13 12:02:34.133,file_write,123,f
2062aeff-4b78-4407-9148-ce53165370f8,c544138c-7b9c-4074-9390-7563f48d3dfd,coder-01,66,2026-02-13 12:02:34.14,file_write,130,f
7192effb-368e-48c3-a1f5-5c6afacfbafc,a616133e-d0c0-4cf0-b366-8ad458906eb2,coder-01,61,2026-02-13 12:02:34.147,file_write,137,f
943c17a7-2a78-440b-a5a7-9bdb020cef76,e5d0cdaa-0921-42ae-b7ea-d83faeb4156e,coder-01,76,2026-02-13 12:02:34.154,file_write,144,f
4d2dfbcc-5961-43bd-a229-112bee9418a8,d7dc224c-013a-4cc1-98e8-a39f062f266b,coder-01,72,2026-02-13 12:02:34.16,file_write,150,f
f4142d5b-7d0b-4f77-90cc-d83e7bd57859,69d8d66c-77b2-4250-9dc8-c52fbbe15c67,coder-01,53,2026-02-13 12:02:34.166,file_write,157,f
b107fccf-60d5-4ad5-a2f4-b1a7b9a69b95,bd725b15-8f05-48c1-86ee-566821f22c69,coder-01,47,2026-02-13 12:02:34.172,file_write,163,f
6c1a4230-ab55-472d-a6e1-a11f09f94365,d7dc224c-013a-4cc1-98e8-a39f062f266b,coder-01,43,2026-02-13 12:02:34.178,file_write,169,f
14a47ec7-7315-4944-a314-9fddd498b7b4,e98343a8-9d76-42f9-9b00-8807c9a75699,coder-01,47,2026-02-13 12:02:34.184,file_write,175,f
9ca09d40-2dfa-4caf-9826-5f31003cf19a,77dc4b56-eb73-4241-b51c-290cbb175d6a,coder-01,30,2026-02-13 12:02:34.19,file_write,180,f
802c2484-ae01-450d-85c4-c2fb336a87c4,77dc4b56-eb73-4241-b51c-290cbb175d6a,coder-01,45,2026-02-13 12:02:34.195,file_write,186,f
32580837-95ae-4555-880b-ae8f6e44d494,ba8a1da7-2c5d-43d7-bd94-14f808a1c77e,coder-01,37,2026-02-13 12:02:34.207,file_write,197,f
11ba4735-1ff8-4a8d-a3c9-35fd6b7aa448,476561aa-39d6-444e-a0b1-f0888b9ddb4c,coder-01,12,2026-02-13 12:02:34.213,file_write,203,f
66b376c9-44d2-4e4d-8a84-65afac91cff1,103a6302-b032-460d-a216-d9845407b8ce,coder-01,7,2026-02-13 12:02:34.219,file_write,210,f
45657bc0-3369-4707-a7e6-ac0398f364fd,6790e431-4fc3-4003-a73d-2cac2f38c999,coder-01,1,2026-02-13 12:02:34.225,file_write,216,f
4988ce0f-53f2-4881-9767-8b49e26c99c7,911cf95c-65d0-4a50-b75d-bfc9021c5fc2,coder-01,15,2026-02-13 12:06:17.379,"the action to take, only one name of [file_read, file_write, file_edit, file_list, shell_run, code_search, find_file], just the name, exactly as it's written.",,f
016a6870-1f7a-4af7-9f9b-e07c4bc0f6f7,911cf95c-65d0-4a50-b75d-bfc9021c5fc2,coder-01,16,2026-02-13 12:06:17.385,unknown,,f
f4a008bc-8b25-4de5-9de5-d232bb03a1d4,911cf95c-65d0-4a50-b75d-bfc9021c5fc2,coder-01,17,2026-02-13 12:06:17.392,"the action to take, only one name of [file_read, file_write, file_edit, file_list, shell_run, code_search, find_file], just the name, exactly as it's written.",,f
f113fa86-0b63-4a07-a366-452ec50fd5b0,911cf95c-65d0-4a50-b75d-bfc9021c5fc2,coder-01,18,2026-02-13 12:06:17.397,unknown,,f
436f12cf-e3b0-43fd-ab46-b25007dfd1a1,911cf95c-65d0-4a50-b75d-bfc9021c5fc2,coder-01,19,2026-02-13 12:06:17.404,"the action to take, only one name of [file_read, file_write, file_edit, file_list, shell_run, code_search, find_file], just the name, exactly as it's written.",,f
669c8ef0-0d0a-40fc-bc8a-d1cf5dc939a9,911cf95c-65d0-4a50-b75d-bfc9021c5fc2,coder-01,20,2026-02-13 12:06:17.41,unknown,,f
38cd9ef0-e54e-4838-8418-a68c40bb9ce0,5c4e8777-119d-41e3-acf0-411722b5a02c,coder-01,179,2026-02-13 12:02:49.345,file_write,13,f
d9c3613f-449d-43b5-9667-26201ad0fc64,1012d0d2-dff7-467f-9a21-f8c7b0924075,coder-01,175,2026-02-13 12:02:49.358,file_write,26,f
7a803002-9bc3-44d8-bb38-5276d21a4199,6243144d-a5d2-4eeb-8994-390dc9a13e12,coder-01,187,2026-02-13 12:02:49.365,file_write,35,f
812b22da-e088-453d-b622-048dde73149a,eb17b408-aba9-4859-9bfa-5e89104bfffa,coder-01,166,2026-02-13 12:02:49.373,file_write,43,f
e0833adb-390f-4b94-ac6b-9c626fbbdbf6,67a94aa5-3189-4c68-8566-6b8a4fae7546,coder-01,159,2026-02-13 12:02:49.379,file_write,50,f
2e0f3eda-9210-49d1-a7e6-9104a6dd0ae2,6d5b4a6a-5aa8-4a3d-8f7a-cfea16412d2a,coder-01,158,2026-02-13 12:02:49.386,file_write,56,f
7fa5e4f2-d81b-45ce-94d4-ee5027a03438,f558af5d-25ba-479e-8e8b-90a8aaa1ce79,coder-01,159,2026-02-13 12:02:49.392,file_write,63,f
03c734f1-903f-4320-8c55-6291e7d27933,c6f48a65-7b86-4956-b82d-dc010642d5e4,coder-01,155,2026-02-13 12:02:49.398,file_write,69,f
4021ad87-57c7-4108-8526-df2312ac79fe,6f1d2123-e697-4e8a-8633-b4308b565ef5,coder-01,165,2026-02-13 12:02:49.404,file_write,75,f
a0682a6b-f47d-46b1-9b7d-91816fe855ac,83a0bbf4-d843-4f97-8b74-113188decd72,coder-01,139,2026-02-13 12:02:49.411,file_write,82,f
699e968d-0877-4e18-8abe-e79fc3dafacf,d1a3ab9b-4da3-4a08-859f-be8a200569b1,coder-01,155,2026-02-13 12:02:49.417,file_write,88,f
36f9b876-4959-4a72-bae6-d246ecc90d7d,f89c597b-097d-4f1e-8bc4-5a4c0b16fb71,coder-01,173,2026-02-13 12:02:49.424,file_write,94,f
2ab7af3b-62b1-405a-953d-1776f31c00c3,6f1d2123-e697-4e8a-8633-b4308b565ef5,coder-01,137,2026-02-13 12:02:49.43,file_write,101,f
f075e507-7f3f-45a8-8269-c96b4e4c554f,3dd1bb00-9339-4be7-97ab-5bba3e98f695,coder-01,95,2026-02-13 12:02:49.437,file_write,107,f
144d8de5-8554-4e9d-ba3d-1914c7588a75,269ba714-8324-432f-b2a3-b20bf11e1e33,coder-01,89,2026-02-13 12:02:49.443,file_write,114,f
893b9613-2da0-4d41-bfb5-605b43292ae2,22ac8e2f-da14-498d-afe0-8a90443c4fe0,coder-01,96,2026-02-13 12:02:49.45,file_write,120,f
84916ade-9c7c-4982-8df9-3229c96eec7e,6fb4500c-c316-4f3e-a7fd-c4b49f63def0,coder-01,83,2026-02-13 12:02:49.456,file_write,127,f
a5f74599-adf1-4907-bdf1-e7717610e905,9dfb7c24-167b-482f-a929-22211c91e398,coder-01,79,2026-02-13 12:02:49.462,file_write,132,f
b5c791d0-a943-4199-ac72-4500b611d2a7,b6a07738-f434-47d5-b2c8-73d6208fb99e,coder-01,72,2026-02-13 12:02:49.468,file_write,139,f
d3798114-2d96-44d5-ac2e-999162d77d4a,c709783c-1f03-4937-9b49-fdd6f3c2fcb3,coder-01,75,2026-02-13 12:02:49.473,file_write,144,f
b6065a58-0016-4028-97df-0be3bf20eecd,c544138c-7b9c-4074-9390-7563f48d3dfd,coder-01,67,2026-02-13 12:02:49.479,file_write,150,f
20a5a25d-14ca-433c-a75e-eb92877e41a6,a616133e-d0c0-4cf0-b366-8ad458906eb2,coder-01,62,2026-02-13 12:02:49.485,file_write,156,f
3c35753e-388f-40d3-a004-510c647f9334,911cf95c-65d0-4a50-b75d-bfc9021c5fc2,coder-01,21,2026-02-13 12:06:17.416,"the action to take, only one name of [file_read, file_write, file_edit, file_list, shell_run, code_search, find_file], just the name, exactly as it's written.",,f
613e0542-1669-4fdd-85c4-6d893b31e767,e5d0cdaa-0921-42ae-b7ea-d83faeb4156e,coder-01,77,2026-02-13 12:02:49.491,file_write,162,f
14f5eb25-c946-47e6-bbe8-542aa8ffb470,d7dc224c-013a-4cc1-98e8-a39f062f266b,coder-01,73,2026-02-13 12:02:49.498,file_write,168,f
9084685b-1600-475d-854a-74776906daec,69d8d66c-77b2-4250-9dc8-c52fbbe15c67,coder-01,54,2026-02-13 12:02:49.504,file_write,175,f
b7295628-86a4-4cf8-9d9f-461e6144b69d,bd725b15-8f05-48c1-86ee-566821f22c69,coder-01,48,2026-02-13 12:02:49.509,file_write,180,f
773b37ed-b6d0-4ca0-9051-e0b8e956d091,911cf95c-65d0-4a50-b75d-bfc9021c5fc2,coder-01,22,2026-02-13 12:06:17.421,unknown,,f
24c320fc-c71a-4b4b-bc2c-45533cc77445,911cf95c-65d0-4a50-b75d-bfc9021c5fc2,coder-01,23,2026-02-13 12:06:17.428,"the action to take, only one name of [file_read, file_write, file_edit, file_list, shell_run, code_search, find_file], just the name, exactly as it's written.",,f
73c38176-f9e4-4666-8b7e-5a391e8b68b4,911cf95c-65d0-4a50-b75d-bfc9021c5fc2,coder-01,24,2026-02-13 12:06:17.433,unknown,,f
b35832b8-35ed-4321-9b27-fddfee78ff8b,911cf95c-65d0-4a50-b75d-bfc9021c5fc2,coder-01,25,2026-02-13 12:06:17.441,"the action to take, only one name of [file_read, file_write, file_edit, file_list, shell_run, code_search, find_file], just the name, exactly as it's written.",,f
d8b9ee80-c98e-440f-8b9e-fd149082fa3b,911cf95c-65d0-4a50-b75d-bfc9021c5fc2,coder-01,26,2026-02-13 12:06:17.447,unknown,,f
c4115411-0774-4b1c-bf74-69ff62f3d11a,911cf95c-65d0-4a50-b75d-bfc9021c5fc2,coder-01,27,2026-02-13 12:06:17.453,"the action to take, only one name of [file_read, file_write, file_edit, file_list, shell_run, code_search, find_file], just the name, exactly as it's written.",,f
90995038-3a30-4347-bd35-c7c7bc3ed0ad,911cf95c-65d0-4a50-b75d-bfc9021c5fc2,coder-01,28,2026-02-13 12:06:17.459,unknown,,f
c9f23cdd-333a-47ad-8230-69b8d1fdeaa9,911cf95c-65d0-4a50-b75d-bfc9021c5fc2,coder-01,29,2026-02-13 12:06:17.466,"the action to take, only one name of [file_read, file_write, file_edit, file_list, shell_run, code_search, find_file], just the name, exactly as it's written.",,f
2e072d8e-4762-40d0-b8f9-3d46a023d87d,911cf95c-65d0-4a50-b75d-bfc9021c5fc2,coder-01,30,2026-02-13 12:06:17.473,unknown,,f
6a580cc4-e2ec-4325-ae31-818d238788ba,911cf95c-65d0-4a50-b75d-bfc9021c5fc2,coder-01,1,2026-02-13 12:06:17.479,file_write,91,f
cab68d6f-5c6a-4b32-8c09-ca6614a77037,911cf95c-65d0-4a50-b75d-bfc9021c5fc2,coder-01,2,2026-02-13 12:06:17.485,shell_run,81,f
cae25c88-f5d3-413e-b263-ab05e52610fa,911cf95c-65d0-4a50-b75d-bfc9021c5fc2,coder-01,5,2026-02-13 12:06:17.491,file_edit,218,f
fa085058-b253-415b-b653-b4403f8e6184,911cf95c-65d0-4a50-b75d-bfc9021c5fc2,coder-01,6,2026-02-13 12:06:17.497,file_write,85,f
9586a3d7-e9f5-4fc2-880d-6ab04b05ba18,911cf95c-65d0-4a50-b75d-bfc9021c5fc2,coder-01,7,2026-02-13 12:06:17.503,file_list,94,f
22b4cf68-c298-4f3e-a97a-c062b411b06b,911cf95c-65d0-4a50-b75d-bfc9021c5fc2,coder-01,8,2026-02-13 12:06:17.509,file_edit,86,f
e6ffbdc9-c230-44a4-a021-d8bbbdde3953,911cf95c-65d0-4a50-b75d-bfc9021c5fc2,coder-01,9,2026-02-13 12:06:17.515,find_file,120,f
50db0f8e-af75-49df-83b1-afd7e2472967,911cf95c-65d0-4a50-b75d-bfc9021c5fc2,coder-01,10,2026-02-13 12:06:17.522,file_read,150,f
1ccb996f-b83c-40c8-9bed-43821ccfd22a,911cf95c-65d0-4a50-b75d-bfc9021c5fc2,coder-01,11,2026-02-13 12:06:17.528,code_search,647,f
55993bb4-30c8-474f-8367-ced0a3fcb3dc,b2e8c360-37e0-4c79-b8b1-86cc0b38a798,coder-01,22,2026-02-13 12:06:28.571,file_write,217,f
aa60d718-fee8-469b-997f-f9cd7af538ac,911cf95c-65d0-4a50-b75d-bfc9021c5fc2,coder-01,31,2026-02-13 12:06:28.578,file_write,223,f
2c2f7881-4925-4d57-bab5-ea6026080d2d,14ffcfce-6592-4219-a7fa-d5740f42b7eb,coder-01,1,2026-02-13 12:06:28.584,file_write,230,f
99ece822-3a7d-4caa-b70c-6f241e61b225,5c4e8777-119d-41e3-acf0-411722b5a02c,coder-01,199,2026-02-13 12:06:32.711,file_write,8,f
8695279e-6f16-4539-bdec-631b4408ed9b,5c4e8777-119d-41e3-acf0-411722b5a02c,coder-01,203,2026-02-13 12:06:59.611,file_write,10,f
5a460a4c-e1ce-4c9c-85a7-84beb7c9053e,1012d0d2-dff7-467f-9a21-f8c7b0924075,coder-01,199,2026-02-13 12:06:59.622,file_write,21,f
524bb6d7-12e3-4b15-9dc5-007d6bab55f3,6243144d-a5d2-4eeb-8994-390dc9a13e12,coder-01,211,2026-02-13 12:06:59.63,file_write,29,f
59bda7e4-e0c4-4aee-930e-c22c4e67a1ed,eb17b408-aba9-4859-9bfa-5e89104bfffa,coder-01,190,2026-02-13 12:06:59.639,file_write,36,f
55802998-ce64-41f5-b4a6-2a0939659cab,67a94aa5-3189-4c68-8566-6b8a4fae7546,coder-01,183,2026-02-13 12:06:59.648,file_write,46,f
8c97a8d4-b011-4f24-9ca7-1c2564d84ce5,6d5b4a6a-5aa8-4a3d-8f7a-cfea16412d2a,coder-01,182,2026-02-13 12:06:59.656,file_write,54,f
13dc782a-70d9-4a5a-9fed-a4fc7c11c78e,f558af5d-25ba-479e-8e8b-90a8aaa1ce79,coder-01,183,2026-02-13 12:06:59.664,file_write,62,f
557a8930-b300-4c35-92d3-4894de17e554,c6f48a65-7b86-4956-b82d-dc010642d5e4,coder-01,179,2026-02-13 12:06:59.671,file_write,70,f
2c078ebb-8263-4006-a958-75fefbe22610,6f1d2123-e697-4e8a-8633-b4308b565ef5,coder-01,189,2026-02-13 12:06:59.678,file_write,77,f
14610cdd-7b39-46bf-a7d4-5029f434e0f3,83a0bbf4-d843-4f97-8b74-113188decd72,coder-01,163,2026-02-13 12:06:59.685,file_write,84,f
fd433182-aab5-4542-9386-868c3fe30500,d1a3ab9b-4da3-4a08-859f-be8a200569b1,coder-01,179,2026-02-13 12:06:59.692,file_write,91,f
299bc839-22dd-427c-8d09-6be8775b9fed,f89c597b-097d-4f1e-8bc4-5a4c0b16fb71,coder-01,197,2026-02-13 12:06:59.702,file_write,101,f
674ad2be-f9c7-49b2-9275-a929ac067e32,6f1d2123-e697-4e8a-8633-b4308b565ef5,coder-01,161,2026-02-13 12:06:59.709,file_write,108,f
7c6f6070-b139-4eca-9021-1ea9e85d999d,3dd1bb00-9339-4be7-97ab-5bba3e98f695,coder-01,119,2026-02-13 12:06:59.716,file_write,115,f
d164eadf-c80d-4d69-91a8-1cb7b0ad1fb3,269ba714-8324-432f-b2a3-b20bf11e1e33,coder-01,113,2026-02-13 12:06:59.723,file_write,122,f
329b03cb-5a29-40e4-816e-fb363890fe0d,22ac8e2f-da14-498d-afe0-8a90443c4fe0,coder-01,120,2026-02-13 12:06:59.73,file_write,129,f
e1a29160-b6d2-46cf-99f4-54dc90c2d8a8,6fb4500c-c316-4f3e-a7fd-c4b49f63def0,coder-01,107,2026-02-13 12:06:59.737,file_write,136,f
6d9402ba-dc36-429c-bc7b-bf32b402ba40,9dfb7c24-167b-482f-a929-22211c91e398,coder-01,103,2026-02-13 12:06:59.743,file_write,142,f
b2186431-5c0d-445d-8b94-a07b05ef8a8f,b6a07738-f434-47d5-b2c8-73d6208fb99e,coder-01,96,2026-02-13 12:06:59.749,file_write,149,f
0372bbe5-3fd5-45d5-ad44-5b81002757e5,c709783c-1f03-4937-9b49-fdd6f3c2fcb3,coder-01,99,2026-02-13 12:06:59.756,file_write,155,f
08070e74-7474-4990-b796-384b3b4ea63c,c544138c-7b9c-4074-9390-7563f48d3dfd,coder-01,91,2026-02-13 12:06:59.762,file_write,161,f
d2837925-fc93-4517-9d34-3ce7f20921e2,c544138c-7b9c-4074-9390-7563f48d3dfd,coder-01,100,2026-02-13 12:08:02.625,shell_run,122,f
03b42877-686a-47da-9334-bd4383fbf141,a616133e-d0c0-4cf0-b366-8ad458906eb2,coder-01,86,2026-02-13 12:06:59.769,file_write,168,f
5bad67b5-ef0d-46c0-be3d-fa65392813e3,e5d0cdaa-0921-42ae-b7ea-d83faeb4156e,coder-01,101,2026-02-13 12:06:59.775,file_write,174,f
4557cf59-007e-4324-8692-7780b638b7c2,d7dc224c-013a-4cc1-98e8-a39f062f266b,coder-01,97,2026-02-13 12:06:59.782,file_write,181,f
342b360e-f58a-4a49-96f5-2b46693fb257,69d8d66c-77b2-4250-9dc8-c52fbbe15c67,coder-01,78,2026-02-13 12:06:59.789,file_write,188,f
bd449d67-c6e5-40a3-8897-520422324845,bd725b15-8f05-48c1-86ee-566821f22c69,coder-01,72,2026-02-13 12:06:59.797,file_write,195,f
d6316434-65b0-4802-9406-bcbf2ae53b60,d7dc224c-013a-4cc1-98e8-a39f062f266b,coder-01,68,2026-02-13 12:06:59.806,file_write,205,f
b8362ad9-622b-4ef7-a1cd-fd6a3a04b252,e98343a8-9d76-42f9-9b00-8807c9a75699,coder-01,72,2026-02-13 12:06:59.814,file_write,213,f
956c9044-f424-4b0f-9f6e-337b8b899373,77dc4b56-eb73-4241-b51c-290cbb175d6a,coder-01,55,2026-02-13 12:06:59.822,file_write,221,f
f3612e21-fafc-43d1-a256-a6d1f9ac358c,77dc4b56-eb73-4241-b51c-290cbb175d6a,coder-01,70,2026-02-13 12:06:59.83,file_write,229,f
1a44ddd3-c04a-4eb5-aea2-eeda9f4999a8,ba8a1da7-2c5d-43d7-bd94-14f808a1c77e,coder-01,62,2026-02-13 12:06:59.836,file_write,235,f
7b1c81ce-bd61-40cb-90b2-12ad52a24c3d,476561aa-39d6-444e-a0b1-f0888b9ddb4c,coder-01,37,2026-02-13 12:06:59.841,file_write,240,f
4208e4e1-64f4-4994-87a4-e6db095f8fda,a616133e-d0c0-4cf0-b366-8ad458906eb2,coder-01,95,2026-02-13 12:08:02.63,shell_run,128,f
434dfbf0-40b2-413f-8581-8474cecd55d4,103a6302-b032-460d-a216-d9845407b8ce,coder-01,32,2026-02-13 12:06:59.846,file_write,245,f
957e46d3-e564-40d6-bf01-616af23061ca,6790e431-4fc3-4003-a73d-2cac2f38c999,coder-01,26,2026-02-13 12:06:59.851,file_write,251,f
81acabe0-7020-4cd4-bd93-32880e06ccad,b2e8c360-37e0-4c79-b8b1-86cc0b38a798,coder-01,27,2026-02-13 12:06:59.857,file_write,256,f
cf27b96b-2bec-40eb-8e00-d33201cf16eb,911cf95c-65d0-4a50-b75d-bfc9021c5fc2,coder-01,36,2026-02-13 12:06:59.863,file_write,262,f
22510f37-4e1c-4643-915d-f7eec45d751a,14ffcfce-6592-4219-a7fa-d5740f42b7eb,coder-01,8,2026-02-13 12:06:59.868,file_write,267,f
dd092f57-f632-412e-b9e3-be6850f11080,2cce2e00-74ff-4421-8bdb-bcb5b6990c3c,coder-01,3,2026-02-13 12:06:59.873,file_write,272,f
9b484dd4-2cde-4fbc-a6c5-414845c37d86,5c4e8777-119d-41e3-acf0-411722b5a02c,coder-01,204,2026-02-13 12:07:01.597,file_read,9,f
cd1addcc-9adb-45cd-9976-ebdc63c17849,1012d0d2-dff7-467f-9a21-f8c7b0924075,coder-01,200,2026-02-13 12:07:01.606,file_read,20,f
c731ca19-a0f7-4328-8b6a-5a5beebbb45b,6243144d-a5d2-4eeb-8994-390dc9a13e12,coder-01,212,2026-02-13 12:07:01.612,file_read,25,f
4718ed94-5e48-430e-af70-d8286f7a472a,eb17b408-aba9-4859-9bfa-5e89104bfffa,coder-01,191,2026-02-13 12:07:01.62,file_read,31,f
8954beaf-7673-4d35-9dbf-ff61faf89a0c,67a94aa5-3189-4c68-8566-6b8a4fae7546,coder-01,184,2026-02-13 12:07:01.628,file_read,38,f
e475eb6c-cc15-4788-8e9b-c2e6f6437fd5,6d5b4a6a-5aa8-4a3d-8f7a-cfea16412d2a,coder-01,183,2026-02-13 12:07:01.634,file_read,46,f
b8228351-16a7-4df7-b8c0-ee2ea466693c,f558af5d-25ba-479e-8e8b-90a8aaa1ce79,coder-01,184,2026-02-13 12:07:01.641,file_read,54,f
4ee8a162-76ca-474f-88ea-33856c60c5a5,c6f48a65-7b86-4956-b82d-dc010642d5e4,coder-01,180,2026-02-13 12:07:01.647,file_read,60,f
5ca60b7d-56f7-4d69-b4fe-ba1e9db6880d,6f1d2123-e697-4e8a-8633-b4308b565ef5,coder-01,190,2026-02-13 12:07:01.654,file_read,66,f
2d727a70-b76a-4321-8f26-9111cebdff23,83a0bbf4-d843-4f97-8b74-113188decd72,coder-01,164,2026-02-13 12:07:01.66,file_read,73,f
36388f85-f895-46b0-9b6e-e239422d9936,d1a3ab9b-4da3-4a08-859f-be8a200569b1,coder-01,180,2026-02-13 12:07:01.665,file_read,78,f
c45d5c68-6125-4877-951d-0432d7d5e912,f89c597b-097d-4f1e-8bc4-5a4c0b16fb71,coder-01,198,2026-02-13 12:07:01.67,file_read,84,f
1765cb3b-5f0a-444c-a14e-d7122dde51ab,6f1d2123-e697-4e8a-8633-b4308b565ef5,coder-01,162,2026-02-13 12:07:01.676,file_read,89,f
38c188db-3a92-48cb-8791-fa66f69a3da3,3dd1bb00-9339-4be7-97ab-5bba3e98f695,coder-01,120,2026-02-13 12:07:01.682,file_read,95,f
a3cea81f-82ab-4cf7-a0d2-4eed6b4602e5,269ba714-8324-432f-b2a3-b20bf11e1e33,coder-01,114,2026-02-13 12:07:01.688,file_read,101,f
307fdf18-f29a-4256-982d-ab06d703c9f5,22ac8e2f-da14-498d-afe0-8a90443c4fe0,coder-01,121,2026-02-13 12:07:01.694,file_read,107,f
68a5e10d-3397-4b38-9ef8-1f1aea1f159f,6fb4500c-c316-4f3e-a7fd-c4b49f63def0,coder-01,108,2026-02-13 12:07:01.7,file_read,114,f
5d0573fc-f9e8-4c45-b212-62478e2c40b5,9dfb7c24-167b-482f-a929-22211c91e398,coder-01,104,2026-02-13 12:07:01.708,file_read,120,f
538ef808-a60a-42e2-b490-6668986765b5,67a94aa5-3189-4c68-8566-6b8a4fae7546,coder-01,191,2026-02-13 12:08:00.378,file_write,43,f
68270d34-c6b1-4f3c-8413-d654a98b9c43,b6a07738-f434-47d5-b2c8-73d6208fb99e,coder-01,97,2026-02-13 12:07:01.714,file_read,127,f
0fdf888f-4bee-4077-8f69-dcef3858bc23,c709783c-1f03-4937-9b49-fdd6f3c2fcb3,coder-01,100,2026-02-13 12:07:01.72,file_read,133,f
1ebfc356-0359-4499-80be-2d525e741d2a,c544138c-7b9c-4074-9390-7563f48d3dfd,coder-01,92,2026-02-13 12:07:01.727,file_read,139,f
cfd23576-81d9-4bdc-818a-27b506afb1c2,a616133e-d0c0-4cf0-b366-8ad458906eb2,coder-01,87,2026-02-13 12:07:01.734,file_read,147,f
7e80a5f5-c29b-421e-8493-c3b84c01a6cd,e5d0cdaa-0921-42ae-b7ea-d83faeb4156e,coder-01,102,2026-02-13 12:07:01.741,file_read,154,f
c4164430-ed8f-4884-8eeb-f052d5879f42,d7dc224c-013a-4cc1-98e8-a39f062f266b,coder-01,98,2026-02-13 12:07:01.748,file_read,161,f
67331803-90af-46a1-83f1-cf4dc490abc2,69d8d66c-77b2-4250-9dc8-c52fbbe15c67,coder-01,79,2026-02-13 12:07:01.754,file_read,167,f
fbe0396a-4527-4160-9da4-132cb2c99597,bd725b15-8f05-48c1-86ee-566821f22c69,coder-01,73,2026-02-13 12:07:01.76,file_read,173,f
f667253c-5e24-47dc-8a98-5b5c14a24493,d7dc224c-013a-4cc1-98e8-a39f062f266b,coder-01,69,2026-02-13 12:07:01.766,file_read,179,f
adfda56a-0537-4805-916c-45f478025456,e98343a8-9d76-42f9-9b00-8807c9a75699,coder-01,73,2026-02-13 12:07:01.772,file_read,185,f
e62f458c-e32d-4d53-bd73-a1e1e4a02262,77dc4b56-eb73-4241-b51c-290cbb175d6a,coder-01,56,2026-02-13 12:07:01.777,file_read,191,f
2db9df8f-69f1-4b02-bf98-8e5d3ad80f99,77dc4b56-eb73-4241-b51c-290cbb175d6a,coder-01,71,2026-02-13 12:07:01.783,file_read,196,f
456afb36-6cb3-444f-b0b3-6acda38415a1,6d5b4a6a-5aa8-4a3d-8f7a-cfea16412d2a,coder-01,190,2026-02-13 12:08:00.386,file_write,50,f
d04a0e60-c948-48e7-b69d-9bdd4e7dbfc7,ba8a1da7-2c5d-43d7-bd94-14f808a1c77e,coder-01,63,2026-02-13 12:07:01.789,file_read,202,f
781dc111-0f17-495a-bf4b-3bbd8d5611c1,476561aa-39d6-444e-a0b1-f0888b9ddb4c,coder-01,38,2026-02-13 12:07:01.794,file_read,208,f
a1f0423a-3903-4bb5-9b04-e8ee19f79061,103a6302-b032-460d-a216-d9845407b8ce,coder-01,33,2026-02-13 12:07:01.8,file_read,213,f
56525fc5-bb51-466b-ae08-b94f1477c022,6790e431-4fc3-4003-a73d-2cac2f38c999,coder-01,27,2026-02-13 12:07:01.806,file_read,219,f
098f78c1-d15f-4837-bca4-eff856824fb6,b2e8c360-37e0-4c79-b8b1-86cc0b38a798,coder-01,28,2026-02-13 12:07:01.812,file_read,225,f
1fd6ff77-95d1-4169-885e-00569b85d4d0,911cf95c-65d0-4a50-b75d-bfc9021c5fc2,coder-01,37,2026-02-13 12:07:01.818,file_read,231,f
26a5cf45-e944-4ff7-ab2d-536dc5a0d693,14ffcfce-6592-4219-a7fa-d5740f42b7eb,coder-01,9,2026-02-13 12:07:01.824,file_read,237,f
4c4d9524-dfdd-4ad6-84d3-495dff03efc0,2cce2e00-74ff-4421-8bdb-bcb5b6990c3c,coder-01,4,2026-02-13 12:07:01.831,file_read,243,f
4d379a8a-fbc7-441e-bffd-9f1ff4d5f836,5c4e8777-119d-41e3-acf0-411722b5a02c,coder-01,205,2026-02-13 12:07:05.361,shell_run,1256,f
eddfb9d5-e113-4dec-8539-7ef74b61a605,1012d0d2-dff7-467f-9a21-f8c7b0924075,coder-01,201,2026-02-13 12:07:05.37,shell_run,1265,f
f69e4654-de36-4958-b43d-e044ec7f4009,6243144d-a5d2-4eeb-8994-390dc9a13e12,coder-01,213,2026-02-13 12:07:05.383,shell_run,1279,f
913aaf00-ded5-4fba-803f-3c0168cb768b,eb17b408-aba9-4859-9bfa-5e89104bfffa,coder-01,192,2026-02-13 12:07:05.392,shell_run,1286,f
debece27-7b5c-4d7e-91f0-2056cc01b21d,20dc51ff-c823-4f2f-885b-da6c8c8abe94,coder-01,25,2026-02-13 13:11:21.15,shell_run,198,f
73af2bba-9278-4792-8b99-fad21f23c35a,67a94aa5-3189-4c68-8566-6b8a4fae7546,coder-01,185,2026-02-13 12:07:05.401,shell_run,1295,f
38cde597-4bfb-47a8-88c9-7b4580d634b3,6d5b4a6a-5aa8-4a3d-8f7a-cfea16412d2a,coder-01,184,2026-02-13 12:07:05.41,shell_run,1304,f
3c9a07bf-88bf-40e8-943a-4e27a423bb96,f558af5d-25ba-479e-8e8b-90a8aaa1ce79,coder-01,185,2026-02-13 12:07:05.418,shell_run,1312,f
b4955f9c-13a1-4b22-97ea-232f49161222,c6f48a65-7b86-4956-b82d-dc010642d5e4,coder-01,181,2026-02-13 12:07:05.425,shell_run,1320,f
99218f7c-8964-487b-9ad3-36173dc18133,6f1d2123-e697-4e8a-8633-b4308b565ef5,coder-01,191,2026-02-13 12:07:05.433,shell_run,1328,f
016cac6c-0ab9-449a-b07e-91d80dac7db8,83a0bbf4-d843-4f97-8b74-113188decd72,coder-01,165,2026-02-13 12:07:05.44,shell_run,1336,f
e4c32824-d27c-446c-839b-5064531d5887,d1a3ab9b-4da3-4a08-859f-be8a200569b1,coder-01,181,2026-02-13 12:07:05.448,shell_run,1343,f
af59c837-ea4c-4207-94ea-02d882de31bf,f89c597b-097d-4f1e-8bc4-5a4c0b16fb71,coder-01,199,2026-02-13 12:07:05.455,shell_run,1350,f
c5dc7417-dec4-49da-ab76-9edf4f9c2ce0,6f1d2123-e697-4e8a-8633-b4308b565ef5,coder-01,163,2026-02-13 12:07:05.461,shell_run,1357,f
449eef33-100a-47ea-a5cb-3fa9ecc0569a,3dd1bb00-9339-4be7-97ab-5bba3e98f695,coder-01,121,2026-02-13 12:07:05.468,shell_run,1363,f
e3115366-c045-4715-8896-19f639fe375e,269ba714-8324-432f-b2a3-b20bf11e1e33,coder-01,115,2026-02-13 12:07:05.475,shell_run,1370,f
81ef1b41-6f55-4fef-a067-c289efd28763,f558af5d-25ba-479e-8e8b-90a8aaa1ce79,coder-01,191,2026-02-13 12:08:00.394,file_write,58,f
5c1e992a-1613-4b8d-b0fd-af4701c2083a,22ac8e2f-da14-498d-afe0-8a90443c4fe0,coder-01,122,2026-02-13 12:07:05.482,shell_run,1377,f
f06c835e-410d-4544-b5ec-4995e158d44d,6fb4500c-c316-4f3e-a7fd-c4b49f63def0,coder-01,109,2026-02-13 12:07:05.488,shell_run,1384,f
7a4d2a58-4912-4e66-bece-47e19cf519d0,9dfb7c24-167b-482f-a929-22211c91e398,coder-01,105,2026-02-13 12:07:05.495,shell_run,1390,f
d8ad5494-fd3a-4556-aadc-f2a63afdbc2b,b6a07738-f434-47d5-b2c8-73d6208fb99e,coder-01,98,2026-02-13 12:07:05.504,shell_run,1399,f
4f913fdf-4811-414c-94cf-ede858820a6c,c709783c-1f03-4937-9b49-fdd6f3c2fcb3,coder-01,101,2026-02-13 12:07:05.512,shell_run,1407,f
dbf1164e-d6ed-4d8c-870f-c7b834532451,c544138c-7b9c-4074-9390-7563f48d3dfd,coder-01,93,2026-02-13 12:07:05.519,shell_run,1415,f
762805a7-15e2-4682-8255-9554afc0270e,a616133e-d0c0-4cf0-b366-8ad458906eb2,coder-01,88,2026-02-13 12:07:05.526,shell_run,1422,f
e86ae695-7b69-417d-81a4-4569f6e5e29c,e5d0cdaa-0921-42ae-b7ea-d83faeb4156e,coder-01,103,2026-02-13 12:07:05.533,shell_run,1429,f
937af56b-0c09-4989-869e-df9ef1c85035,d7dc224c-013a-4cc1-98e8-a39f062f266b,coder-01,99,2026-02-13 12:07:05.538,shell_run,1433,f
9d1b76b8-6ae7-489f-9f2a-3fa57ebfbaff,5c4e8777-119d-41e3-acf0-411722b5a02c,coder-01,211,2026-02-13 12:08:00.345,file_write,9,f
8d635d60-e599-4612-adb9-507c21e5cd4b,1012d0d2-dff7-467f-9a21-f8c7b0924075,coder-01,207,2026-02-13 12:08:00.357,file_write,22,f
b4af6610-288d-4bd8-af6e-af6f2dcd2cec,6243144d-a5d2-4eeb-8994-390dc9a13e12,coder-01,219,2026-02-13 12:08:00.364,file_write,29,f
fdbd3a71-2b85-491a-bf64-93b03c672f52,eb17b408-aba9-4859-9bfa-5e89104bfffa,coder-01,198,2026-02-13 12:08:00.371,file_write,37,f
9851d797-cd99-4c67-9e57-3bf5fe23909d,c6f48a65-7b86-4956-b82d-dc010642d5e4,coder-01,187,2026-02-13 12:08:00.402,file_write,66,f
c780333b-4144-4c56-b928-d458297cf210,6f1d2123-e697-4e8a-8633-b4308b565ef5,coder-01,197,2026-02-13 12:08:00.409,file_write,74,f
a59071c3-2948-4d3c-bb45-abacfca1cf8f,83a0bbf4-d843-4f97-8b74-113188decd72,coder-01,171,2026-02-13 12:08:00.416,file_write,81,f
81860caa-37ed-42e0-ba43-cbe7fb9c040e,d1a3ab9b-4da3-4a08-859f-be8a200569b1,coder-01,187,2026-02-13 12:08:00.423,file_write,88,f
2668dff1-eee5-48a0-8f55-62533811c92c,f89c597b-097d-4f1e-8bc4-5a4c0b16fb71,coder-01,205,2026-02-13 12:08:00.431,file_write,96,f
1b489228-7dfa-4a40-90f9-8894d3c67b98,6f1d2123-e697-4e8a-8633-b4308b565ef5,coder-01,169,2026-02-13 12:08:00.44,file_write,105,f
b972611c-c6d4-4667-8a6f-94660a815be8,3dd1bb00-9339-4be7-97ab-5bba3e98f695,coder-01,127,2026-02-13 12:08:00.447,file_write,112,f
a6b9817a-7ba2-4953-beaa-2a5486098edd,269ba714-8324-432f-b2a3-b20bf11e1e33,coder-01,121,2026-02-13 12:08:00.454,file_write,120,f
8cb93ff7-18cf-4f62-ac7c-678cb642e5a7,22ac8e2f-da14-498d-afe0-8a90443c4fe0,coder-01,128,2026-02-13 12:08:00.462,file_write,127,f
767a9dc0-e643-448d-96cd-5fb78f078499,6fb4500c-c316-4f3e-a7fd-c4b49f63def0,coder-01,115,2026-02-13 12:08:00.469,file_write,134,f
6eca7b76-b3dc-4f7e-a5b0-b3ff05278209,9dfb7c24-167b-482f-a929-22211c91e398,coder-01,111,2026-02-13 12:08:00.475,file_write,141,f
d3cf24ed-025f-453b-a630-9dfd73ec224b,b6a07738-f434-47d5-b2c8-73d6208fb99e,coder-01,104,2026-02-13 12:08:00.482,file_write,147,f
b871684f-e0cb-4381-8e45-b819605a2ee0,c709783c-1f03-4937-9b49-fdd6f3c2fcb3,coder-01,107,2026-02-13 12:08:00.488,file_write,153,f
45cd81a6-1787-42f3-b18a-321c91c7f8e4,c544138c-7b9c-4074-9390-7563f48d3dfd,coder-01,99,2026-02-13 12:08:00.495,file_write,160,f
afb73cf9-8194-4f58-b106-4e2f3c40af1f,a616133e-d0c0-4cf0-b366-8ad458906eb2,coder-01,94,2026-02-13 12:08:00.501,file_write,166,f
7984a1e5-56a7-4628-a1ad-e8acd0c0406a,e5d0cdaa-0921-42ae-b7ea-d83faeb4156e,coder-01,109,2026-02-13 12:08:00.508,file_write,173,f
4c8fcb2c-b9eb-466f-bda6-5becdf0d345a,b6a07738-f434-47d5-b2c8-73d6208fb99e,coder-01,105,2026-02-13 12:08:02.614,shell_run,110,f
b2e366c9-b501-4702-8bbd-82310793233d,d7dc224c-013a-4cc1-98e8-a39f062f266b,coder-01,105,2026-02-13 12:08:00.514,file_write,180,f
a6e73c9d-d8c3-482b-bb86-7d46606924d8,69d8d66c-77b2-4250-9dc8-c52fbbe15c67,coder-01,86,2026-02-13 12:08:00.521,file_write,186,f
4768f8f2-85f4-4275-acde-61f248e0333f,bd725b15-8f05-48c1-86ee-566821f22c69,coder-01,80,2026-02-13 12:08:00.528,file_write,193,f
e9b82343-1d62-432d-a32f-f8b32b9cb5a4,d7dc224c-013a-4cc1-98e8-a39f062f266b,coder-01,76,2026-02-13 12:08:00.534,file_write,200,f
af9a3835-ffc9-482d-af39-298405127205,e98343a8-9d76-42f9-9b00-8807c9a75699,coder-01,80,2026-02-13 12:08:00.543,file_write,208,f
c7c6852f-6eac-4fef-8bac-4996e7126936,77dc4b56-eb73-4241-b51c-290cbb175d6a,coder-01,63,2026-02-13 12:08:00.551,file_write,216,f
e3db6f5f-7bfa-4daf-9495-dfa821f58cd7,77dc4b56-eb73-4241-b51c-290cbb175d6a,coder-01,78,2026-02-13 12:08:00.558,file_write,224,f
e8789dc5-2380-47b9-b254-a882dd18515b,ba8a1da7-2c5d-43d7-bd94-14f808a1c77e,coder-01,70,2026-02-13 12:08:00.566,file_write,231,f
656536c7-bf8c-4c12-9823-1cd095e25286,476561aa-39d6-444e-a0b1-f0888b9ddb4c,coder-01,45,2026-02-13 12:08:00.572,file_write,238,f
a4e62094-a348-4d1f-8ad5-619862b0dc9e,103a6302-b032-460d-a216-d9845407b8ce,coder-01,40,2026-02-13 12:08:00.577,file_write,242,f
4dc25a87-48ae-4a8b-93ac-76d840f2f33a,6790e431-4fc3-4003-a73d-2cac2f38c999,coder-01,34,2026-02-13 12:08:00.582,file_write,247,f
cae355ea-01d7-4721-9408-37b7745b428c,b2e8c360-37e0-4c79-b8b1-86cc0b38a798,coder-01,35,2026-02-13 12:08:00.587,file_write,252,f
b1607e8e-5305-4612-9cb9-524768de9399,911cf95c-65d0-4a50-b75d-bfc9021c5fc2,coder-01,44,2026-02-13 12:08:00.592,file_write,257,f
ab1138cb-3d23-4c6b-888c-43f033bd9f23,14ffcfce-6592-4219-a7fa-d5740f42b7eb,coder-01,16,2026-02-13 12:08:00.597,file_write,263,f
b5e22928-209a-4fbd-ac9a-c460fbb2eea8,2cce2e00-74ff-4421-8bdb-bcb5b6990c3c,coder-01,13,2026-02-13 12:08:00.603,file_write,269,f
0625b8dd-64bf-4501-a600-dab7d3a902ff,05af568c-271f-4852-9c94-e7fd98bcba8c,coder-01,8,2026-02-13 12:08:00.609,file_write,274,f
cfb129f1-2921-4df4-81ba-7d8ec7404315,c709783c-1f03-4937-9b49-fdd6f3c2fcb3,coder-01,108,2026-02-13 12:08:02.619,shell_run,116,f
68bdb6a5-3a15-4e10-8c88-5ea95764deae,ca8166de-d217-4363-8c76-908c61fdb51b,coder-01,2,2026-02-13 12:08:00.614,file_write,280,f
a196f0a8-6895-4d3c-9d54-cc196e87635d,aa1c1cd7-d01a-470e-8686-251085703a09,coder-01,1,2026-02-13 12:08:00.62,file_write,285,f
a366981c-64c3-4940-9d24-a5a45349f64e,5c4e8777-119d-41e3-acf0-411722b5a02c,coder-01,212,2026-02-13 12:08:02.503,shell_run,0,f
66b7caf1-a3c0-4dc7-982c-963bb184537f,1012d0d2-dff7-467f-9a21-f8c7b0924075,coder-01,208,2026-02-13 12:08:02.509,shell_run,6,f
bd5ce61b-2668-4c82-8f8a-23a17c471389,6243144d-a5d2-4eeb-8994-390dc9a13e12,coder-01,220,2026-02-13 12:08:02.515,shell_run,12,f
9a7a01f1-b303-491c-9d6c-5f61dc5c3d29,eb17b408-aba9-4859-9bfa-5e89104bfffa,coder-01,199,2026-02-13 12:08:02.521,shell_run,17,f
ab0c9d73-4064-425d-8d2d-203effa7fc75,67a94aa5-3189-4c68-8566-6b8a4fae7546,coder-01,192,2026-02-13 12:08:02.526,shell_run,23,f
5a562b02-89c1-4274-bbc0-145b2e86af13,6d5b4a6a-5aa8-4a3d-8f7a-cfea16412d2a,coder-01,191,2026-02-13 12:08:02.532,shell_run,29,f
7b120047-827a-4563-a153-3a8ce9987869,f558af5d-25ba-479e-8e8b-90a8aaa1ce79,coder-01,192,2026-02-13 12:08:02.539,shell_run,34,f
e8e84ecf-d133-4ad1-84f9-6589a3756de3,c6f48a65-7b86-4956-b82d-dc010642d5e4,coder-01,188,2026-02-13 12:08:02.546,shell_run,41,f
b5d18870-b52e-4884-a05a-f02d6fee588c,6f1d2123-e697-4e8a-8633-b4308b565ef5,coder-01,198,2026-02-13 12:08:02.552,shell_run,48,f
c9f3cdf0-67dc-430c-bf57-0192ecfb78c7,83a0bbf4-d843-4f97-8b74-113188decd72,coder-01,172,2026-02-13 12:08:02.558,shell_run,54,f
8a1bf3db-257c-41df-9148-07de916e4abc,d1a3ab9b-4da3-4a08-859f-be8a200569b1,coder-01,188,2026-02-13 12:08:02.564,shell_run,60,f
744bdb52-1f14-4564-a6af-9a0952cec21e,f89c597b-097d-4f1e-8bc4-5a4c0b16fb71,coder-01,206,2026-02-13 12:08:02.569,shell_run,66,f
0a8b8ea3-ef87-4fe4-8982-f38aef6f9b7f,6f1d2123-e697-4e8a-8633-b4308b565ef5,coder-01,170,2026-02-13 12:08:02.575,shell_run,72,f
5326c4a1-15cc-458c-881a-dcc699a32b09,3dd1bb00-9339-4be7-97ab-5bba3e98f695,coder-01,128,2026-02-13 12:08:02.582,shell_run,79,f
55ed2787-f8e2-495f-8c4f-c3cef9cad5b1,269ba714-8324-432f-b2a3-b20bf11e1e33,coder-01,122,2026-02-13 12:08:02.588,shell_run,85,f
c1da07a4-255f-45c9-ad47-33c8de6e6b82,22ac8e2f-da14-498d-afe0-8a90443c4fe0,coder-01,129,2026-02-13 12:08:02.594,shell_run,91,f
79f43fb3-b34d-4598-be49-627be04e279a,6fb4500c-c316-4f3e-a7fd-c4b49f63def0,coder-01,116,2026-02-13 12:08:02.6,shell_run,97,f
1bab1bfa-d491-4a76-b3f4-6975a1475228,9dfb7c24-167b-482f-a929-22211c91e398,coder-01,112,2026-02-13 12:08:02.607,shell_run,103,f
7f0e3ae0-a324-4a62-9a5d-417ebd191ab3,e5d0cdaa-0921-42ae-b7ea-d83faeb4156e,coder-01,110,2026-02-13 12:08:02.636,shell_run,133,f
5be0be81-87bb-44be-ad36-80c8f765e514,d7dc224c-013a-4cc1-98e8-a39f062f266b,coder-01,106,2026-02-13 12:08:02.642,shell_run,139,f
aa142ce0-e7cb-470a-973a-8566073cabf5,69d8d66c-77b2-4250-9dc8-c52fbbe15c67,coder-01,87,2026-02-13 12:08:02.647,shell_run,144,f
2cdde48c-4ddf-4c86-aee1-405a72e2be3f,bd725b15-8f05-48c1-86ee-566821f22c69,coder-01,81,2026-02-13 12:08:02.653,shell_run,150,f
9097412d-83b7-469c-a098-34624bda31a1,d7dc224c-013a-4cc1-98e8-a39f062f266b,coder-01,77,2026-02-13 12:08:02.659,shell_run,156,f
633e48db-8dfc-4b49-ae7d-89b3f3b5a47c,e98343a8-9d76-42f9-9b00-8807c9a75699,coder-01,81,2026-02-13 12:08:02.665,shell_run,162,f
3f9a2d83-6e12-40f2-b40a-6e1b5f3ccde4,77dc4b56-eb73-4241-b51c-290cbb175d6a,coder-01,64,2026-02-13 12:08:02.671,shell_run,169,f
46e253bf-6d76-469b-a966-102c52aca979,77dc4b56-eb73-4241-b51c-290cbb175d6a,coder-01,79,2026-02-13 12:08:02.677,shell_run,175,f
fdcb2d5d-9864-4fd6-837e-631913b6da23,ba8a1da7-2c5d-43d7-bd94-14f808a1c77e,coder-01,71,2026-02-13 12:08:02.683,shell_run,180,f
cb056954-c3b5-4d0c-82e5-f82dc3912b85,476561aa-39d6-444e-a0b1-f0888b9ddb4c,coder-01,46,2026-02-13 12:08:02.689,shell_run,187,f
36f6aded-5cac-4ab9-845a-c724202acbaa,103a6302-b032-460d-a216-d9845407b8ce,coder-01,41,2026-02-13 12:08:02.696,shell_run,193,f
e3c314d3-ca25-43d9-b8bf-566ee6c40cf6,6790e431-4fc3-4003-a73d-2cac2f38c999,coder-01,35,2026-02-13 12:08:02.703,shell_run,200,f
b5b14ab8-bc1a-4409-925c-2d58d125aef3,b2e8c360-37e0-4c79-b8b1-86cc0b38a798,coder-01,36,2026-02-13 12:08:02.709,shell_run,207,f
670aed0b-91a0-4742-85f6-b4671690c19c,911cf95c-65d0-4a50-b75d-bfc9021c5fc2,coder-01,45,2026-02-13 12:08:02.715,shell_run,212,f
d3acbec8-60cd-460c-98d0-2b2cfb837589,14ffcfce-6592-4219-a7fa-d5740f42b7eb,coder-01,17,2026-02-13 12:08:02.721,shell_run,218,f
2675f26d-0d8e-409e-83e7-c10c6c3c3fcf,2cce2e00-74ff-4421-8bdb-bcb5b6990c3c,coder-01,14,2026-02-13 12:08:02.727,shell_run,224,f
6e0dbcdf-2fe2-4c19-9077-a390a35a3f09,05af568c-271f-4852-9c94-e7fd98bcba8c,coder-01,9,2026-02-13 12:08:02.732,shell_run,229,f
13222792-f4a4-4d64-9a28-92ba839b784e,ca8166de-d217-4363-8c76-908c61fdb51b,coder-01,3,2026-02-13 12:08:02.737,shell_run,234,f
66293843-effd-4414-b4b4-72f15dd3bab7,aa1c1cd7-d01a-470e-8686-251085703a09,coder-01,2,2026-02-13 12:08:02.742,shell_run,240,f
4ba4ac2b-3d93-4b77-af95-572ac6fdc73b,5c4e8777-119d-41e3-acf0-411722b5a02c,coder-01,213,2026-02-13 12:08:06.587,file_write,9,f
19848233-cb26-46cc-a800-1e7cc54f13cf,1012d0d2-dff7-467f-9a21-f8c7b0924075,coder-01,209,2026-02-13 12:08:06.598,file_write,19,f
eaadf5f0-7efa-48f3-93ea-540de4792f51,6243144d-a5d2-4eeb-8994-390dc9a13e12,coder-01,221,2026-02-13 12:08:06.604,file_write,25,f
a13dc855-d5ba-4460-b279-697c08c79949,eb17b408-aba9-4859-9bfa-5e89104bfffa,coder-01,200,2026-02-13 12:08:06.61,file_write,32,f
1d19d1e4-d066-4662-9e5b-974972f2fff8,67a94aa5-3189-4c68-8566-6b8a4fae7546,coder-01,193,2026-02-13 12:08:06.616,file_write,38,f
fdfde880-0fff-4d6a-84dc-d233fc3947cc,6d5b4a6a-5aa8-4a3d-8f7a-cfea16412d2a,coder-01,192,2026-02-13 12:08:06.623,file_write,44,f
dc6fe770-feb4-4034-9388-e73694f3ef43,f558af5d-25ba-479e-8e8b-90a8aaa1ce79,coder-01,193,2026-02-13 12:08:06.631,file_write,51,f
5f1bdf05-4942-447a-baaa-afbb83777125,c6f48a65-7b86-4956-b82d-dc010642d5e4,coder-01,189,2026-02-13 12:08:06.638,file_write,58,f
f1be5978-06d7-4572-bbd0-c130ae067565,6f1d2123-e697-4e8a-8633-b4308b565ef5,coder-01,199,2026-02-13 12:08:06.645,file_write,66,f
5bde6a6a-754e-4ecf-b2dc-f4da71b40360,83a0bbf4-d843-4f97-8b74-113188decd72,coder-01,173,2026-02-13 12:08:06.652,file_write,73,f
4b9f4a09-0c43-4d49-b526-034528a2fbe9,d1a3ab9b-4da3-4a08-859f-be8a200569b1,coder-01,189,2026-02-13 12:08:06.66,file_write,80,f
f08e1629-e2b8-4120-8500-21b1d18cdac9,f89c597b-097d-4f1e-8bc4-5a4c0b16fb71,coder-01,207,2026-02-13 12:08:06.666,file_write,87,f
f064be05-242f-4aed-969a-6c9b1a7e365a,6f1d2123-e697-4e8a-8633-b4308b565ef5,coder-01,171,2026-02-13 12:08:06.673,file_write,94,f
06f843ed-3a7a-44a4-914f-acee84b8c9c2,3dd1bb00-9339-4be7-97ab-5bba3e98f695,coder-01,129,2026-02-13 12:08:06.679,file_write,100,f
125e7e78-8f71-4758-9955-27f2e8da147c,269ba714-8324-432f-b2a3-b20bf11e1e33,coder-01,123,2026-02-13 12:08:06.686,file_write,107,f
251ec717-f40c-42d9-abbd-9d77a2fc2376,22ac8e2f-da14-498d-afe0-8a90443c4fe0,coder-01,130,2026-02-13 12:08:06.693,file_write,114,f
aab91492-e9bf-44be-b7d0-50bb57e8a05f,6fb4500c-c316-4f3e-a7fd-c4b49f63def0,coder-01,117,2026-02-13 12:08:06.701,file_write,122,f
b5eeded3-f1fb-4cea-b41d-3b0a7eafae09,9dfb7c24-167b-482f-a929-22211c91e398,coder-01,119,2026-02-13 12:10:02.83,shell_run,107,f
7a195ef0-2f53-488d-b274-8421e8505fa0,9dfb7c24-167b-482f-a929-22211c91e398,coder-01,113,2026-02-13 12:08:06.709,file_write,130,f
a5ccea78-82f5-434b-a772-a29adf2c890d,248dbe27-7702-4e3d-94ee-76fe60374cb0,coder-01,4,2026-02-13 12:09:48.847,"the action to take, only one name of [file_read, file_write, file_edit, file_list, shell_run, code_search, find_file], just the name, exactly as it's written.",,f
2b04b310-10a8-4b17-8fbc-a210fb14322b,248dbe27-7702-4e3d-94ee-76fe60374cb0,coder-01,5,2026-02-13 12:09:48.854,unknown,,f
83acebd2-f482-490a-a7a5-46f72a429d03,248dbe27-7702-4e3d-94ee-76fe60374cb0,coder-01,6,2026-02-13 12:09:48.862,"the action to take, should be one of [file_read, file_write, file_edit, file_list, shell_run, code_search, find_file]",,f
35e30d25-0acd-454c-b9d5-88b6a59412fd,248dbe27-7702-4e3d-94ee-76fe60374cb0,coder-01,7,2026-02-13 12:09:48.868,unknown,,f
bd0632af-7e43-4e60-8649-72a33a450ed9,248dbe27-7702-4e3d-94ee-76fe60374cb0,coder-01,8,2026-02-13 12:09:48.877,"the action to take, should be one of [file_read, file_write, file_edit, file_list, shell_run, code_search, find_file]",,f
51f9534a-0976-438d-a1b7-ee4c0d1ff25c,248dbe27-7702-4e3d-94ee-76fe60374cb0,coder-01,9,2026-02-13 12:09:48.884,unknown,,f
30bcb88d-9b7b-4fab-8900-a55eb486edc2,248dbe27-7702-4e3d-94ee-76fe60374cb0,coder-01,10,2026-02-13 12:09:48.891,"' after 'Thought:'. I will do right next, and don't use a tool I have already used.",,f
38345217-c9d5-4721-9566-13fa7de7b438,248dbe27-7702-4e3d-94ee-76fe60374cb0,coder-01,11,2026-02-13 12:09:48.9,"the action to take, should be one of [file_read, file_write, file_edit, file_list, shell_run, code_search, find_file]",,f
00dc1c2d-c51c-420f-bf3d-04c5fcca8c3c,248dbe27-7702-4e3d-94ee-76fe60374cb0,coder-01,12,2026-02-13 12:09:48.906,unknown,,f
595e54a8-d772-4af9-a9cc-6a40e111a27b,248dbe27-7702-4e3d-94ee-76fe60374cb0,coder-01,13,2026-02-13 12:09:48.915,"the action to take, should be one of [file_read, file_write, file_edit, file_list, shell_run, code_search, find_file]",,f
1677c218-1fdb-463e-bb18-5d7e87950f45,248dbe27-7702-4e3d-94ee-76fe60374cb0,coder-01,14,2026-02-13 12:09:48.922,unknown,,f
f81f9f10-9c46-45a9-9308-2d0850d550cf,248dbe27-7702-4e3d-94ee-76fe60374cb0,coder-01,15,2026-02-13 12:09:48.931,"the action to take, should be one of [file_read, file_write, file_edit, file_list, shell_run, code_search, find_file]",,f
4c330b4b-8eab-4e23-a007-8a2abd482bf0,248dbe27-7702-4e3d-94ee-76fe60374cb0,coder-01,16,2026-02-13 12:09:48.938,unknown,,f
61bc0234-d682-4e1b-92fb-972aab753236,248dbe27-7702-4e3d-94ee-76fe60374cb0,coder-01,17,2026-02-13 12:09:48.948,"the action to take, should be one of [file_read, file_write, file_edit, file_list, shell_run, code_search, find_file]",,f
d29b232d-fb4f-41dc-8d9d-a872bb542f60,248dbe27-7702-4e3d-94ee-76fe60374cb0,coder-01,18,2026-02-13 12:09:48.954,unknown,,f
611394ea-c7e1-4a92-afb9-7da08decf5db,248dbe27-7702-4e3d-94ee-76fe60374cb0,coder-01,19,2026-02-13 12:09:48.963,"the action to take, should be one of [file_read, file_write, file_edit, file_list, shell_run, code_search, find_file]",,f
7ae70ac6-8539-4904-9f0f-c2a8d49b5065,248dbe27-7702-4e3d-94ee-76fe60374cb0,coder-01,20,2026-02-13 12:09:48.971,unknown,,f
5bf06769-265b-4bf2-ba03-9977266faade,248dbe27-7702-4e3d-94ee-76fe60374cb0,coder-01,21,2026-02-13 12:09:48.979,"the action to take, should be one of [file_read, file_write, file_edit, file_list, shell_run, code_search, find_file]",,f
22345f33-086b-4d2c-94e3-35a065fe1e22,248dbe27-7702-4e3d-94ee-76fe60374cb0,coder-01,22,2026-02-13 12:09:48.985,unknown,,f
3525448a-905c-4d4e-9dd7-f19f1881293f,248dbe27-7702-4e3d-94ee-76fe60374cb0,coder-01,23,2026-02-13 12:09:48.992,"the action to take, should be one of [file_read, file_write, file_edit, file_list, shell_run, code_search, find_file]",,f
149d78ae-1208-43b4-972e-cf2299ca37eb,248dbe27-7702-4e3d-94ee-76fe60374cb0,coder-01,24,2026-02-13 12:09:48.999,unknown,,f
091bc1a9-2310-4f06-afde-a56521a4dd52,248dbe27-7702-4e3d-94ee-76fe60374cb0,coder-01,1,2026-02-13 12:09:49.006,file_write,102,f
b0e37329-c7d8-4308-8df4-dc9a46b5a8de,248dbe27-7702-4e3d-94ee-76fe60374cb0,coder-01,2,2026-02-13 12:09:49.013,file_write,106,f
2bfa16a3-834c-4b6a-a1fa-2a3309440a8d,f89c597b-097d-4f1e-8bc4-5a4c0b16fb71,coder-01,212,2026-02-13 12:10:00.012,file_write,89,f
72bf4a25-6e3d-49d3-aa3b-04ed3ca1d35b,6f1d2123-e697-4e8a-8633-b4308b565ef5,coder-01,176,2026-02-13 12:10:00.02,file_write,97,f
95fd969b-0fee-4181-8c23-c33a5b53366f,330dcf27-8d11-4270-9961-50b9f18dfd67,coder-01,2,2026-02-13 13:05:27.815,shell_run,182,f
27a22ef0-3fb8-4088-ac12-89f44e604f35,248dbe27-7702-4e3d-94ee-76fe60374cb0,coder-01,3,2026-02-13 12:09:49.021,shell_run,527,f
4ff10fbc-0f5c-4146-9f16-f99cd825dad6,5c4e8777-119d-41e3-acf0-411722b5a02c,coder-01,218,2026-02-13 12:09:59.93,file_write,7,f
841830cf-7218-4c40-becd-2eecb29cf9da,1012d0d2-dff7-467f-9a21-f8c7b0924075,coder-01,214,2026-02-13 12:09:59.941,file_write,19,f
50f97386-1e9b-4d96-82c2-4b1dba74735c,6243144d-a5d2-4eeb-8994-390dc9a13e12,coder-01,226,2026-02-13 12:09:59.947,file_write,25,f
64d36921-ffbe-4517-97fb-9bca4cac6364,eb17b408-aba9-4859-9bfa-5e89104bfffa,coder-01,205,2026-02-13 12:09:59.954,file_write,32,f
8da0a36c-65c7-4e17-bea7-056326d2ccdc,67a94aa5-3189-4c68-8566-6b8a4fae7546,coder-01,198,2026-02-13 12:09:59.96,file_write,38,f
022dfcd1-344a-4f04-8421-c33365609516,6d5b4a6a-5aa8-4a3d-8f7a-cfea16412d2a,coder-01,197,2026-02-13 12:09:59.966,file_write,44,f
290a2a01-4f3c-430c-a57b-cde452ff6e68,f558af5d-25ba-479e-8e8b-90a8aaa1ce79,coder-01,198,2026-02-13 12:09:59.973,file_write,51,f
94870bc2-5802-4d22-864c-6557b0961e3e,c6f48a65-7b86-4956-b82d-dc010642d5e4,coder-01,194,2026-02-13 12:09:59.98,file_write,58,f
65d0498b-6557-4a67-96f3-0613374bce8c,6f1d2123-e697-4e8a-8633-b4308b565ef5,coder-01,204,2026-02-13 12:09:59.988,file_write,65,f
bca5f41a-f870-4332-924a-fa018e5020e5,83a0bbf4-d843-4f97-8b74-113188decd72,coder-01,178,2026-02-13 12:09:59.997,file_write,73,f
fa4cd966-c73e-4a33-99c0-ae405f71647e,d1a3ab9b-4da3-4a08-859f-be8a200569b1,coder-01,194,2026-02-13 12:10:00.004,file_write,82,f
ed753754-62f5-43e3-9cb9-af576d04ee20,330dcf27-8d11-4270-9961-50b9f18dfd67,coder-01,13,2026-02-13 13:07:29.499,shell_run,323,f
4ed9159b-6cc7-49aa-a629-5c7c9f888cb0,3dd1bb00-9339-4be7-97ab-5bba3e98f695,coder-01,134,2026-02-13 12:10:00.027,file_write,105,f
75465eec-f88d-4754-909a-83d4477cd851,269ba714-8324-432f-b2a3-b20bf11e1e33,coder-01,128,2026-02-13 12:10:00.034,file_write,112,f
3c6b4fce-0c48-46ae-86f9-57ed37e7d3df,22ac8e2f-da14-498d-afe0-8a90443c4fe0,coder-01,135,2026-02-13 12:10:00.04,file_write,119,f
9913bca9-f2b0-40eb-96e2-e3fc21654ed5,6fb4500c-c316-4f3e-a7fd-c4b49f63def0,coder-01,122,2026-02-13 12:10:00.048,file_write,126,f
5d87fef6-6648-4d1a-90bf-68cb47599aeb,9dfb7c24-167b-482f-a929-22211c91e398,coder-01,118,2026-02-13 12:10:00.055,file_write,133,f
932449df-8a65-418f-a55d-dc9c3fed41ab,b6a07738-f434-47d5-b2c8-73d6208fb99e,coder-01,111,2026-02-13 12:10:00.062,file_write,139,f
5774b6db-0b2f-4019-bf26-2cae8ed489f1,c709783c-1f03-4937-9b49-fdd6f3c2fcb3,coder-01,114,2026-02-13 12:10:00.068,file_write,147,f
c0612e4b-5963-4498-b225-585b689ac789,c544138c-7b9c-4074-9390-7563f48d3dfd,coder-01,106,2026-02-13 12:10:00.075,file_write,153,f
68b5d3b3-7eec-41eb-bcc7-e58eb167d489,a616133e-d0c0-4cf0-b366-8ad458906eb2,coder-01,101,2026-02-13 12:10:00.083,file_write,160,f
a48fc676-3ea5-490f-be6f-075411f7d51c,e5d0cdaa-0921-42ae-b7ea-d83faeb4156e,coder-01,116,2026-02-13 12:10:00.089,file_write,168,f
30af57dc-e032-4d5a-b3a4-9935e2d66f62,d7dc224c-013a-4cc1-98e8-a39f062f266b,coder-01,112,2026-02-13 12:10:00.097,file_write,174,f
5fdbff87-6fd3-4879-a9c2-d938fea68b37,69d8d66c-77b2-4250-9dc8-c52fbbe15c67,coder-01,93,2026-02-13 12:10:00.104,file_write,182,f
a74d92e4-9beb-44a4-ad65-7ad018fbf86c,bd725b15-8f05-48c1-86ee-566821f22c69,coder-01,87,2026-02-13 12:10:00.11,file_write,188,f
ff07fb3e-a2dd-4bf0-a88e-689d996718c7,d7dc224c-013a-4cc1-98e8-a39f062f266b,coder-01,83,2026-02-13 12:10:00.116,file_write,195,f
04ba974a-0a2e-465d-a9d3-1850bfcb9c35,ca91b666-1665-4e4a-ae0a-c66abd413953,coder-01,11,2026-02-13 13:07:29.512,shell_run,336,f
da9d6b8a-5cda-48d0-9ce9-279c9e5fc8d1,e98343a8-9d76-42f9-9b00-8807c9a75699,coder-01,87,2026-02-13 12:10:00.123,file_write,201,f
416e0123-24fe-4c51-a956-cd7ff3b4705c,77dc4b56-eb73-4241-b51c-290cbb175d6a,coder-01,70,2026-02-13 12:10:00.13,file_write,208,f
be2b2c9f-5f4a-4382-a696-2fb29ac26e08,77dc4b56-eb73-4241-b51c-290cbb175d6a,coder-01,85,2026-02-13 12:10:00.136,file_write,214,f
d7e66c29-284a-4232-a0b8-498818d9b01f,ba8a1da7-2c5d-43d7-bd94-14f808a1c77e,coder-01,77,2026-02-13 12:10:00.142,file_write,220,f
620c29c8-c865-489e-8967-1fb1ef40dfee,476561aa-39d6-444e-a0b1-f0888b9ddb4c,coder-01,52,2026-02-13 12:10:00.149,file_write,227,f
f8753c9f-4a5f-4c66-9e3a-c790d9f3e7ca,103a6302-b032-460d-a216-d9845407b8ce,coder-01,47,2026-02-13 12:10:00.156,file_write,234,f
366ae1f8-133f-4a2a-9608-07ef37c1481a,6790e431-4fc3-4003-a73d-2cac2f38c999,coder-01,41,2026-02-13 12:10:00.163,file_write,241,f
e14f0f13-ac64-4013-a180-f987d41ab8b0,b2e8c360-37e0-4c79-b8b1-86cc0b38a798,coder-01,42,2026-02-13 12:10:00.169,file_write,247,f
2141a4e4-6362-4e43-a633-e49c524d3c76,911cf95c-65d0-4a50-b75d-bfc9021c5fc2,coder-01,51,2026-02-13 12:10:00.176,file_write,255,f
6df84300-bcea-49c8-b498-ac9b9d48a3c8,14ffcfce-6592-4219-a7fa-d5740f42b7eb,coder-01,23,2026-02-13 12:10:00.183,file_write,261,f
67f3b7f9-a783-473b-b932-6233f8dd925c,2cce2e00-74ff-4421-8bdb-bcb5b6990c3c,coder-01,20,2026-02-13 12:10:00.19,file_write,268,f
4f9bde3b-1864-4545-8f99-d01ab9130065,05af568c-271f-4852-9c94-e7fd98bcba8c,coder-01,15,2026-02-13 12:10:00.198,file_write,277,f
f55c74be-6e29-43a4-993b-a0e5bbc6093d,ca8166de-d217-4363-8c76-908c61fdb51b,coder-01,9,2026-02-13 12:10:00.207,file_write,285,f
5efd1ca9-9dbc-4bbd-9f63-711154a6ae67,aa1c1cd7-d01a-470e-8686-251085703a09,coder-01,10,2026-02-13 12:10:00.214,file_write,292,f
c28a9a74-8020-43eb-aadf-1c6d6fde1dfc,e7fe4144-dbb4-4c1c-acf5-5442f30a6806,coder-01,10,2026-02-13 13:07:29.52,shell_run,344,f
26a54f2e-3983-42e6-8e56-091da496dd37,248dbe27-7702-4e3d-94ee-76fe60374cb0,coder-01,25,2026-02-13 12:10:00.221,file_write,299,f
c4489d3e-2304-4297-ac0d-9f44e0cb5d74,1642b735-ead8-4e2f-89a4-2f5e044aa895,coder-01,1,2026-02-13 12:10:00.227,file_write,306,f
86a5f535-ba88-42dd-9f13-29f4e5818c19,5c4e8777-119d-41e3-acf0-411722b5a02c,coder-01,219,2026-02-13 12:10:02.722,shell_run,0,f
f2b428d3-d6b3-477e-8fb7-371c764735fa,1012d0d2-dff7-467f-9a21-f8c7b0924075,coder-01,215,2026-02-13 12:10:02.731,shell_run,9,f
8a49da28-d1bb-4b5a-8869-682af6154617,6243144d-a5d2-4eeb-8994-390dc9a13e12,coder-01,227,2026-02-13 12:10:02.737,shell_run,15,f
957922d0-6f71-4091-9d88-546097e37f7f,eb17b408-aba9-4859-9bfa-5e89104bfffa,coder-01,206,2026-02-13 12:10:02.742,shell_run,20,f
4538611d-a9b7-4173-b19e-b823896d2f20,67a94aa5-3189-4c68-8566-6b8a4fae7546,coder-01,199,2026-02-13 12:10:02.748,shell_run,26,f
0c401f94-755c-4b19-a9cc-ae411b366e80,6d5b4a6a-5aa8-4a3d-8f7a-cfea16412d2a,coder-01,198,2026-02-13 12:10:02.753,shell_run,31,f
9d9fc20e-5a93-4db1-85ec-8433119fdec0,f558af5d-25ba-479e-8e8b-90a8aaa1ce79,coder-01,199,2026-02-13 12:10:02.759,shell_run,37,f
0b151840-8549-4f57-980d-c3f9899b07db,c6f48a65-7b86-4956-b82d-dc010642d5e4,coder-01,195,2026-02-13 12:10:02.765,shell_run,42,f
ecb33133-8850-4a6c-9e18-5188ad082211,6f1d2123-e697-4e8a-8633-b4308b565ef5,coder-01,205,2026-02-13 12:10:02.772,shell_run,49,f
486fff37-41b7-4608-bb8a-d1feab89d90c,83a0bbf4-d843-4f97-8b74-113188decd72,coder-01,179,2026-02-13 12:10:02.779,shell_run,56,f
7869cbd5-a3b3-426e-85e2-39c9024bda38,d1a3ab9b-4da3-4a08-859f-be8a200569b1,coder-01,195,2026-02-13 12:10:02.786,shell_run,64,f
e9aa901b-8503-4857-8a6d-52a28b2e949e,f89c597b-097d-4f1e-8bc4-5a4c0b16fb71,coder-01,213,2026-02-13 12:10:02.793,shell_run,70,f
a9ba7936-63a1-4e75-a26d-3e26b0c099e9,6f1d2123-e697-4e8a-8633-b4308b565ef5,coder-01,177,2026-02-13 12:10:02.799,shell_run,76,f
76bfc38a-840d-4a1f-ad5f-092671da2d85,3dd1bb00-9339-4be7-97ab-5bba3e98f695,coder-01,135,2026-02-13 12:10:02.805,shell_run,83,f
5602536e-b1ac-46b5-8fad-7bf2da1ef0ad,269ba714-8324-432f-b2a3-b20bf11e1e33,coder-01,129,2026-02-13 12:10:02.811,shell_run,89,f
942129a7-235d-42e3-bd32-656fb6e02475,22ac8e2f-da14-498d-afe0-8a90443c4fe0,coder-01,136,2026-02-13 12:10:02.816,shell_run,94,f
111acd6e-233c-466a-a5a0-d82e66e8d650,6fb4500c-c316-4f3e-a7fd-c4b49f63def0,coder-01,123,2026-02-13 12:10:02.821,shell_run,100,f
41a7cb26-048d-410a-9748-dfff6a54a2d7,f7f88198-7fa6-49ed-97a2-e0f369dbc6f3,coder-01,9,2026-02-13 13:07:29.528,shell_run,352,f
98f66861-ada8-49a5-8119-55a4a9c92994,b6a07738-f434-47d5-b2c8-73d6208fb99e,coder-01,112,2026-02-13 12:10:02.835,shell_run,113,f
f22739d4-d345-4c98-ad6a-10279ec4ed7e,c709783c-1f03-4937-9b49-fdd6f3c2fcb3,coder-01,115,2026-02-13 12:10:02.841,shell_run,119,f
ed49b4eb-4951-445b-965a-fc5e8a3e9efd,c544138c-7b9c-4074-9390-7563f48d3dfd,coder-01,107,2026-02-13 12:10:02.847,shell_run,125,f
2491f342-ed40-4217-b69f-c2767a54085d,a616133e-d0c0-4cf0-b366-8ad458906eb2,coder-01,102,2026-02-13 12:10:02.852,shell_run,130,f
9f2fab70-684c-4645-918a-9008399724ef,e5d0cdaa-0921-42ae-b7ea-d83faeb4156e,coder-01,117,2026-02-13 12:10:02.858,shell_run,136,f
9f0e848b-b2f8-47ff-973b-e15ca7a784e8,d7dc224c-013a-4cc1-98e8-a39f062f266b,coder-01,113,2026-02-13 12:10:02.864,shell_run,142,f
adb3ff0d-77e9-447d-b96f-be2c03f80949,69d8d66c-77b2-4250-9dc8-c52fbbe15c67,coder-01,94,2026-02-13 12:10:02.869,shell_run,148,f
bb2e2f0b-836d-4350-82f6-b2c8435d453a,bd725b15-8f05-48c1-86ee-566821f22c69,coder-01,88,2026-02-13 12:10:02.876,shell_run,153,f
a12662fc-b9ce-40de-842d-128f1a65c3ba,d7dc224c-013a-4cc1-98e8-a39f062f266b,coder-01,84,2026-02-13 12:10:02.882,shell_run,160,f
b8021f1c-3545-442d-946f-f9f783c603b3,e98343a8-9d76-42f9-9b00-8807c9a75699,coder-01,88,2026-02-13 12:10:02.888,shell_run,166,f
c005fed9-9745-483f-9d74-86c2607ad28f,77dc4b56-eb73-4241-b51c-290cbb175d6a,coder-01,71,2026-02-13 12:10:02.894,shell_run,172,f
d026ed4e-2bf6-49a2-bfa6-38520711f910,77dc4b56-eb73-4241-b51c-290cbb175d6a,coder-01,86,2026-02-13 12:10:02.9,shell_run,178,f
f328e966-a10f-4c05-b1f1-1f80d58161f2,ba8a1da7-2c5d-43d7-bd94-14f808a1c77e,coder-01,78,2026-02-13 12:10:02.906,shell_run,184,f
e7f756bc-ea7b-4eb5-9975-e238a6a6dc88,476561aa-39d6-444e-a0b1-f0888b9ddb4c,coder-01,53,2026-02-13 12:10:02.911,shell_run,189,f
1b462065-2cbd-4872-95fe-1672b5e51262,330dcf27-8d11-4270-9961-50b9f18dfd67,coder-01,1,2026-02-13 13:05:25.589,file_write,7,f
ec3f2129-26d0-44b4-ad90-dd809c67fb4a,330dcf27-8d11-4270-9961-50b9f18dfd67,coder-01,3,2026-02-13 13:05:47.523,file_write,6,f
8ddec6b1-2155-4239-a184-f7933a81e133,ca91b666-1665-4e4a-ae0a-c66abd413953,coder-01,1,2026-02-13 13:05:47.535,file_write,18,f
583b0c47-9efc-4760-b20c-439659a6d5c0,330dcf27-8d11-4270-9961-50b9f18dfd67,coder-01,4,2026-02-13 13:05:59.888,file_write,9,f
fbed21e9-ffea-4011-8968-c5c8eb815a6f,ca91b666-1665-4e4a-ae0a-c66abd413953,coder-01,2,2026-02-13 13:05:59.894,file_write,16,f
8d7829dc-3fcd-4890-985e-8840a828bdd5,e7fe4144-dbb4-4c1c-acf5-5442f30a6806,coder-01,1,2026-02-13 13:05:59.902,file_write,24,f
64fbaf68-d202-4ee1-bcfe-ac868d1df36d,330dcf27-8d11-4270-9961-50b9f18dfd67,coder-01,5,2026-02-13 13:06:12.333,file_write,8,f
ec5d3ed0-ce9c-41bf-856e-a3423d8d0af1,ca91b666-1665-4e4a-ae0a-c66abd413953,coder-01,3,2026-02-13 13:06:12.345,file_write,20,f
1a1d6649-1574-4772-be5f-1551bfc133ee,e7fe4144-dbb4-4c1c-acf5-5442f30a6806,coder-01,2,2026-02-13 13:06:12.352,file_write,27,f
c5f543f5-77e9-4677-8015-81e1ad74104d,f7f88198-7fa6-49ed-97a2-e0f369dbc6f3,coder-01,1,2026-02-13 13:06:12.358,file_write,33,f
648c4267-5049-449d-a975-338f6920eb01,330dcf27-8d11-4270-9961-50b9f18dfd67,coder-01,6,2026-02-13 13:06:14.263,shell_run,170,f
4eb325cf-f17f-4fa1-9af9-72ea7e04c943,ca91b666-1665-4e4a-ae0a-c66abd413953,coder-01,4,2026-02-13 13:06:14.271,shell_run,177,f
4b6608d1-9232-479b-984f-a2685acb4438,e7fe4144-dbb4-4c1c-acf5-5442f30a6806,coder-01,3,2026-02-13 13:06:14.278,shell_run,184,f
ef02ffd0-3572-4b03-bc1a-95287ffdd5cc,f7f88198-7fa6-49ed-97a2-e0f369dbc6f3,coder-01,2,2026-02-13 13:06:14.287,shell_run,194,f
59334e84-b6cb-4823-b26a-93dbfd9a4081,330dcf27-8d11-4270-9961-50b9f18dfd67,coder-01,11,2026-02-13 13:07:08.405,shell_run,180,f
37c6e0be-51e3-4528-bb77-bc74750b17df,ca91b666-1665-4e4a-ae0a-c66abd413953,coder-01,9,2026-02-13 13:07:08.417,shell_run,190,f
fa7f50e2-8923-4b52-a2b5-5f6be8dbabfb,e7fe4144-dbb4-4c1c-acf5-5442f30a6806,coder-01,8,2026-02-13 13:07:08.425,shell_run,199,f
1b0f66f1-e160-40c3-94be-2f5f2863587e,f7f88198-7fa6-49ed-97a2-e0f369dbc6f3,coder-01,7,2026-02-13 13:07:08.432,shell_run,206,f
8ac530c9-ee0e-4bd7-a8a6-5bbcdb4a4d79,20dc51ff-c823-4f2f-885b-da6c8c8abe94,coder-01,5,2026-02-13 13:07:08.438,shell_run,213,f
623c3b2e-54cf-47d4-a42d-8799d742b774,b90aca7c-67a1-4da0-a771-ba1177190299,coder-01,4,2026-02-13 13:07:08.444,shell_run,219,f
59b96017-b5dd-405a-8b7c-9c78100aba4a,76276ac4-f51c-419f-894d-160614e8b4a7,coder-01,2,2026-02-13 13:07:08.452,shell_run,225,f
82262446-9805-4d5f-87d9-c2cbdb2504b3,330dcf27-8d11-4270-9961-50b9f18dfd67,coder-01,16,2026-02-13 13:08:06.786,file_write,9,f
1ea329f2-7cc4-4650-8c88-f8678d6e420b,ca91b666-1665-4e4a-ae0a-c66abd413953,coder-01,14,2026-02-13 13:08:06.795,file_write,17,f
a7800830-0cae-4e20-9a2d-6ecbb54762bf,e7fe4144-dbb4-4c1c-acf5-5442f30a6806,coder-01,13,2026-02-13 13:08:06.802,file_write,25,f
85a17835-7e61-4d70-b354-3ba106e85529,f7f88198-7fa6-49ed-97a2-e0f369dbc6f3,coder-01,12,2026-02-13 13:08:06.81,file_write,33,f
d09892ee-28c8-4d9f-b58a-8c7ff298bdf2,20dc51ff-c823-4f2f-885b-da6c8c8abe94,coder-01,10,2026-02-13 13:08:06.817,file_write,40,f
8ce52f86-9db6-4897-a4b4-fe8ebad821df,b90aca7c-67a1-4da0-a771-ba1177190299,coder-01,9,2026-02-13 13:08:06.823,file_write,47,f
547e17fa-657b-4ce3-9216-764c12c21506,76276ac4-f51c-419f-894d-160614e8b4a7,coder-01,7,2026-02-13 13:08:06.831,file_write,54,f
790d1815-4a2c-44a2-b0d9-b0afb0fb0a9b,330dcf27-8d11-4270-9961-50b9f18dfd67,coder-01,7,2026-02-13 13:06:28.058,file_write,6,f
e8f05c27-7639-47a9-9b29-f1980f0fb6c4,ca91b666-1665-4e4a-ae0a-c66abd413953,coder-01,5,2026-02-13 13:06:28.071,file_write,20,f
26c6e939-745c-4386-b19c-a5f79b1a6dbe,e7fe4144-dbb4-4c1c-acf5-5442f30a6806,coder-01,4,2026-02-13 13:06:28.08,file_write,28,f
65a84104-bbff-4cfe-819e-594bfcb47c60,f7f88198-7fa6-49ed-97a2-e0f369dbc6f3,coder-01,3,2026-02-13 13:06:28.086,file_write,34,f
1de80805-b6d4-49a4-b725-0cee1ddf2d10,20dc51ff-c823-4f2f-885b-da6c8c8abe94,coder-01,1,2026-02-13 13:06:28.092,file_write,41,f
4bc1768f-507a-44f6-9897-6aba8cbb21f4,330dcf27-8d11-4270-9961-50b9f18dfd67,coder-01,8,2026-02-13 13:06:43.269,file_write,8,f
16ec7197-dd08-4974-8b28-8ba07da8c815,ca91b666-1665-4e4a-ae0a-c66abd413953,coder-01,6,2026-02-13 13:06:43.281,file_write,20,f
8ed07248-977b-45bb-ac5e-5f67ae620768,e7fe4144-dbb4-4c1c-acf5-5442f30a6806,coder-01,5,2026-02-13 13:06:43.288,file_write,27,f
4e31daf5-3eb7-4b29-a8b6-415a32d1e72a,f7f88198-7fa6-49ed-97a2-e0f369dbc6f3,coder-01,4,2026-02-13 13:06:43.295,file_write,34,f
cc88c98f-fd13-404c-9530-4b91ea1a711d,20dc51ff-c823-4f2f-885b-da6c8c8abe94,coder-01,2,2026-02-13 13:06:43.303,file_write,42,f
caba2700-7571-408a-b2ba-468295b3c598,b90aca7c-67a1-4da0-a771-ba1177190299,coder-01,1,2026-02-13 13:06:43.31,file_write,49,f
aeca150a-b8cc-450f-b9e1-24d161c15dbc,330dcf27-8d11-4270-9961-50b9f18dfd67,coder-01,9,2026-02-13 13:06:45.386,shell_run,163,f
392a2fa2-fd7a-46b4-9d2f-80bcf8d64cb4,ca91b666-1665-4e4a-ae0a-c66abd413953,coder-01,7,2026-02-13 13:06:45.398,shell_run,174,f
a4077918-ac35-4bc7-9881-73ca249a42b4,e7fe4144-dbb4-4c1c-acf5-5442f30a6806,coder-01,6,2026-02-13 13:06:45.406,shell_run,182,f
d763521f-1d2f-4708-9f5b-f2ed99c5e8a7,f7f88198-7fa6-49ed-97a2-e0f369dbc6f3,coder-01,5,2026-02-13 13:06:45.414,shell_run,191,f
e65edc14-7e70-4965-a780-35dc362eb7c9,20dc51ff-c823-4f2f-885b-da6c8c8abe94,coder-01,3,2026-02-13 13:06:45.421,shell_run,198,f
8cef465b-8e31-4e08-91ab-7cdfa0014393,b90aca7c-67a1-4da0-a771-ba1177190299,coder-01,2,2026-02-13 13:06:45.428,shell_run,205,f
242265bd-61d4-4d1c-918a-aa6b7532b24f,330dcf27-8d11-4270-9961-50b9f18dfd67,coder-01,10,2026-02-13 13:07:05.642,file_write,7,f
ad5214ab-1675-4815-9d7e-3fb3a945bc86,ca91b666-1665-4e4a-ae0a-c66abd413953,coder-01,8,2026-02-13 13:07:05.648,file_write,14,f
9a548585-d788-441f-994f-1ef08b1e492a,20dc51ff-c823-4f2f-885b-da6c8c8abe94,coder-01,7,2026-02-13 13:07:29.536,shell_run,360,f
9286a23a-4ef9-4fac-bbb1-eb06bf636a2d,e7fe4144-dbb4-4c1c-acf5-5442f30a6806,coder-01,7,2026-02-13 13:07:05.656,file_write,20,f
81ad49cf-6e14-46bc-aa4d-8a7b6fe3dc43,f7f88198-7fa6-49ed-97a2-e0f369dbc6f3,coder-01,6,2026-02-13 13:07:05.662,file_write,27,f
a82d08d0-c324-43b7-8190-c7fff3b71db8,20dc51ff-c823-4f2f-885b-da6c8c8abe94,coder-01,4,2026-02-13 13:07:05.668,file_write,33,f
2a002bc0-8826-4f5e-9012-20bc9ace5a3c,b90aca7c-67a1-4da0-a771-ba1177190299,coder-01,3,2026-02-13 13:07:05.674,file_write,39,f
3f71c5d4-a0eb-49a5-b811-a5b334ad9a86,76276ac4-f51c-419f-894d-160614e8b4a7,coder-01,1,2026-02-13 13:07:05.68,file_write,46,f
743800c4-c6e8-4b6e-b6a7-5a79c866abfe,330dcf27-8d11-4270-9961-50b9f18dfd67,coder-01,12,2026-02-13 13:07:26.738,file_write,8,f
1fe38937-d526-4542-8854-15abb90deea5,ca91b666-1665-4e4a-ae0a-c66abd413953,coder-01,10,2026-02-13 13:07:26.748,file_write,20,f
d27b33e0-f5dc-417d-9f60-28667a6ce7b2,e7fe4144-dbb4-4c1c-acf5-5442f30a6806,coder-01,9,2026-02-13 13:07:26.756,file_write,27,f
69e2d6fb-7385-4d51-be12-54648a0ef0fc,f7f88198-7fa6-49ed-97a2-e0f369dbc6f3,coder-01,8,2026-02-13 13:07:26.763,file_write,34,f
8ade50f1-55e4-4536-853e-48131201239a,20dc51ff-c823-4f2f-885b-da6c8c8abe94,coder-01,6,2026-02-13 13:07:26.77,file_write,41,f
4deb3548-7804-4410-9ba0-da30e608e019,b90aca7c-67a1-4da0-a771-ba1177190299,coder-01,5,2026-02-13 13:07:26.778,file_write,49,f
ed6d8911-5670-4ba0-9b7e-ac5ffc56a130,76276ac4-f51c-419f-894d-160614e8b4a7,coder-01,3,2026-02-13 13:07:26.784,file_write,56,f
cb37f779-a3d4-41d8-b55e-f4f1178dc445,7dda3951-a206-43cc-b777-481409aab787,coder-01,1,2026-02-13 13:07:26.792,file_write,63,f
b21d2149-903a-4ac9-bdf3-e16f8fa11013,330dcf27-8d11-4270-9961-50b9f18dfd67,coder-01,14,2026-02-13 13:07:46.805,file_write,12,f
054edbf5-a5b8-4ac0-bd5c-7c23b21bb1a2,ca91b666-1665-4e4a-ae0a-c66abd413953,coder-01,12,2026-02-13 13:07:46.817,file_write,25,f
2494b228-de3d-4dd2-a20a-aaf119845dde,e7fe4144-dbb4-4c1c-acf5-5442f30a6806,coder-01,11,2026-02-13 13:07:46.825,file_write,32,f
7213fa13-4bf3-4320-b988-da23f687ff23,f7f88198-7fa6-49ed-97a2-e0f369dbc6f3,coder-01,10,2026-02-13 13:07:46.833,file_write,41,f
39cafdf4-c768-4e92-8ae3-b1679c305212,20dc51ff-c823-4f2f-885b-da6c8c8abe94,coder-01,8,2026-02-13 13:07:46.84,file_write,48,f
04bb532b-f3a1-49b2-b9ae-544c439b2d54,b90aca7c-67a1-4da0-a771-ba1177190299,coder-01,7,2026-02-13 13:07:46.846,file_write,54,f
bb6e1c6c-1070-4cc7-8915-45cb5c912bf6,76276ac4-f51c-419f-894d-160614e8b4a7,coder-01,5,2026-02-13 13:07:46.853,file_write,61,f
d843626f-5b76-4572-8eeb-5560c75f5373,7dda3951-a206-43cc-b777-481409aab787,coder-01,3,2026-02-13 13:07:46.861,file_write,68,f
57dc3574-fd20-4b58-9e19-4c9639e24b7b,20e082ac-3d06-4f13-9abe-1d998e679d14,coder-01,1,2026-02-13 13:07:46.868,file_write,76,f
ec29fbd6-6d92-4213-9989-1be906fe650a,7dda3951-a206-43cc-b777-481409aab787,coder-01,5,2026-02-13 13:08:06.838,file_write,62,f
5707c5bc-4b3c-4518-a3eb-65aa7843be75,20e082ac-3d06-4f13-9abe-1d998e679d14,coder-01,3,2026-02-13 13:08:06.846,file_write,69,f
94b9e747-ad7e-4e49-bce6-5bba3e6ac95d,ffb03d46-e6e5-47be-979f-bebdb7071a8d,coder-01,1,2026-02-13 13:08:06.854,file_write,76,f
86d7add4-24db-49fe-bbbc-f8fa73a2dcc4,330dcf27-8d11-4270-9961-50b9f18dfd67,coder-01,17,2026-02-13 13:08:09.026,shell_run,164,f
249246f0-34d4-48d6-bef8-170bf233c324,ca91b666-1665-4e4a-ae0a-c66abd413953,coder-01,15,2026-02-13 13:08:09.037,shell_run,175,f
78fd5698-c7ec-4db8-b3c8-5354ebadd9fc,e7fe4144-dbb4-4c1c-acf5-5442f30a6806,coder-01,14,2026-02-13 13:08:09.044,shell_run,183,f
ef440b5a-eebc-44e9-98b5-23326f6cf1de,f7f88198-7fa6-49ed-97a2-e0f369dbc6f3,coder-01,13,2026-02-13 13:08:09.052,shell_run,190,f
e02bff31-a03a-49d7-b78e-8c9f4cabf421,20dc51ff-c823-4f2f-885b-da6c8c8abe94,coder-01,11,2026-02-13 13:08:09.059,shell_run,197,f
ee593471-9cb4-4075-ae8f-ec0ea464038a,b90aca7c-67a1-4da0-a771-ba1177190299,coder-01,10,2026-02-13 13:08:09.066,shell_run,205,f
856b480a-de9a-42e4-ab02-bcb468f17d15,76276ac4-f51c-419f-894d-160614e8b4a7,coder-01,8,2026-02-13 13:08:09.074,shell_run,212,f
0e300b25-c06d-42a6-b61a-973a128d8367,7dda3951-a206-43cc-b777-481409aab787,coder-01,6,2026-02-13 13:08:09.081,shell_run,219,f
ed1f7400-5015-4dca-99e5-1c0f21596790,20e082ac-3d06-4f13-9abe-1d998e679d14,coder-01,4,2026-02-13 13:08:09.088,shell_run,227,f
e2304169-1111-460b-9c30-be112334feec,ffb03d46-e6e5-47be-979f-bebdb7071a8d,coder-01,2,2026-02-13 13:08:09.096,shell_run,234,f
9aaf7a82-c55f-4fda-bc61-88030cfe46dd,330dcf27-8d11-4270-9961-50b9f18dfd67,coder-01,19,2026-02-13 13:08:31.459,shell_run,169,f
7512714a-ea6b-4ffc-86b8-b586590c7d1f,ca91b666-1665-4e4a-ae0a-c66abd413953,coder-01,17,2026-02-13 13:08:31.465,shell_run,175,f
49b563eb-2d78-4720-9b36-b2ccbd90d4b9,e7fe4144-dbb4-4c1c-acf5-5442f30a6806,coder-01,16,2026-02-13 13:08:31.471,shell_run,181,f
23266646-568c-4f38-9e3f-ed0174a02a82,f7f88198-7fa6-49ed-97a2-e0f369dbc6f3,coder-01,15,2026-02-13 13:08:31.476,shell_run,186,f
98dcb9a6-481a-4ea5-b43d-c1bbf1fa75f3,20dc51ff-c823-4f2f-885b-da6c8c8abe94,coder-01,13,2026-02-13 13:08:31.482,shell_run,192,f
507a373b-b3c6-45d3-aacd-7a33bec12e37,b90aca7c-67a1-4da0-a771-ba1177190299,coder-01,12,2026-02-13 13:08:31.488,shell_run,198,f
75b55011-94b1-44be-834e-dff1fdca5773,76276ac4-f51c-419f-894d-160614e8b4a7,coder-01,10,2026-02-13 13:08:31.494,shell_run,204,f
4660d9d3-7dcc-4f34-bdc1-8f367fb5229b,7dda3951-a206-43cc-b777-481409aab787,coder-01,8,2026-02-13 13:08:31.501,shell_run,210,f
f4b33789-6759-44ad-b092-8c6d0f7baf90,20e082ac-3d06-4f13-9abe-1d998e679d14,coder-01,6,2026-02-13 13:08:31.507,shell_run,217,f
fd8b752e-6226-4ce3-9b14-85f255655c8c,ffb03d46-e6e5-47be-979f-bebdb7071a8d,coder-01,4,2026-02-13 13:08:31.513,shell_run,223,f
feb9c4c4-909c-44e2-a057-ddd04c3256bb,653ff79d-f3bd-4e42-90b2-219a227a063c,coder-01,2,2026-02-13 13:08:31.519,shell_run,229,f
0984ac5a-2b08-4c9f-a915-53a8fc5fc7d2,330dcf27-8d11-4270-9961-50b9f18dfd67,coder-01,18,2026-02-13 13:08:28.983,file_write,8,f
b8354a8a-3ca9-4e80-8284-f27f5c870b5e,ca91b666-1665-4e4a-ae0a-c66abd413953,coder-01,16,2026-02-13 13:08:28.993,file_write,19,f
e9e263cc-aeea-4719-8284-41e9f5e2d047,e7fe4144-dbb4-4c1c-acf5-5442f30a6806,coder-01,15,2026-02-13 13:08:29,file_write,25,f
e26e216e-42c5-4e13-8939-fdd9b58c2f68,f7f88198-7fa6-49ed-97a2-e0f369dbc6f3,coder-01,14,2026-02-13 13:08:29.007,file_write,32,f
62f1d253-5e4b-4ee1-a27d-7be3a9d9e3b1,20dc51ff-c823-4f2f-885b-da6c8c8abe94,coder-01,12,2026-02-13 13:08:29.013,file_write,38,f
abbac1f9-c2b8-462c-a222-dadcf1728adb,b90aca7c-67a1-4da0-a771-ba1177190299,coder-01,11,2026-02-13 13:08:29.019,file_write,44,f
7bbf5c82-0a89-4e8e-8b8e-9cf4d698460f,76276ac4-f51c-419f-894d-160614e8b4a7,coder-01,9,2026-02-13 13:08:29.025,file_write,50,f
4f286882-db77-4292-9179-5de326acbadb,7dda3951-a206-43cc-b777-481409aab787,coder-01,7,2026-02-13 13:08:29.031,file_write,57,f
19b8facf-2bb2-40e0-a7ea-9eba572b1957,20e082ac-3d06-4f13-9abe-1d998e679d14,coder-01,5,2026-02-13 13:08:29.037,file_write,63,f
21eb6033-2794-42a9-a4ed-f55a8a603889,ffb03d46-e6e5-47be-979f-bebdb7071a8d,coder-01,3,2026-02-13 13:08:29.043,file_write,69,f
21097570-fbe3-4d61-8654-112844b4601d,653ff79d-f3bd-4e42-90b2-219a227a063c,coder-01,1,2026-02-13 13:08:29.049,file_write,74,f
61a3adef-d3bd-4a9f-9788-265f0d250559,330dcf27-8d11-4270-9961-50b9f18dfd67,coder-01,22,2026-02-13 13:09:25.277,file_write,11,f
424a48dc-a0fa-4213-8c58-3618f2608325,330dcf27-8d11-4270-9961-50b9f18dfd67,coder-01,20,2026-02-13 13:08:52.443,file_write,8,f
8d96ba08-f2ba-4ad8-966d-24fca6e9e8ce,ca91b666-1665-4e4a-ae0a-c66abd413953,coder-01,18,2026-02-13 13:08:52.455,file_write,20,f
ea8740a9-40bb-4a21-83e8-56915b9b5555,e7fe4144-dbb4-4c1c-acf5-5442f30a6806,coder-01,17,2026-02-13 13:08:52.462,file_write,28,f
5226698b-816c-4c9e-bb09-1c1c65d970ea,f7f88198-7fa6-49ed-97a2-e0f369dbc6f3,coder-01,16,2026-02-13 13:08:52.47,file_write,35,f
3f75e844-ab9e-4a6a-ba05-33c0a2961c94,20dc51ff-c823-4f2f-885b-da6c8c8abe94,coder-01,14,2026-02-13 13:08:52.476,file_write,42,f
8000950e-cf2f-4f53-9cc9-b779bd0a2b66,b90aca7c-67a1-4da0-a771-ba1177190299,coder-01,13,2026-02-13 13:08:52.483,file_write,49,f
27f5cc34-f706-4add-b31e-16c431e5952a,76276ac4-f51c-419f-894d-160614e8b4a7,coder-01,11,2026-02-13 13:08:52.49,file_write,55,f
9e354eab-085a-4956-afb3-e92aa83cc734,7dda3951-a206-43cc-b777-481409aab787,coder-01,9,2026-02-13 13:08:52.496,file_write,62,f
99306fec-d745-408d-a9db-63a29d645d83,20e082ac-3d06-4f13-9abe-1d998e679d14,coder-01,7,2026-02-13 13:08:52.504,file_write,69,f
a631c8c5-b1e1-4aa0-9c92-11aef728ce46,ffb03d46-e6e5-47be-979f-bebdb7071a8d,coder-01,5,2026-02-13 13:08:52.511,file_write,76,f
2e76fdce-95f6-45d7-a873-40b19bca923a,653ff79d-f3bd-4e42-90b2-219a227a063c,coder-01,3,2026-02-13 13:08:52.518,file_write,84,f
4e0e058c-c465-4fc2-9948-c93281cb97c2,ca91b666-1665-4e4a-ae0a-c66abd413953,coder-01,20,2026-02-13 13:09:25.29,file_write,24,f
2cfa2647-963c-4f9e-9300-47588f021561,c2dc4358-2b7c-4a29-a78b-1b9ae90aada1,coder-01,1,2026-02-13 13:08:52.526,file_write,91,f
7dc6327c-553a-4007-bda9-d123d2a994c1,330dcf27-8d11-4270-9961-50b9f18dfd67,coder-01,21,2026-02-13 13:09:08.501,file_write,11,f
d8d50472-f03d-4ffd-841a-fd9c5893b8a3,ca91b666-1665-4e4a-ae0a-c66abd413953,coder-01,19,2026-02-13 13:09:08.512,file_write,22,f
637b97b3-fe5f-47c4-afe0-3feb37db444e,e7fe4144-dbb4-4c1c-acf5-5442f30a6806,coder-01,18,2026-02-13 13:09:08.519,file_write,29,f
732d5c60-ad71-49a6-8287-dea747419459,f7f88198-7fa6-49ed-97a2-e0f369dbc6f3,coder-01,17,2026-02-13 13:09:08.526,file_write,36,f
c8c08a6a-17ce-467f-97af-a16cd12dc347,20dc51ff-c823-4f2f-885b-da6c8c8abe94,coder-01,15,2026-02-13 13:09:08.533,file_write,43,f
6a55822d-77e5-405e-b663-00f3161861a2,b90aca7c-67a1-4da0-a771-ba1177190299,coder-01,14,2026-02-13 13:09:08.54,file_write,50,f
63abb07a-1bf9-4de9-8ecb-b0605179326a,76276ac4-f51c-419f-894d-160614e8b4a7,coder-01,12,2026-02-13 13:09:08.548,file_write,58,f
cb98e229-3f7b-4d8f-b8af-807f6de3fe95,7dda3951-a206-43cc-b777-481409aab787,coder-01,10,2026-02-13 13:09:08.557,file_write,67,f
32aa706e-47f3-4aaf-b62d-1bf502de5377,20e082ac-3d06-4f13-9abe-1d998e679d14,coder-01,8,2026-02-13 13:09:08.565,file_write,75,f
eaf41cb3-a61e-4ef2-bed9-f9c1cf073e18,ffb03d46-e6e5-47be-979f-bebdb7071a8d,coder-01,6,2026-02-13 13:09:08.574,file_write,83,f
b5bf1cf5-00c9-48d8-9bd5-c38d9bd98c7f,653ff79d-f3bd-4e42-90b2-219a227a063c,coder-01,4,2026-02-13 13:09:08.581,file_write,91,f
a5521fde-ef57-49a9-b3da-8f933cc61c14,c2dc4358-2b7c-4a29-a78b-1b9ae90aada1,coder-01,2,2026-02-13 13:09:08.59,file_write,99,f
b7cf2525-a58d-4392-8f81-c27560bf636b,0bd32b96-79ab-4ca6-b503-e1d6b781ac55,coder-01,1,2026-02-13 13:09:08.597,file_write,107,f
38ae18a9-901a-4625-b2a2-db35b3e62500,e7fe4144-dbb4-4c1c-acf5-5442f30a6806,coder-01,19,2026-02-13 13:09:25.299,file_write,33,f
5aa57722-a621-4a5c-8f92-d77b2a127344,f7f88198-7fa6-49ed-97a2-e0f369dbc6f3,coder-01,18,2026-02-13 13:09:25.311,file_write,44,f
7516de18-18b7-4409-836b-308933cc01d7,20dc51ff-c823-4f2f-885b-da6c8c8abe94,coder-01,16,2026-02-13 13:09:25.318,file_write,52,f
ba1dd012-bc4c-465d-852d-66964103b46b,b90aca7c-67a1-4da0-a771-ba1177190299,coder-01,15,2026-02-13 13:09:25.324,file_write,59,f
17521c30-d4f9-47e0-a7bd-75ef850a1ec3,76276ac4-f51c-419f-894d-160614e8b4a7,coder-01,13,2026-02-13 13:09:25.331,file_write,65,f
2913ac56-06a1-474d-abdd-dddeb0f81f39,7dda3951-a206-43cc-b777-481409aab787,coder-01,11,2026-02-13 13:09:25.338,file_write,72,f
85f74051-aded-451a-9d01-6af8c208f4ca,20e082ac-3d06-4f13-9abe-1d998e679d14,coder-01,9,2026-02-13 13:09:25.345,file_write,79,f
ed0064e3-15f7-4753-80a7-54f3d6a60a83,ffb03d46-e6e5-47be-979f-bebdb7071a8d,coder-01,7,2026-02-13 13:09:25.352,file_write,86,f
8e560800-062d-45a4-b302-deca3d5359b1,653ff79d-f3bd-4e42-90b2-219a227a063c,coder-01,5,2026-02-13 13:09:25.361,file_write,95,f
55fc7986-63a0-40b8-812d-2df06066d434,c2dc4358-2b7c-4a29-a78b-1b9ae90aada1,coder-01,3,2026-02-13 13:09:25.371,file_write,105,f
8e036d42-8e62-4b6b-84c0-b79e6f29e45d,0bd32b96-79ab-4ca6-b503-e1d6b781ac55,coder-01,2,2026-02-13 13:09:25.38,file_write,114,f
ff2b5a76-ca07-4270-a7ac-ea9727f29c4e,97f94c83-9c2f-4b00-be57-a0d92ac01bf9,coder-01,1,2026-02-13 13:09:25.387,file_write,121,f
b731b41b-3b93-48bf-a94f-49ce620b7da1,330dcf27-8d11-4270-9961-50b9f18dfd67,coder-01,23,2026-02-13 13:09:43.632,file_write,7,f
ee204e62-0556-4751-afe9-4dd1cc6adca8,ca91b666-1665-4e4a-ae0a-c66abd413953,coder-01,21,2026-02-13 13:09:43.638,file_write,15,f
ad28dec8-5703-4822-8873-459d8465909b,e7fe4144-dbb4-4c1c-acf5-5442f30a6806,coder-01,20,2026-02-13 13:09:43.645,file_write,22,f
f0731c39-dfac-4a4c-ae9b-27e7099d540e,f7f88198-7fa6-49ed-97a2-e0f369dbc6f3,coder-01,19,2026-02-13 13:09:43.652,file_write,28,f
b56c7782-9e9c-4356-95cc-8e21c264c8bc,20dc51ff-c823-4f2f-885b-da6c8c8abe94,coder-01,17,2026-02-13 13:09:43.659,file_write,35,f
aae1f836-0124-4865-9a08-464fbf732460,b90aca7c-67a1-4da0-a771-ba1177190299,coder-01,16,2026-02-13 13:09:43.666,file_write,42,f
848cd0f8-c347-448d-aec5-5ced5f36578e,76276ac4-f51c-419f-894d-160614e8b4a7,coder-01,14,2026-02-13 13:09:43.674,file_write,49,f
a2814c88-3337-4684-bb08-e23bb2c441da,7dda3951-a206-43cc-b777-481409aab787,coder-01,12,2026-02-13 13:09:43.681,file_write,58,f
4aa45f4f-8380-4fe0-b7e6-7a3ff993be26,20e082ac-3d06-4f13-9abe-1d998e679d14,coder-01,10,2026-02-13 13:09:43.689,file_write,65,f
4facd0a4-05f2-4986-8339-cea887988bcb,c2dc4358-2b7c-4a29-a78b-1b9ae90aada1,coder-01,5,2026-02-13 13:09:46.138,shell_run,263,f
979af8ca-6b4f-4292-9098-138a76bf49c8,0bd32b96-79ab-4ca6-b503-e1d6b781ac55,coder-01,4,2026-02-13 13:09:46.145,shell_run,269,f
fcbaa2fe-1299-485f-813d-e19c154a464f,ffb03d46-e6e5-47be-979f-bebdb7071a8d,coder-01,8,2026-02-13 13:09:43.695,file_write,72,f
64a3781c-6556-413e-b3ec-098e8b6733f6,653ff79d-f3bd-4e42-90b2-219a227a063c,coder-01,6,2026-02-13 13:09:43.702,file_write,78,f
407aa088-5c7f-4790-9b1b-132bd90bf9fe,c2dc4358-2b7c-4a29-a78b-1b9ae90aada1,coder-01,4,2026-02-13 13:09:43.709,file_write,85,f
ff7e1694-ed5b-4ada-99c5-485856c7e7a2,0bd32b96-79ab-4ca6-b503-e1d6b781ac55,coder-01,3,2026-02-13 13:09:43.716,file_write,92,f
e570d73d-0a6f-4d9a-a435-8a20975bc204,97f94c83-9c2f-4b00-be57-a0d92ac01bf9,coder-01,2,2026-02-13 13:09:43.722,file_write,99,f
cc2e3d4e-94e4-4ef1-86e6-9057d1a75d9d,2c620002-dbae-411c-b705-4132969172a6,coder-01,1,2026-02-13 13:09:43.729,file_write,105,f
90cdbb7c-08e9-4bb1-9352-6befa195b180,330dcf27-8d11-4270-9961-50b9f18dfd67,coder-01,24,2026-02-13 13:09:46.048,shell_run,173,f
15083fb4-8e71-4262-8fa2-e5d1ba484a3a,ca91b666-1665-4e4a-ae0a-c66abd413953,coder-01,22,2026-02-13 13:09:46.059,shell_run,184,f
c7ed064f-a1be-47a4-bcad-5a8f360bd958,e7fe4144-dbb4-4c1c-acf5-5442f30a6806,coder-01,21,2026-02-13 13:09:46.066,shell_run,190,f
11b72313-a071-401e-a930-610a93109fc6,f7f88198-7fa6-49ed-97a2-e0f369dbc6f3,coder-01,20,2026-02-13 13:09:46.073,shell_run,198,f
470f9f65-a9fd-45c9-b41a-ac1594777fe1,20dc51ff-c823-4f2f-885b-da6c8c8abe94,coder-01,18,2026-02-13 13:09:46.081,shell_run,205,f
c7c944a4-9b36-4ebd-8017-4e4450b9be6a,b90aca7c-67a1-4da0-a771-ba1177190299,coder-01,17,2026-02-13 13:09:46.092,shell_run,217,f
ffc1a104-a1e0-41d9-9adf-2f5c3d14a0e2,76276ac4-f51c-419f-894d-160614e8b4a7,coder-01,15,2026-02-13 13:09:46.101,shell_run,224,f
dd3b2ab4-7585-447b-aa81-08e9b4597b22,7dda3951-a206-43cc-b777-481409aab787,coder-01,13,2026-02-13 13:09:46.111,shell_run,232,f
18fd6c3d-2f23-4610-9191-fa7f5722eafc,20e082ac-3d06-4f13-9abe-1d998e679d14,coder-01,11,2026-02-13 13:09:46.118,shell_run,243,f
8330221a-034e-474a-bf7a-fdd9226a62d0,ffb03d46-e6e5-47be-979f-bebdb7071a8d,coder-01,9,2026-02-13 13:09:46.125,shell_run,249,f
2a8584eb-1c96-4c2e-a973-b3b5a9be553b,653ff79d-f3bd-4e42-90b2-219a227a063c,coder-01,7,2026-02-13 13:09:46.131,shell_run,256,f
45d18f4b-f68b-42c1-8697-9d8500e12eb8,330dcf27-8d11-4270-9961-50b9f18dfd67,coder-01,25,2026-02-13 13:10:01.592,file_write,6,f
5d05bcf8-308a-46ec-accd-24b81ff7fb52,ca91b666-1665-4e4a-ae0a-c66abd413953,coder-01,23,2026-02-13 13:10:01.599,file_write,14,f
0930628a-753d-4627-a653-ad1d5e8b8d07,e7fe4144-dbb4-4c1c-acf5-5442f30a6806,coder-01,22,2026-02-13 13:10:01.607,file_write,21,f
4b419a9b-1bee-4b1f-b2d2-a57c55e8fcc0,f7f88198-7fa6-49ed-97a2-e0f369dbc6f3,coder-01,21,2026-02-13 13:10:01.614,file_write,29,f
af20cc95-e3d5-447f-8c80-f805fc4a2500,20dc51ff-c823-4f2f-885b-da6c8c8abe94,coder-01,19,2026-02-13 13:10:01.622,file_write,37,f
cf9575e9-da64-4b22-bf1e-932f9b1344b1,b90aca7c-67a1-4da0-a771-ba1177190299,coder-01,18,2026-02-13 13:10:01.629,file_write,44,f
0c06340d-0331-40c8-993d-3175eaec11a0,76276ac4-f51c-419f-894d-160614e8b4a7,coder-01,16,2026-02-13 13:10:01.636,file_write,51,f
574b5f4b-e55f-4efa-abc4-0ed2eeadb7b2,7dda3951-a206-43cc-b777-481409aab787,coder-01,14,2026-02-13 13:10:01.643,file_write,58,f
47f8d1b6-fd1d-4c58-8525-3acc44b5544d,20e082ac-3d06-4f13-9abe-1d998e679d14,coder-01,12,2026-02-13 13:10:01.65,file_write,65,f
3a26ffd7-043d-401c-a55d-0e0dd636c3ba,ffb03d46-e6e5-47be-979f-bebdb7071a8d,coder-01,10,2026-02-13 13:10:01.657,file_write,72,f
250cca85-0aef-426a-a358-7bac210307f3,653ff79d-f3bd-4e42-90b2-219a227a063c,coder-01,8,2026-02-13 13:10:01.664,file_write,80,f
5baa637a-c086-4253-b416-53b6125e3e49,c2dc4358-2b7c-4a29-a78b-1b9ae90aada1,coder-01,6,2026-02-13 13:10:01.672,file_write,87,f
f3db0838-2f63-4019-b75f-a610b00aee60,0bd32b96-79ab-4ca6-b503-e1d6b781ac55,coder-01,5,2026-02-13 13:10:01.679,file_write,94,f
186d5951-63a6-4e32-a974-2ddb97f8c73f,b90aca7c-67a1-4da0-a771-ba1177190299,coder-01,24,2026-02-13 13:11:21.157,shell_run,205,f
dda76b2d-3034-44a3-8a26-b9409cd7c2dc,97f94c83-9c2f-4b00-be57-a0d92ac01bf9,coder-01,4,2026-02-13 13:10:01.687,file_write,101,f
d404425f-dc61-475b-858f-022fb9b75e87,2c620002-dbae-411c-b705-4132969172a6,coder-01,3,2026-02-13 13:10:01.694,file_write,109,f
3c192f4e-eff0-45bf-aa11-f510b0dd94de,d691b5cc-ee95-468c-a7b3-b1fc7dddacb6,coder-01,1,2026-02-13 13:10:01.703,file_write,117,f
9503747e-ef80-4681-b1a1-d5089b8f74dd,330dcf27-8d11-4270-9961-50b9f18dfd67,coder-01,26,2026-02-13 13:10:23.411,file_write,10,f
0f035849-788c-44dc-8b59-61bcaa66df25,ca91b666-1665-4e4a-ae0a-c66abd413953,coder-01,24,2026-02-13 13:10:23.423,file_write,22,f
625d7df3-6c56-4f3a-a05b-a8c2dcd9f798,e7fe4144-dbb4-4c1c-acf5-5442f30a6806,coder-01,23,2026-02-13 13:10:23.43,file_write,29,f
ed075b78-d717-4d4d-9f14-3e74c8f5ea3a,f7f88198-7fa6-49ed-97a2-e0f369dbc6f3,coder-01,22,2026-02-13 13:10:23.437,file_write,37,f
781fd8be-acdd-4bdd-bbb9-c487b78699c6,20dc51ff-c823-4f2f-885b-da6c8c8abe94,coder-01,20,2026-02-13 13:10:23.444,file_write,44,f
903c93bd-72d3-4d7f-b5ed-fc337f4106b3,b90aca7c-67a1-4da0-a771-ba1177190299,coder-01,19,2026-02-13 13:10:23.453,file_write,52,f
1f3b16eb-cc19-4bed-9ba9-06f8e7262162,76276ac4-f51c-419f-894d-160614e8b4a7,coder-01,17,2026-02-13 13:10:23.46,file_write,59,f
e6bdc8fd-41f0-40c2-b078-f723fcab773b,7dda3951-a206-43cc-b777-481409aab787,coder-01,15,2026-02-13 13:10:23.467,file_write,67,f
87e2a2ba-d6e8-4ad0-b9ff-e9038b07eca7,76276ac4-f51c-419f-894d-160614e8b4a7,coder-01,22,2026-02-13 13:11:21.163,shell_run,211,f
d8e0250a-ff04-489e-9518-31f428a4f7bb,20e082ac-3d06-4f13-9abe-1d998e679d14,coder-01,13,2026-02-13 13:10:23.476,file_write,76,f
136979bd-67b1-4b7b-8492-d9702d2cf7a3,ffb03d46-e6e5-47be-979f-bebdb7071a8d,coder-01,11,2026-02-13 13:10:23.49,file_write,89,f
1449c1dd-a1fb-4e5a-bf58-8aa41fd9c181,653ff79d-f3bd-4e42-90b2-219a227a063c,coder-01,9,2026-02-13 13:10:23.499,file_write,98,f
cfd54342-3561-4fc1-a313-2ab67c33f374,c2dc4358-2b7c-4a29-a78b-1b9ae90aada1,coder-01,7,2026-02-13 13:10:23.507,file_write,106,f
6ebeb577-82e8-42b1-8d1a-83495ae389a1,0bd32b96-79ab-4ca6-b503-e1d6b781ac55,coder-01,6,2026-02-13 13:10:23.513,file_write,112,f
9c527ad1-ee33-4329-811f-bda6975fef4c,97f94c83-9c2f-4b00-be57-a0d92ac01bf9,coder-01,5,2026-02-13 13:10:23.52,file_write,117,f
d2ed5fa2-3e28-4b51-829f-bedd443704c3,2c620002-dbae-411c-b705-4132969172a6,coder-01,4,2026-02-13 13:10:23.526,file_write,125,f
d8cd81d6-b2de-45a2-b5cb-d399df462a0f,d691b5cc-ee95-468c-a7b3-b1fc7dddacb6,coder-01,2,2026-02-13 13:10:23.532,file_write,131,f
acd5408d-4b53-489c-86e6-bcc188fa8277,51e1806c-04a2-4ec9-9269-d6b37791d7b2,coder-01,1,2026-02-13 13:10:23.538,file_write,137,f
fcb8885a-bac3-4676-952b-aed904080283,330dcf27-8d11-4270-9961-50b9f18dfd67,coder-01,27,2026-02-13 13:10:38.605,file_write,6,f
58317d56-e819-491a-adb0-f5ebeea09c20,ca91b666-1665-4e4a-ae0a-c66abd413953,coder-01,25,2026-02-13 13:10:38.613,file_write,14,f
21c00754-0645-43d9-ab9c-d6d82e786d5f,e7fe4144-dbb4-4c1c-acf5-5442f30a6806,coder-01,24,2026-02-13 13:10:38.621,file_write,22,f
7da66b7f-2447-497c-acd8-6c5dd7a914ce,f7f88198-7fa6-49ed-97a2-e0f369dbc6f3,coder-01,23,2026-02-13 13:10:38.631,file_write,33,f
8da6c24b-ea98-4837-9b02-93b81e87e878,20dc51ff-c823-4f2f-885b-da6c8c8abe94,coder-01,21,2026-02-13 13:10:38.638,file_write,40,f
bad368d4-43ce-4638-bd92-c553f0b58817,b90aca7c-67a1-4da0-a771-ba1177190299,coder-01,20,2026-02-13 13:10:38.645,file_write,47,f
fb37a293-3a3d-4447-9835-a723e0368d77,76276ac4-f51c-419f-894d-160614e8b4a7,coder-01,18,2026-02-13 13:10:38.653,file_write,54,f
c1d27c35-9def-4a83-98d1-84c11a8c07fc,7dda3951-a206-43cc-b777-481409aab787,coder-01,16,2026-02-13 13:10:38.669,file_write,70,f
7fc1ba1b-dc24-4d15-965f-9e0004bc5cf2,20e082ac-3d06-4f13-9abe-1d998e679d14,coder-01,14,2026-02-13 13:10:38.679,file_write,80,f
bb7e37c5-b0c5-41a4-902d-d9abff0a1625,ffb03d46-e6e5-47be-979f-bebdb7071a8d,coder-01,12,2026-02-13 13:10:38.687,file_write,89,f
1d639def-ef2d-4124-ab93-f66bc770ba7c,653ff79d-f3bd-4e42-90b2-219a227a063c,coder-01,10,2026-02-13 13:10:38.696,file_write,98,f
79430d15-f428-4c0f-8da7-6d5f8ad9ae58,c2dc4358-2b7c-4a29-a78b-1b9ae90aada1,coder-01,8,2026-02-13 13:10:38.704,file_write,106,f
589ee3ee-8c65-4d3d-b469-9d479a5e8a6b,0bd32b96-79ab-4ca6-b503-e1d6b781ac55,coder-01,7,2026-02-13 13:10:38.715,file_write,117,f
a950bfe1-4907-4bca-84aa-662f81e80086,97f94c83-9c2f-4b00-be57-a0d92ac01bf9,coder-01,6,2026-02-13 13:10:38.721,file_write,123,f
98cb3e51-9815-4f92-9da9-bb8318daf2fa,2c620002-dbae-411c-b705-4132969172a6,coder-01,5,2026-02-13 13:10:38.728,file_write,129,f
e20ade6d-ecb1-4a56-9977-3f4fb6ba6421,d691b5cc-ee95-468c-a7b3-b1fc7dddacb6,coder-01,3,2026-02-13 13:10:38.734,file_write,135,f
eacbac49-a2d5-4a18-b7be-61568dd9cbd3,51e1806c-04a2-4ec9-9269-d6b37791d7b2,coder-01,2,2026-02-13 13:10:38.741,file_write,142,f
0c80b276-7f5a-4250-baa9-2fcc2863a369,1f6c5948-f701-484f-9f53-442ad4f0568b,coder-01,1,2026-02-13 13:10:38.747,file_write,149,f
9dddca99-c543-4dfb-831a-0f8378ae9653,330dcf27-8d11-4270-9961-50b9f18dfd67,coder-01,28,2026-02-13 13:11:00.146,file_write,9,f
074742f7-0e47-455a-8a28-b64948ad02d5,ca91b666-1665-4e4a-ae0a-c66abd413953,coder-01,26,2026-02-13 13:11:00.157,file_write,20,f
1c7ebe30-6200-4e49-ab6e-f4ed7995a531,e7fe4144-dbb4-4c1c-acf5-5442f30a6806,coder-01,25,2026-02-13 13:11:00.163,file_write,27,f
92ce06f0-7384-4aed-ba6b-81bab65f89ad,f7f88198-7fa6-49ed-97a2-e0f369dbc6f3,coder-01,24,2026-02-13 13:11:00.169,file_write,33,f
061f9f89-0c8b-4d98-a2a8-78ed20487c05,330dcf27-8d11-4270-9961-50b9f18dfd67,coder-01,30,2026-02-13 13:11:18.975,file_write,8,f
c3990fbe-25bb-43b2-b1ef-2d074630d8c5,20dc51ff-c823-4f2f-885b-da6c8c8abe94,coder-01,22,2026-02-13 13:11:00.175,file_write,39,f
5068a43a-5e7c-49a4-a10a-bbfc0945316c,b90aca7c-67a1-4da0-a771-ba1177190299,coder-01,21,2026-02-13 13:11:00.181,file_write,45,f
24c692d2-7946-40fd-97ba-48f8eb380e40,76276ac4-f51c-419f-894d-160614e8b4a7,coder-01,19,2026-02-13 13:11:00.187,file_write,51,f
7e3f1e43-cfe9-47b5-bbae-03cc6acd2cdf,7dda3951-a206-43cc-b777-481409aab787,coder-01,17,2026-02-13 13:11:00.194,file_write,58,f
69521d35-550b-45d9-b6bd-47e9577bb8ba,20e082ac-3d06-4f13-9abe-1d998e679d14,coder-01,15,2026-02-13 13:11:00.201,file_write,65,f
16f49797-fd8a-4d5d-b23a-1919ffe2b055,ffb03d46-e6e5-47be-979f-bebdb7071a8d,coder-01,13,2026-02-13 13:11:00.209,file_write,72,f
668b2ac0-d3c4-4a59-b6f5-be314b5b1291,653ff79d-f3bd-4e42-90b2-219a227a063c,coder-01,11,2026-02-13 13:11:00.215,file_write,79,f
44f7c8f3-31db-4d06-9533-75f0e29461f8,7dda3951-a206-43cc-b777-481409aab787,coder-01,20,2026-02-13 13:11:21.169,shell_run,217,f
7a4c62a3-9572-40cf-a129-e28aeb29991e,c2dc4358-2b7c-4a29-a78b-1b9ae90aada1,coder-01,9,2026-02-13 13:11:00.222,file_write,85,f
fc6b1e08-b5c0-43a8-870f-152b2fc7f0f6,0bd32b96-79ab-4ca6-b503-e1d6b781ac55,coder-01,8,2026-02-13 13:11:00.229,file_write,92,f
51fdbc78-66cb-41bc-a368-35199dd71062,97f94c83-9c2f-4b00-be57-a0d92ac01bf9,coder-01,7,2026-02-13 13:11:00.235,file_write,99,f
2b35f812-3043-474c-85a3-438e4d519aed,2c620002-dbae-411c-b705-4132969172a6,coder-01,6,2026-02-13 13:11:00.242,file_write,105,f
a18b54b2-15f5-4790-bfb3-ca9390099a79,d691b5cc-ee95-468c-a7b3-b1fc7dddacb6,coder-01,4,2026-02-13 13:11:00.248,file_write,111,f
ea367987-1896-475d-baf4-7ea0134c0897,51e1806c-04a2-4ec9-9269-d6b37791d7b2,coder-01,3,2026-02-13 13:11:00.257,file_write,121,f
73f76f86-3ffa-42ad-a9ae-f0c2ead071a8,1f6c5948-f701-484f-9f53-442ad4f0568b,coder-01,2,2026-02-13 13:11:00.263,file_write,127,f
ec1ed2a6-9282-464a-a7de-f0841f119b42,20e082ac-3d06-4f13-9abe-1d998e679d14,coder-01,18,2026-02-13 13:11:21.175,shell_run,222,f
ddc629c9-2c35-4309-8af5-b37173e8aa94,c69bd97d-79d8-4d53-aba4-e8d244a483ce,coder-01,1,2026-02-13 13:11:00.271,file_write,134,f
ab439145-fd6e-4f18-b3b5-ac39137a29df,330dcf27-8d11-4270-9961-50b9f18dfd67,coder-01,29,2026-02-13 13:11:02.627,shell_run,178,f
68c5a9e0-a873-43e1-b898-f779a800a9c7,ca91b666-1665-4e4a-ae0a-c66abd413953,coder-01,27,2026-02-13 13:11:02.638,shell_run,188,f
37fd397a-a46c-4f26-88dd-d4bfd219fecd,e7fe4144-dbb4-4c1c-acf5-5442f30a6806,coder-01,26,2026-02-13 13:11:02.645,shell_run,195,f
0b36e398-8c5a-4203-becc-e0b26e61ed27,f7f88198-7fa6-49ed-97a2-e0f369dbc6f3,coder-01,25,2026-02-13 13:11:02.652,shell_run,202,f
d45f99a1-71cc-4ffd-a9d9-620b67c1af65,20dc51ff-c823-4f2f-885b-da6c8c8abe94,coder-01,23,2026-02-13 13:11:02.658,shell_run,208,f
b05e0001-b2f6-45ff-8f29-6c3e27fcbd66,b90aca7c-67a1-4da0-a771-ba1177190299,coder-01,22,2026-02-13 13:11:02.665,shell_run,215,f
8405f275-740f-46bf-a79c-b9164b6c326c,76276ac4-f51c-419f-894d-160614e8b4a7,coder-01,20,2026-02-13 13:11:02.671,shell_run,222,f
a41781ef-44e6-4b64-8f4a-1d209dbce423,7dda3951-a206-43cc-b777-481409aab787,coder-01,18,2026-02-13 13:11:02.677,shell_run,228,f
9e8b5d81-ae65-4340-a437-a11182b13450,20e082ac-3d06-4f13-9abe-1d998e679d14,coder-01,16,2026-02-13 13:11:02.684,shell_run,234,f
70a12ee5-3c2e-46f3-8d41-00b96bc135b2,ffb03d46-e6e5-47be-979f-bebdb7071a8d,coder-01,14,2026-02-13 13:11:02.69,shell_run,241,f
1a5c809b-e364-414e-88fe-596f124c4784,653ff79d-f3bd-4e42-90b2-219a227a063c,coder-01,12,2026-02-13 13:11:02.696,shell_run,247,f
cf5b1ced-3b73-409c-ae61-8eecd8fe2aea,c2dc4358-2b7c-4a29-a78b-1b9ae90aada1,coder-01,10,2026-02-13 13:11:02.702,shell_run,253,f
a23b54dd-5c17-4321-8805-978345d8b3d6,0bd32b96-79ab-4ca6-b503-e1d6b781ac55,coder-01,9,2026-02-13 13:11:02.709,shell_run,259,f
c9a31fc5-134e-465d-b386-a074a4eb5274,97f94c83-9c2f-4b00-be57-a0d92ac01bf9,coder-01,8,2026-02-13 13:11:02.715,shell_run,266,f
2eeb5f68-0da6-46e0-8216-f750d8ac35a1,2c620002-dbae-411c-b705-4132969172a6,coder-01,7,2026-02-13 13:11:02.722,shell_run,272,f
1b100634-bf26-42af-b82d-5d1ee32bd7a5,d691b5cc-ee95-468c-a7b3-b1fc7dddacb6,coder-01,5,2026-02-13 13:11:02.729,shell_run,279,f
f572766f-3c1b-4bb1-8edc-2aea5e02c70a,51e1806c-04a2-4ec9-9269-d6b37791d7b2,coder-01,4,2026-02-13 13:11:02.736,shell_run,286,f
c7d01241-79d0-412c-9e63-80ae7f1073cb,1f6c5948-f701-484f-9f53-442ad4f0568b,coder-01,3,2026-02-13 13:11:02.743,shell_run,293,f
c6d16fe3-e379-4ad6-be23-63316d71010b,c69bd97d-79d8-4d53-aba4-e8d244a483ce,coder-01,2,2026-02-13 13:11:02.751,shell_run,301,f
75f8b89f-1a2a-4469-b076-82d2d58ead6a,ca91b666-1665-4e4a-ae0a-c66abd413953,coder-01,28,2026-02-13 13:11:18.982,file_write,16,f
c1b2687d-17c4-4859-8c6d-7a91aa32b71b,e7fe4144-dbb4-4c1c-acf5-5442f30a6806,coder-01,27,2026-02-13 13:11:18.989,file_write,24,f
bc038baf-bfd6-4f16-ac36-c2a0f720c1a0,f7f88198-7fa6-49ed-97a2-e0f369dbc6f3,coder-01,26,2026-02-13 13:11:18.996,file_write,31,f
8bbc3abb-d5a1-4dfc-aaea-74150affedf9,20dc51ff-c823-4f2f-885b-da6c8c8abe94,coder-01,24,2026-02-13 13:11:19.003,file_write,38,f
cddb1acd-faea-4fd0-9a72-4813b04b15cf,b90aca7c-67a1-4da0-a771-ba1177190299,coder-01,23,2026-02-13 13:11:19.01,file_write,44,f
4535561b-319d-46a2-9340-a31a3aa61a37,76276ac4-f51c-419f-894d-160614e8b4a7,coder-01,21,2026-02-13 13:11:19.017,file_write,51,f
bb972fdb-05c1-45fb-92ad-924fd1964a74,7dda3951-a206-43cc-b777-481409aab787,coder-01,19,2026-02-13 13:11:19.025,file_write,59,f
2d5e040a-be33-46db-ba18-e5aa2cc83e43,20e082ac-3d06-4f13-9abe-1d998e679d14,coder-01,17,2026-02-13 13:11:19.031,file_write,66,f
44f091ba-c992-435d-9800-e6482f12027f,ffb03d46-e6e5-47be-979f-bebdb7071a8d,coder-01,15,2026-02-13 13:11:19.038,file_write,72,f
f76a1799-7f5c-406e-a6d3-fa3dd9e0d4ed,653ff79d-f3bd-4e42-90b2-219a227a063c,coder-01,13,2026-02-13 13:11:19.046,file_write,79,f
1e66d32d-042b-41fd-b3ac-551fa67b8b4c,c2dc4358-2b7c-4a29-a78b-1b9ae90aada1,coder-01,11,2026-02-13 13:11:19.053,file_write,88,f
3f4fb170-6e87-4aab-aa29-39b9527e4514,0bd32b96-79ab-4ca6-b503-e1d6b781ac55,coder-01,10,2026-02-13 13:11:19.06,file_write,95,f
7c21fbca-fba6-43e4-a875-1fd47827cd52,97f94c83-9c2f-4b00-be57-a0d92ac01bf9,coder-01,9,2026-02-13 13:11:19.067,file_write,102,f
d7bc7f8f-aadc-4e28-8d50-6aacd8d91ea9,2c620002-dbae-411c-b705-4132969172a6,coder-01,8,2026-02-13 13:11:19.073,file_write,108,f
009963f7-022d-4ef6-8e67-747a5b4ecab0,d691b5cc-ee95-468c-a7b3-b1fc7dddacb6,coder-01,6,2026-02-13 13:11:19.08,file_write,115,f
c5b8d309-0228-4fbf-861f-6bc152a26bd3,51e1806c-04a2-4ec9-9269-d6b37791d7b2,coder-01,5,2026-02-13 13:11:19.088,file_write,122,f
05d3daa8-14ad-4d3c-a46c-88042e98c928,1f6c5948-f701-484f-9f53-442ad4f0568b,coder-01,4,2026-02-13 13:11:19.094,file_write,129,f
ac654877-f9d6-4fcf-8da6-895740033879,c69bd97d-79d8-4d53-aba4-e8d244a483ce,coder-01,3,2026-02-13 13:11:19.101,file_write,135,f
5b353e80-509f-4154-96e2-6d56c4754400,7380129e-43fc-4faf-bc35-4980f8aef58d,coder-01,1,2026-02-13 13:11:19.108,file_write,142,f
ee1ecaee-fec5-445f-a58c-573b36aaa642,330dcf27-8d11-4270-9961-50b9f18dfd67,coder-01,31,2026-02-13 13:11:21.111,shell_run,159,f
0238b67b-2082-4a73-bec7-61c2fc41cc98,ca91b666-1665-4e4a-ae0a-c66abd413953,coder-01,29,2026-02-13 13:11:21.124,shell_run,172,f
5434b8bc-1fc1-43fb-b0b5-823c6a051dc2,e7fe4144-dbb4-4c1c-acf5-5442f30a6806,coder-01,28,2026-02-13 13:11:21.134,shell_run,181,f
0f5cf5de-8098-4fd4-892f-df53240224cb,f7f88198-7fa6-49ed-97a2-e0f369dbc6f3,coder-01,27,2026-02-13 13:11:21.142,shell_run,190,f
97beaa81-6b6c-4af2-bfa8-e211149d710a,ffb03d46-e6e5-47be-979f-bebdb7071a8d,coder-01,16,2026-02-13 13:11:21.181,shell_run,229,f
25aa50b0-1d99-4167-aed0-fb25baec4a44,653ff79d-f3bd-4e42-90b2-219a227a063c,coder-01,14,2026-02-13 13:11:21.187,shell_run,235,f
fe21a879-8e97-408b-ae01-665e3100b716,c2dc4358-2b7c-4a29-a78b-1b9ae90aada1,coder-01,12,2026-02-13 13:11:21.194,shell_run,241,f
03a9dbed-95a5-48e2-9abf-99974417a7f8,0bd32b96-79ab-4ca6-b503-e1d6b781ac55,coder-01,11,2026-02-13 13:11:21.2,shell_run,249,f
80dcac2e-7ecd-4e4b-b832-681b0d265c0b,97f94c83-9c2f-4b00-be57-a0d92ac01bf9,coder-01,10,2026-02-13 13:11:21.207,shell_run,255,f
5551bf0e-1da1-457d-9cd4-32dc569a6920,2c620002-dbae-411c-b705-4132969172a6,coder-01,9,2026-02-13 13:11:21.212,shell_run,261,f
edc33e9e-0520-4c30-9e95-0d7a05a05238,d691b5cc-ee95-468c-a7b3-b1fc7dddacb6,coder-01,7,2026-02-13 13:11:21.218,shell_run,266,f
3dd735e7-729d-4451-925f-d728f3cda7c6,51e1806c-04a2-4ec9-9269-d6b37791d7b2,coder-01,6,2026-02-13 13:11:21.224,shell_run,272,f
5c221e4b-eaef-416d-bc05-b6db8173dddf,1f6c5948-f701-484f-9f53-442ad4f0568b,coder-01,5,2026-02-13 13:11:21.23,shell_run,278,f
9cbdbea5-ea2c-4d8b-bf16-d3db5b68f1a3,c69bd97d-79d8-4d53-aba4-e8d244a483ce,coder-01,4,2026-02-13 13:11:21.237,shell_run,283,f
06a584ed-5af9-4451-b3bf-cb07be8c85fa,7380129e-43fc-4faf-bc35-4980f8aef58d,coder-01,2,2026-02-13 13:11:21.244,shell_run,291,f
12045600-1959-4ca6-8756-45708eb6d4dc,330dcf27-8d11-4270-9961-50b9f18dfd67,coder-01,32,2026-02-13 13:32:03.701,file_write,9,f
d0c429e7-6de1-4e46-8648-22b26cdb0e85,ca91b666-1665-4e4a-ae0a-c66abd413953,coder-01,30,2026-02-13 13:32:03.713,file_write,22,f
eb9e40b1-eda5-475f-a43d-82793c8baf03,e7fe4144-dbb4-4c1c-acf5-5442f30a6806,coder-01,29,2026-02-13 13:32:03.72,file_write,29,f
4d7ac29e-d0b8-4919-8446-2f0f433f7675,f7f88198-7fa6-49ed-97a2-e0f369dbc6f3,coder-01,28,2026-02-13 13:32:03.726,file_write,36,f
07ad2b6f-c7cf-4086-a98a-6aa4ac2a7014,20dc51ff-c823-4f2f-885b-da6c8c8abe94,coder-01,26,2026-02-13 13:32:03.733,file_write,42,f
b34d6c6a-dc78-4a62-8b0b-872a9306d0a7,b90aca7c-67a1-4da0-a771-ba1177190299,coder-01,25,2026-02-13 13:32:03.74,file_write,49,f
80609b6a-183a-4d96-8df1-4737a37df0a3,76276ac4-f51c-419f-894d-160614e8b4a7,coder-01,23,2026-02-13 13:32:03.749,file_write,57,f
062cbea1-e9a5-40ea-aa1e-4df2126b6b77,7dda3951-a206-43cc-b777-481409aab787,coder-01,21,2026-02-13 13:32:03.757,file_write,66,f
7a5bc007-d590-4380-87d4-e01a2b756533,20e082ac-3d06-4f13-9abe-1d998e679d14,coder-01,19,2026-02-13 13:32:03.766,file_write,75,f
4b7ab47b-e4fc-4f8e-831d-a97a026585e3,ffb03d46-e6e5-47be-979f-bebdb7071a8d,coder-01,17,2026-02-13 13:32:03.773,file_write,83,f
e3dd878e-ebe0-4d25-9e82-31e2a84b98ea,653ff79d-f3bd-4e42-90b2-219a227a063c,coder-01,15,2026-02-13 13:32:03.78,file_write,90,f
12e10e0f-da0d-4a6d-b926-74d15faeaae2,c2dc4358-2b7c-4a29-a78b-1b9ae90aada1,coder-01,13,2026-02-13 13:32:03.787,file_write,97,f
a448b556-ef00-40c5-9885-449a4b7653c1,0bd32b96-79ab-4ca6-b503-e1d6b781ac55,coder-01,12,2026-02-13 13:32:03.796,file_write,105,f
dd5946a9-06d1-4d0f-bd49-563f17fd0c55,97f94c83-9c2f-4b00-be57-a0d92ac01bf9,coder-01,11,2026-02-13 13:32:03.803,file_write,113,f
d60984ad-557b-4cb2-8522-03ec9071626e,2c620002-dbae-411c-b705-4132969172a6,coder-01,10,2026-02-13 13:32:03.811,file_write,120,f
8569d5c0-73f9-405e-8fb6-deeeed552fdd,d691b5cc-ee95-468c-a7b3-b1fc7dddacb6,coder-01,8,2026-02-13 13:32:03.819,file_write,128,f
801e561a-dd1d-4fc0-9fc6-0e36442b409f,51e1806c-04a2-4ec9-9269-d6b37791d7b2,coder-01,7,2026-02-13 13:32:03.827,file_write,136,f
4128c64a-7a34-4c3a-ac55-2fa4a59dfb32,1f6c5948-f701-484f-9f53-442ad4f0568b,coder-01,6,2026-02-13 13:32:03.835,file_write,144,f
878b0bea-3a58-4abb-a822-d2dd8cee195f,c69bd97d-79d8-4d53-aba4-e8d244a483ce,coder-01,5,2026-02-13 13:32:03.843,file_write,152,f
e05cf74d-edb3-4604-9565-d9b5a181d4d5,7380129e-43fc-4faf-bc35-4980f8aef58d,coder-01,3,2026-02-13 13:32:03.85,file_write,159,f
25e29da7-3368-477f-9d29-eb291cb2273f,4787668d-3ffd-4c72-b0dd-141b4696e4e7,coder-01,1,2026-02-13 13:32:03.859,file_write,166,f
2ccc3ed6-73fd-4e33-947d-4f2c497b3b7b,330dcf27-8d11-4270-9961-50b9f18dfd67,coder-01,33,2026-02-13 13:32:21.771,file_write,7,f
863390d1-820a-472a-80f0-7dda30a90b89,ca91b666-1665-4e4a-ae0a-c66abd413953,coder-01,31,2026-02-13 13:32:21.782,file_write,18,f
da65efd0-bc03-4e72-9f86-1ee9baeb7f9c,e7fe4144-dbb4-4c1c-acf5-5442f30a6806,coder-01,30,2026-02-13 13:32:21.788,file_write,24,f
3870e5b5-45a5-4200-a7c5-aa1da79e4ef1,f7f88198-7fa6-49ed-97a2-e0f369dbc6f3,coder-01,29,2026-02-13 13:32:21.795,file_write,30,f
eee9a642-21b5-4f2c-827d-65c45ea3ceb3,20dc51ff-c823-4f2f-885b-da6c8c8abe94,coder-01,27,2026-02-13 13:32:21.803,file_write,39,f
997c79de-3b4d-4572-9da9-e289e59574d8,b90aca7c-67a1-4da0-a771-ba1177190299,coder-01,26,2026-02-13 13:32:21.81,file_write,46,f
0df0b0a0-827b-46b2-a1bf-bb28d3ff4c25,76276ac4-f51c-419f-894d-160614e8b4a7,coder-01,24,2026-02-13 13:32:21.816,file_write,52,f
8cc919dd-40dc-4640-9eeb-8cce3820e99e,7dda3951-a206-43cc-b777-481409aab787,coder-01,22,2026-02-13 13:32:21.824,file_write,59,f
81e62733-2329-48d9-8ed3-0bf5c5d2a7f5,20e082ac-3d06-4f13-9abe-1d998e679d14,coder-01,20,2026-02-13 13:32:21.831,file_write,67,f
6393573e-cc63-4366-9fcb-0cacb57152b5,ffb03d46-e6e5-47be-979f-bebdb7071a8d,coder-01,18,2026-02-13 13:32:21.837,file_write,73,f
383bc377-8e68-4401-94ca-215e346b73f6,653ff79d-f3bd-4e42-90b2-219a227a063c,coder-01,16,2026-02-13 13:32:21.845,file_write,81,f
103fab12-9e4d-47f9-905d-b7b094f510ab,c2dc4358-2b7c-4a29-a78b-1b9ae90aada1,coder-01,14,2026-02-13 13:32:21.851,file_write,87,f
492a6783-030d-4b4c-ae64-f70cfa34f536,0bd32b96-79ab-4ca6-b503-e1d6b781ac55,coder-01,13,2026-02-13 13:32:21.858,file_write,94,f
2bd30a6c-6acd-4b41-a548-8a48a3457856,97f94c83-9c2f-4b00-be57-a0d92ac01bf9,coder-01,12,2026-02-13 13:32:21.865,file_write,101,f
5a4ae8cd-beb0-4e72-98ed-e0ab67562a69,2c620002-dbae-411c-b705-4132969172a6,coder-01,11,2026-02-13 13:32:21.871,file_write,107,f
95ea4905-39fc-4e63-8a95-a23ee23089b0,d691b5cc-ee95-468c-a7b3-b1fc7dddacb6,coder-01,9,2026-02-13 13:32:21.878,file_write,113,f
9700af1d-68b5-48d2-a790-49495b4a5b74,ffb03d46-e6e5-47be-979f-bebdb7071a8d,coder-01,28,2026-02-13 13:34:21.692,shell_run,91,f
2e55d47e-10af-46de-a213-20644df44a0f,51e1806c-04a2-4ec9-9269-d6b37791d7b2,coder-01,8,2026-02-13 13:32:21.884,file_write,120,f
b841579c-023b-4cda-9539-6175ef47348a,1f6c5948-f701-484f-9f53-442ad4f0568b,coder-01,7,2026-02-13 13:32:21.891,file_write,127,f
a01b4b97-96bf-4bb5-88e6-fc6803aefb0d,c69bd97d-79d8-4d53-aba4-e8d244a483ce,coder-01,6,2026-02-13 13:32:21.898,file_write,134,f
bca31267-047c-444a-ae0b-113506c78c91,7380129e-43fc-4faf-bc35-4980f8aef58d,coder-01,4,2026-02-13 13:32:21.905,file_write,140,f
e287be75-732a-4e90-bed7-71f507cac637,4787668d-3ffd-4c72-b0dd-141b4696e4e7,coder-01,2,2026-02-13 13:32:21.912,file_write,148,f
8dbab53e-eda7-4de5-8faf-fef7279b0ab1,4145da05-bb58-4e6e-b175-3137923324e5,coder-01,1,2026-02-13 13:32:21.921,file_write,155,f
e225b52b-3354-4fe7-b58d-57ae260cae6f,330dcf27-8d11-4270-9961-50b9f18dfd67,coder-01,34,2026-02-13 13:32:34.204,file_write,8,f
342376e1-dd6e-4feb-a903-0b23a165c00d,ca91b666-1665-4e4a-ae0a-c66abd413953,coder-01,32,2026-02-13 13:32:34.211,file_write,16,f
d0bedf82-034e-47d7-9b90-06231e9ab8f2,e7fe4144-dbb4-4c1c-acf5-5442f30a6806,coder-01,31,2026-02-13 13:32:34.217,file_write,22,f
c7dffa5f-fff3-499d-b05a-dbf0011a397a,f7f88198-7fa6-49ed-97a2-e0f369dbc6f3,coder-01,30,2026-02-13 13:32:34.224,file_write,28,f
428a5609-ffca-43be-a567-43011898da58,20dc51ff-c823-4f2f-885b-da6c8c8abe94,coder-01,28,2026-02-13 13:32:34.231,file_write,35,f
cdf2a1b9-8127-4a1a-b717-8866a54db210,b90aca7c-67a1-4da0-a771-ba1177190299,coder-01,27,2026-02-13 13:32:34.238,file_write,42,f
3475b077-3516-4f0f-ac19-1265888adce8,76276ac4-f51c-419f-894d-160614e8b4a7,coder-01,25,2026-02-13 13:32:34.245,file_write,49,f
57c884ce-6a80-4fe3-bd41-bfa5a76bd802,7dda3951-a206-43cc-b777-481409aab787,coder-01,23,2026-02-13 13:32:34.252,file_write,55,f
5fdfa81b-3344-4183-9f6e-a0352327525a,20e082ac-3d06-4f13-9abe-1d998e679d14,coder-01,21,2026-02-13 13:32:34.258,file_write,62,f
31eb152a-a5a9-4f75-9948-c2b3eabe3cbe,ffb03d46-e6e5-47be-979f-bebdb7071a8d,coder-01,19,2026-02-13 13:32:34.264,file_write,68,f
18b90650-26cf-411a-aac8-dfd521eb9c5c,653ff79d-f3bd-4e42-90b2-219a227a063c,coder-01,17,2026-02-13 13:32:34.271,file_write,74,f
efed08db-aa70-467c-bc33-b3765b1c894e,c2dc4358-2b7c-4a29-a78b-1b9ae90aada1,coder-01,15,2026-02-13 13:32:34.277,file_write,81,f
dd212216-3d6f-4423-8585-6294f2d92bcf,0bd32b96-79ab-4ca6-b503-e1d6b781ac55,coder-01,14,2026-02-13 13:32:34.285,file_write,88,f
1c3e74c7-d6e3-42e0-9c2d-17c3c573eecd,97f94c83-9c2f-4b00-be57-a0d92ac01bf9,coder-01,13,2026-02-13 13:32:34.292,file_write,96,f
6690715a-5230-4dd3-9bdb-01a008cdead1,2c620002-dbae-411c-b705-4132969172a6,coder-01,12,2026-02-13 13:32:34.299,file_write,103,f
43067fd7-6045-4fcd-bb30-e349072f3bfa,653ff79d-f3bd-4e42-90b2-219a227a063c,coder-01,26,2026-02-13 13:34:21.699,shell_run,99,f
c69b3f72-2c09-4dfd-a70d-b247cde756f7,d691b5cc-ee95-468c-a7b3-b1fc7dddacb6,coder-01,10,2026-02-13 13:32:34.306,file_write,110,f
245aa91f-a8c1-40d3-9d17-09fed1474a55,51e1806c-04a2-4ec9-9269-d6b37791d7b2,coder-01,9,2026-02-13 13:32:34.316,file_write,117,f
58034b17-9df3-4021-b4a0-d0b9aca76d5d,1f6c5948-f701-484f-9f53-442ad4f0568b,coder-01,8,2026-02-13 13:32:34.322,file_write,126,f
28c4e582-a4c6-4387-8be7-d7906907839a,c69bd97d-79d8-4d53-aba4-e8d244a483ce,coder-01,7,2026-02-13 13:32:34.328,file_write,132,f
1ab99f68-3af0-4e7f-b85f-80c93fd08527,7380129e-43fc-4faf-bc35-4980f8aef58d,coder-01,5,2026-02-13 13:32:34.335,file_write,139,f
a5ae3a3b-53dc-4062-994c-302c4de1ba4f,4787668d-3ffd-4c72-b0dd-141b4696e4e7,coder-01,3,2026-02-13 13:32:34.341,file_write,146,f
1b215e0d-2c4a-4fc8-9c95-4aee4db62929,4145da05-bb58-4e6e-b175-3137923324e5,coder-01,2,2026-02-13 13:32:34.348,file_write,152,f
9368685b-a443-4cc5-bffc-1a05795f9f89,1578fe0f-6fef-4801-a01d-634228335dbf,coder-01,1,2026-02-13 13:32:34.355,file_write,160,f
c37c6d64-5187-42b2-969a-b19402411cc0,330dcf27-8d11-4270-9961-50b9f18dfd67,coder-01,35,2026-02-13 13:32:47.23,file_write,7,f
f0eec2ae-91a0-43d1-b339-f24374e9b9bb,ca91b666-1665-4e4a-ae0a-c66abd413953,coder-01,33,2026-02-13 13:32:47.241,file_write,18,f
1fccbbe9-865b-4a70-9d0c-f440aba7f16f,e7fe4144-dbb4-4c1c-acf5-5442f30a6806,coder-01,32,2026-02-13 13:32:47.248,file_write,25,f
7a2f0079-1dd4-40e2-8dfc-59bf29a5fbdf,f7f88198-7fa6-49ed-97a2-e0f369dbc6f3,coder-01,31,2026-02-13 13:32:47.255,file_write,32,f
4e817094-2c15-407b-afdd-a714e23b407b,20dc51ff-c823-4f2f-885b-da6c8c8abe94,coder-01,29,2026-02-13 13:32:47.264,file_write,40,f
33710543-c194-4ae1-b903-3c4a3636d0f6,b90aca7c-67a1-4da0-a771-ba1177190299,coder-01,28,2026-02-13 13:32:47.276,file_write,53,f
0b5febc6-f3f6-41ea-8f5f-f354bcc0e8a0,76276ac4-f51c-419f-894d-160614e8b4a7,coder-01,26,2026-02-13 13:32:47.286,file_write,62,f
15d82cb7-4a6b-436c-8d3b-66d7ab206cdb,7dda3951-a206-43cc-b777-481409aab787,coder-01,24,2026-02-13 13:32:47.294,file_write,71,f
1a8f14ad-8578-46d4-9771-c323108278cb,20e082ac-3d06-4f13-9abe-1d998e679d14,coder-01,22,2026-02-13 13:32:47.303,file_write,79,f
51f70d47-4385-4bb9-9079-5a93377079a5,ffb03d46-e6e5-47be-979f-bebdb7071a8d,coder-01,20,2026-02-13 13:32:47.312,file_write,88,f
82b2163b-6178-47e2-9298-6334a3347821,653ff79d-f3bd-4e42-90b2-219a227a063c,coder-01,18,2026-02-13 13:32:47.32,file_write,96,f
70a2974d-ac5a-4c5f-9138-b0e527f78626,c2dc4358-2b7c-4a29-a78b-1b9ae90aada1,coder-01,16,2026-02-13 13:32:47.329,file_write,104,f
f458c7a1-96ba-4708-a955-6965deda141f,c2dc4358-2b7c-4a29-a78b-1b9ae90aada1,coder-01,24,2026-02-13 13:34:21.706,shell_run,106,f
060d5b18-e21b-4b44-8b87-c71ed3adc633,0bd32b96-79ab-4ca6-b503-e1d6b781ac55,coder-01,15,2026-02-13 13:32:47.336,file_write,113,f
46bbdc5e-f1b2-432a-9e0d-b4bde8be4b76,97f94c83-9c2f-4b00-be57-a0d92ac01bf9,coder-01,14,2026-02-13 13:32:47.343,file_write,120,f
f5e0ce41-781d-4558-8cd4-f379ca23a1d8,2c620002-dbae-411c-b705-4132969172a6,coder-01,13,2026-02-13 13:32:47.35,file_write,127,f
6e195d75-7bc5-4a5d-9b13-8e54da7a2415,d691b5cc-ee95-468c-a7b3-b1fc7dddacb6,coder-01,11,2026-02-13 13:32:47.356,file_write,134,f
44cdb51e-a211-4e26-9977-03796e5c4b2b,51e1806c-04a2-4ec9-9269-d6b37791d7b2,coder-01,10,2026-02-13 13:32:47.363,file_write,141,f
48c602c9-30b3-4909-b2ec-8fadb6963415,1f6c5948-f701-484f-9f53-442ad4f0568b,coder-01,9,2026-02-13 13:32:47.37,file_write,147,f
2a0df430-2878-401f-9850-25c408372079,c69bd97d-79d8-4d53-aba4-e8d244a483ce,coder-01,8,2026-02-13 13:32:47.381,file_write,156,f
8d5d0c67-e1e9-4a78-8f29-b092e7d6982c,7380129e-43fc-4faf-bc35-4980f8aef58d,coder-01,6,2026-02-13 13:32:47.387,file_write,164,f
e50061e8-f57b-48ad-98bf-7041973bb707,4787668d-3ffd-4c72-b0dd-141b4696e4e7,coder-01,4,2026-02-13 13:32:47.393,file_write,171,f
ee88ebc8-95c7-4c82-b160-b121adce3daa,4145da05-bb58-4e6e-b175-3137923324e5,coder-01,3,2026-02-13 13:32:47.4,file_write,177,f
70726243-5f60-44ac-97b1-8c38cfffe987,1578fe0f-6fef-4801-a01d-634228335dbf,coder-01,2,2026-02-13 13:32:47.406,file_write,184,f
99a6d27b-ae8e-4d94-bb88-40883d8082e9,6f18b78e-7163-4b72-8c10-05fcdede899f,coder-01,1,2026-02-13 13:32:47.413,file_write,190,f
5960f943-9e2e-4c96-93af-b6aa236b489e,330dcf27-8d11-4270-9961-50b9f18dfd67,coder-01,38,2026-02-13 13:33:18.192,file_write,12,f
15cadf3a-7b9e-42b4-b91a-1b1ce997edf3,ca91b666-1665-4e4a-ae0a-c66abd413953,coder-01,36,2026-02-13 13:33:18.203,file_write,23,f
6a87ed85-4d20-418f-a631-ad3190618e38,e7fe4144-dbb4-4c1c-acf5-5442f30a6806,coder-01,35,2026-02-13 13:33:18.21,file_write,30,f
6f0514db-a507-4bac-aad5-010a001a18af,f7f88198-7fa6-49ed-97a2-e0f369dbc6f3,coder-01,34,2026-02-13 13:33:18.217,file_write,37,f
d9d158a8-49e8-4f8c-b7fd-a07a3b22dc69,20dc51ff-c823-4f2f-885b-da6c8c8abe94,coder-01,32,2026-02-13 13:33:18.223,file_write,44,f
9ed4a9d9-0298-4694-844e-47f2298f53ea,b90aca7c-67a1-4da0-a771-ba1177190299,coder-01,31,2026-02-13 13:33:18.23,file_write,51,f
39af0613-c3fc-4be5-89c9-28999bccd5e2,76276ac4-f51c-419f-894d-160614e8b4a7,coder-01,29,2026-02-13 13:33:18.237,file_write,58,f
6ad2e669-f6e5-4bb2-bd0c-0b35077ef78f,7dda3951-a206-43cc-b777-481409aab787,coder-01,27,2026-02-13 13:33:18.244,file_write,64,f
341b5db2-4bb7-479c-9c08-3b5a9b139083,330dcf27-8d11-4270-9961-50b9f18dfd67,coder-01,36,2026-02-13 13:32:59.717,file_write,9,f
aa7b7e1c-0e5b-47a4-9610-bb2242dd1df4,ca91b666-1665-4e4a-ae0a-c66abd413953,coder-01,34,2026-02-13 13:32:59.722,file_write,15,f
f4b223d8-fa7f-4ba1-a270-aae6c5ee98e9,e7fe4144-dbb4-4c1c-acf5-5442f30a6806,coder-01,33,2026-02-13 13:32:59.734,file_write,27,f
e1e74768-00b1-4ca4-bb6a-573824a9c2fe,f7f88198-7fa6-49ed-97a2-e0f369dbc6f3,coder-01,32,2026-02-13 13:32:59.742,file_write,34,f
f4585581-35de-44f0-92b1-5011706f109a,20dc51ff-c823-4f2f-885b-da6c8c8abe94,coder-01,30,2026-02-13 13:32:59.748,file_write,41,f
3cc48a2d-f446-4949-9130-5a5eb6984dcb,b90aca7c-67a1-4da0-a771-ba1177190299,coder-01,29,2026-02-13 13:32:59.755,file_write,48,f
70e25268-a500-40bb-86ae-696dbe113fcc,67674ed8-5076-44fa-af64-af531300e040,coder-01,1,2026-02-13 13:33:06.888,file_write,101,f
ecaa3791-6328-4610-8a84-0771f16b32c5,67674ed8-5076-44fa-af64-af531300e040,coder-01,2,2026-02-13 13:33:06.895,shell_run,73,f
288272b8-3bb3-464e-b8d9-5794744b4894,330dcf27-8d11-4270-9961-50b9f18dfd67,coder-01,42,2026-02-13 13:34:19.166,file_write,7,f
012fab65-a840-4762-bfbc-6c053a7ec676,ca91b666-1665-4e4a-ae0a-c66abd413953,coder-01,40,2026-02-13 13:34:19.174,file_write,15,f
7c9b672c-4769-4656-ab36-430f13d06eb5,e7fe4144-dbb4-4c1c-acf5-5442f30a6806,coder-01,39,2026-02-13 13:34:19.181,file_write,22,f
049e94f8-7e87-4cb2-a754-c9076954314c,f7f88198-7fa6-49ed-97a2-e0f369dbc6f3,coder-01,38,2026-02-13 13:34:19.187,file_write,29,f
df622ee5-512e-4035-b76c-567d03df83ad,20dc51ff-c823-4f2f-885b-da6c8c8abe94,coder-01,36,2026-02-13 13:34:19.195,file_write,36,f
d0b1af07-403f-4047-83ab-b963313530c7,b90aca7c-67a1-4da0-a771-ba1177190299,coder-01,35,2026-02-13 13:34:19.201,file_write,43,f
02c7d8fc-126f-4201-bfaf-742a6b58e456,76276ac4-f51c-419f-894d-160614e8b4a7,coder-01,33,2026-02-13 13:34:19.208,file_write,49,f
987b7943-ba18-415d-9ba2-771d51510685,7dda3951-a206-43cc-b777-481409aab787,coder-01,31,2026-02-13 13:34:19.214,file_write,56,f
0ec05d5f-89f1-4d9f-bca7-2ff8cc984554,20e082ac-3d06-4f13-9abe-1d998e679d14,coder-01,29,2026-02-13 13:34:19.22,file_write,62,f
b92e92b5-6bb8-459e-a406-c8ee315653b2,0bd32b96-79ab-4ca6-b503-e1d6b781ac55,coder-01,23,2026-02-13 13:34:21.714,shell_run,113,f
afe0bbf3-c176-427b-8477-6ccf7a360ea9,97f94c83-9c2f-4b00-be57-a0d92ac01bf9,coder-01,22,2026-02-13 13:34:21.722,shell_run,120,f
31030368-507b-4ae6-9b90-ed9be5f69423,20e082ac-3d06-4f13-9abe-1d998e679d14,coder-01,25,2026-02-13 13:33:18.251,file_write,71,f
b9b2a08f-7428-41ba-84a5-e45ecd404f8b,ffb03d46-e6e5-47be-979f-bebdb7071a8d,coder-01,23,2026-02-13 13:33:18.257,file_write,78,f
2f84a6d5-91ac-4629-b114-85ef127c2825,653ff79d-f3bd-4e42-90b2-219a227a063c,coder-01,21,2026-02-13 13:33:18.265,file_write,85,f
8a8e840d-388b-40a4-becc-b9ce8d6fcb56,c2dc4358-2b7c-4a29-a78b-1b9ae90aada1,coder-01,19,2026-02-13 13:33:18.272,file_write,92,f
5922a117-2cb8-43f1-9986-fa55bed377ff,0bd32b96-79ab-4ca6-b503-e1d6b781ac55,coder-01,18,2026-02-13 13:33:18.279,file_write,99,f
589ff9f0-9aa3-472a-aaa3-d5477050f0c6,97f94c83-9c2f-4b00-be57-a0d92ac01bf9,coder-01,17,2026-02-13 13:33:18.286,file_write,107,f
3c6f0ba2-8712-4010-abea-51a6e4581559,2c620002-dbae-411c-b705-4132969172a6,coder-01,16,2026-02-13 13:33:18.294,file_write,114,f
f76572aa-34f6-48d8-88ac-7bf66c065b7d,d691b5cc-ee95-468c-a7b3-b1fc7dddacb6,coder-01,14,2026-02-13 13:33:18.301,file_write,121,f
70a800f2-e394-4714-8648-e861f070eebf,51e1806c-04a2-4ec9-9269-d6b37791d7b2,coder-01,13,2026-02-13 13:33:18.307,file_write,128,f
20f8bae0-66da-4300-b056-4bd6a92494ed,1f6c5948-f701-484f-9f53-442ad4f0568b,coder-01,12,2026-02-13 13:33:18.314,file_write,134,f
ea820c8f-4891-43f8-b959-71d8976d6909,c69bd97d-79d8-4d53-aba4-e8d244a483ce,coder-01,11,2026-02-13 13:33:18.321,file_write,141,f
ba9927df-dbe9-4d40-94a0-ad1525933c49,7380129e-43fc-4faf-bc35-4980f8aef58d,coder-01,9,2026-02-13 13:33:18.328,file_write,148,f
b4ed74b6-d5af-4f32-b338-99b6f2087902,4787668d-3ffd-4c72-b0dd-141b4696e4e7,coder-01,7,2026-02-13 13:33:18.335,file_write,155,f
0544d247-bfe4-4e2d-a760-95df99bb6418,4145da05-bb58-4e6e-b175-3137923324e5,coder-01,6,2026-02-13 13:33:18.342,file_write,162,f
a828289e-f1db-4cc9-8f11-32a0eef89162,1578fe0f-6fef-4801-a01d-634228335dbf,coder-01,5,2026-02-13 13:33:18.349,file_write,169,f
ccf35ccb-9222-4400-99a6-29d5eee3b695,6f18b78e-7163-4b72-8c10-05fcdede899f,coder-01,4,2026-02-13 13:33:18.355,file_write,176,f
66367c23-2662-4a43-8e8d-e51207d22f46,67674ed8-5076-44fa-af64-af531300e040,coder-01,3,2026-02-13 13:33:18.362,file_write,183,f
715b8a4f-ab2a-4db7-8c4e-5c437b78c624,1872a4af-edb3-462b-928e-87175cffb989,coder-01,1,2026-02-13 13:33:18.369,file_write,189,f
69271977-7682-407a-afa9-d8c7972b30cd,330dcf27-8d11-4270-9961-50b9f18dfd67,coder-01,39,2026-02-13 13:33:37.54,file_write,7,f
c009563d-6437-4844-b1f2-5836d7702d9b,ca91b666-1665-4e4a-ae0a-c66abd413953,coder-01,37,2026-02-13 13:33:37.552,file_write,20,f
913bfa2e-4dea-410f-8157-72aa6c65f5e5,e7fe4144-dbb4-4c1c-acf5-5442f30a6806,coder-01,36,2026-02-13 13:33:37.562,file_write,29,f
07615af5-8188-49b4-950e-ebdf66c9180a,f7f88198-7fa6-49ed-97a2-e0f369dbc6f3,coder-01,35,2026-02-13 13:33:37.571,file_write,38,f
cb86778f-875d-4f68-b24d-0f273f0d9c5e,20dc51ff-c823-4f2f-885b-da6c8c8abe94,coder-01,33,2026-02-13 13:33:37.582,file_write,47,f
c7239653-544b-4614-9eb4-8aa200c99e82,b90aca7c-67a1-4da0-a771-ba1177190299,coder-01,32,2026-02-13 13:33:37.595,file_write,62,f
ca558544-753a-444a-bc7b-f686a88f6bf1,76276ac4-f51c-419f-894d-160614e8b4a7,coder-01,30,2026-02-13 13:33:37.603,file_write,71,f
cbb7a12d-91f1-4064-9ccf-20cfa691d05f,7dda3951-a206-43cc-b777-481409aab787,coder-01,28,2026-02-13 13:33:37.61,file_write,78,f
eb65e4fa-94bc-4815-b81f-cda11cfbe024,20e082ac-3d06-4f13-9abe-1d998e679d14,coder-01,26,2026-02-13 13:33:37.617,file_write,85,f
cb0fc999-3b18-41c1-97b0-6111c2817bb7,ffb03d46-e6e5-47be-979f-bebdb7071a8d,coder-01,24,2026-02-13 13:33:37.626,file_write,94,f
8824e44b-459b-4837-b956-57f4ade9ea46,653ff79d-f3bd-4e42-90b2-219a227a063c,coder-01,22,2026-02-13 13:33:37.635,file_write,103,f
ad0b2df0-b9f4-46ca-9f0f-8f2a256a66d5,c2dc4358-2b7c-4a29-a78b-1b9ae90aada1,coder-01,20,2026-02-13 13:33:37.646,file_write,112,f
a428d473-e654-44af-9a2d-1e6cb371b063,0bd32b96-79ab-4ca6-b503-e1d6b781ac55,coder-01,19,2026-02-13 13:33:37.654,file_write,122,f
09197c0e-60c1-4e39-82d3-3c714f171184,97f94c83-9c2f-4b00-be57-a0d92ac01bf9,coder-01,18,2026-02-13 13:33:37.662,file_write,130,f
dfc86860-800f-415e-935b-2007a88db1a5,2c620002-dbae-411c-b705-4132969172a6,coder-01,17,2026-02-13 13:33:37.67,file_write,137,f
db0b7f46-de62-4176-94ec-3423f04eb8c6,d691b5cc-ee95-468c-a7b3-b1fc7dddacb6,coder-01,15,2026-02-13 13:33:37.677,file_write,145,f
75e8f616-cd1e-462e-96ea-7fa55f21b5b7,51e1806c-04a2-4ec9-9269-d6b37791d7b2,coder-01,14,2026-02-13 13:33:37.683,file_write,151,f
9adc879b-5eec-4a73-b4ba-677d9261a671,1f6c5948-f701-484f-9f53-442ad4f0568b,coder-01,13,2026-02-13 13:33:37.688,file_write,156,f
a1fa7373-475b-40e2-b9e9-a2a31076e78a,c69bd97d-79d8-4d53-aba4-e8d244a483ce,coder-01,12,2026-02-13 13:33:37.694,file_write,162,f
ba53d309-991d-47b3-81c9-e2b798e5949a,7380129e-43fc-4faf-bc35-4980f8aef58d,coder-01,10,2026-02-13 13:33:37.699,file_write,167,f
c98ce567-fca4-4aa8-97fb-b922a6d733fc,4787668d-3ffd-4c72-b0dd-141b4696e4e7,coder-01,8,2026-02-13 13:33:37.706,file_write,172,f
b86eed0c-35ec-475a-ab5a-9fb5ba927be1,4145da05-bb58-4e6e-b175-3137923324e5,coder-01,7,2026-02-13 13:33:37.712,file_write,179,f
d81f32ef-a588-4ac5-9586-e70d5c7574b4,1578fe0f-6fef-4801-a01d-634228335dbf,coder-01,6,2026-02-13 13:33:37.717,file_write,185,f
31bd5b70-9df7-4f4c-a9d1-89e6b44309c1,6f18b78e-7163-4b72-8c10-05fcdede899f,coder-01,5,2026-02-13 13:33:37.723,file_write,191,f
ca4fc43f-3921-485c-b32c-99c45b9742b9,67674ed8-5076-44fa-af64-af531300e040,coder-01,4,2026-02-13 13:33:37.729,file_write,197,f
ddc97294-2749-4560-859a-8c219f23b91c,1872a4af-edb3-462b-928e-87175cffb989,coder-01,2,2026-02-13 13:33:37.735,file_write,203,f
f141b1ff-b1d8-4c79-836f-595a39727075,7ddb1664-c49f-4149-b1d0-bdbc66d3e8d9,coder-01,1,2026-02-13 13:33:37.742,file_write,209,f
59cdfa74-1c3e-4fc9-8c0f-82779f83a682,330dcf27-8d11-4270-9961-50b9f18dfd67,coder-01,40,2026-02-13 13:33:55.254,file_write,7,f
78e9261f-ad38-43a4-bb14-fcc25aa6da9f,ca91b666-1665-4e4a-ae0a-c66abd413953,coder-01,38,2026-02-13 13:33:55.266,file_write,20,f
b6f41c16-d39a-46f9-a75a-744c0457bfcc,e7fe4144-dbb4-4c1c-acf5-5442f30a6806,coder-01,37,2026-02-13 13:33:55.273,file_write,27,f
35253624-bbba-4875-ae23-8ce7b28ded66,f7f88198-7fa6-49ed-97a2-e0f369dbc6f3,coder-01,36,2026-02-13 13:33:55.28,file_write,34,f
476c26e2-f200-4abb-884b-91cbe8fff031,20dc51ff-c823-4f2f-885b-da6c8c8abe94,coder-01,34,2026-02-13 13:33:55.286,file_write,41,f
09ab5e49-5d74-451d-9010-cad6a4e543f5,b90aca7c-67a1-4da0-a771-ba1177190299,coder-01,33,2026-02-13 13:33:55.293,file_write,48,f
777d5c5f-f1a7-4627-bcfb-38f788166265,76276ac4-f51c-419f-894d-160614e8b4a7,coder-01,31,2026-02-13 13:33:55.301,file_write,55,f
250b8683-ec17-40ce-a3ea-1cd526701f72,7dda3951-a206-43cc-b777-481409aab787,coder-01,29,2026-02-13 13:33:55.308,file_write,62,f
5dbde529-faa2-4151-9e5f-2fdea1240ffd,20e082ac-3d06-4f13-9abe-1d998e679d14,coder-01,27,2026-02-13 13:33:55.315,file_write,69,f
f426308d-143a-44c4-b386-5970db717db0,ffb03d46-e6e5-47be-979f-bebdb7071a8d,coder-01,27,2026-02-13 13:34:19.228,file_write,69,f
73dfc538-2564-4253-bb16-1b1db57fbc20,ffb03d46-e6e5-47be-979f-bebdb7071a8d,coder-01,25,2026-02-13 13:33:55.322,file_write,77,f
8321ff77-8b20-4c98-bc76-53208aa4fb51,653ff79d-f3bd-4e42-90b2-219a227a063c,coder-01,23,2026-02-13 13:33:55.332,file_write,86,f
c79a8114-2901-4051-a2db-ddf833fbe12f,c2dc4358-2b7c-4a29-a78b-1b9ae90aada1,coder-01,21,2026-02-13 13:33:55.341,file_write,95,f
b86c0509-2079-44b2-adc9-ac93123ea9c0,0bd32b96-79ab-4ca6-b503-e1d6b781ac55,coder-01,20,2026-02-13 13:33:55.349,file_write,104,f
06edbbd9-5a32-467b-b1c9-72251f907a83,97f94c83-9c2f-4b00-be57-a0d92ac01bf9,coder-01,19,2026-02-13 13:33:55.357,file_write,111,f
424fd275-cad6-4e5d-b7c3-9c7a930f1899,2c620002-dbae-411c-b705-4132969172a6,coder-01,18,2026-02-13 13:33:55.364,file_write,118,f
2eaf8908-b71c-4ab1-a322-db23e7b0d907,d691b5cc-ee95-468c-a7b3-b1fc7dddacb6,coder-01,16,2026-02-13 13:33:55.369,file_write,124,f
1d927e4e-b1f5-4810-bac4-946f4b2f1dd1,51e1806c-04a2-4ec9-9269-d6b37791d7b2,coder-01,15,2026-02-13 13:33:55.375,file_write,129,f
35f1910a-d939-4617-8f6f-666f99012919,1f6c5948-f701-484f-9f53-442ad4f0568b,coder-01,14,2026-02-13 13:33:55.381,file_write,135,f
64cfe0f6-069e-4b89-9adb-666bf63bdf43,c69bd97d-79d8-4d53-aba4-e8d244a483ce,coder-01,13,2026-02-13 13:33:55.387,file_write,141,f
4b5d266c-9354-4dda-8170-1634ee1ae370,7380129e-43fc-4faf-bc35-4980f8aef58d,coder-01,11,2026-02-13 13:33:55.392,file_write,147,f
51bd0d6c-4716-4412-8564-ec509a782f9b,4787668d-3ffd-4c72-b0dd-141b4696e4e7,coder-01,9,2026-02-13 13:33:55.398,file_write,152,f
69daa59e-4d57-45a3-91d5-9e1dc3d47933,4145da05-bb58-4e6e-b175-3137923324e5,coder-01,8,2026-02-13 13:33:55.404,file_write,158,f
a4a67ab9-0dfe-463c-b37e-0bdb08508b4c,7dda3951-a206-43cc-b777-481409aab787,coder-01,32,2026-02-13 13:34:21.677,shell_run,76,f
f016d7ab-445e-4009-bc48-977534330985,20e082ac-3d06-4f13-9abe-1d998e679d14,coder-01,30,2026-02-13 13:34:21.684,shell_run,84,f
f2a385e3-c5a9-4202-a5e5-20654faca08d,1578fe0f-6fef-4801-a01d-634228335dbf,coder-01,7,2026-02-13 13:33:55.41,file_write,164,f
d0fe1099-674f-490a-956d-95fc4d4079a7,6f18b78e-7163-4b72-8c10-05fcdede899f,coder-01,6,2026-02-13 13:33:55.416,file_write,170,f
6f3f33b2-077c-4437-81dd-eed0a9d26159,67674ed8-5076-44fa-af64-af531300e040,coder-01,5,2026-02-13 13:33:55.422,file_write,175,f
b1be4f3b-5ba4-4168-89c1-8382d8366d23,1872a4af-edb3-462b-928e-87175cffb989,coder-01,3,2026-02-13 13:33:55.427,file_write,181,f
023c51f6-5547-43d6-a619-ee15f032b94a,7ddb1664-c49f-4149-b1d0-bdbc66d3e8d9,coder-01,2,2026-02-13 13:33:55.433,file_write,188,f
b74f5213-3eb4-4f3a-8429-b886d58ba7f5,9b0cfc25-7061-46d3-8638-536e187036b3,coder-01,1,2026-02-13 13:33:55.444,file_write,197,f
c45012da-41b9-4f65-a418-998bda78c776,330dcf27-8d11-4270-9961-50b9f18dfd67,coder-01,41,2026-02-13 13:33:58.385,shell_run,24,f
2c312981-58bf-4e08-9562-21675001dcf5,ca91b666-1665-4e4a-ae0a-c66abd413953,coder-01,39,2026-02-13 13:33:58.398,shell_run,36,f
da5cca35-777a-453a-b99a-2b1bd2597531,e7fe4144-dbb4-4c1c-acf5-5442f30a6806,coder-01,38,2026-02-13 13:33:58.405,shell_run,43,f
6b909f02-4b0b-4a2e-b34c-8f42faa4d03d,f7f88198-7fa6-49ed-97a2-e0f369dbc6f3,coder-01,37,2026-02-13 13:33:58.411,shell_run,50,f
0b1444cc-5a40-4a62-a8de-6e78ccec96aa,20dc51ff-c823-4f2f-885b-da6c8c8abe94,coder-01,35,2026-02-13 13:33:58.418,shell_run,57,f
c743fdb1-83ec-45ab-a14a-9c2623a983e3,b90aca7c-67a1-4da0-a771-ba1177190299,coder-01,34,2026-02-13 13:33:58.427,shell_run,66,f
bf3d3593-5538-494e-9fe3-36d13b4aefe5,76276ac4-f51c-419f-894d-160614e8b4a7,coder-01,32,2026-02-13 13:33:58.433,shell_run,72,f
6c4f8740-d72f-4cb4-aec7-d72c4c152079,7dda3951-a206-43cc-b777-481409aab787,coder-01,30,2026-02-13 13:33:58.441,shell_run,79,f
4346b867-755d-44f6-ba40-40e448e8bdb4,20e082ac-3d06-4f13-9abe-1d998e679d14,coder-01,28,2026-02-13 13:33:58.448,shell_run,87,f
79ad6bca-babb-48be-8cb1-7c4afb940058,ffb03d46-e6e5-47be-979f-bebdb7071a8d,coder-01,26,2026-02-13 13:33:58.455,shell_run,94,f
c6037a9e-514c-4ae6-9a32-3ff2ab4d64de,653ff79d-f3bd-4e42-90b2-219a227a063c,coder-01,24,2026-02-13 13:33:58.462,shell_run,101,f
908a6f0a-79a8-4a55-b91a-c64c15f1f4c9,c2dc4358-2b7c-4a29-a78b-1b9ae90aada1,coder-01,22,2026-02-13 13:33:58.468,shell_run,107,f
70686c1c-087e-4925-b059-45bbf4a0c8e0,0bd32b96-79ab-4ca6-b503-e1d6b781ac55,coder-01,21,2026-02-13 13:33:58.474,shell_run,114,f
60032df4-4d7b-4e43-84fb-4e5db587be80,97f94c83-9c2f-4b00-be57-a0d92ac01bf9,coder-01,20,2026-02-13 13:33:58.481,shell_run,120,f
a537657c-11dd-4f11-9932-dd50cb7638b6,9b0cfc25-7061-46d3-8638-536e187036b3,coder-01,2,2026-02-13 13:34:07.314,shell_run,166,f
d6a682e1-e279-4af5-9883-1d4820b0d5d7,330dcf27-8d11-4270-9961-50b9f18dfd67,coder-01,43,2026-02-13 13:34:21.622,shell_run,20,f
78b0dc75-8a88-42ca-99fc-793803e191f4,ca91b666-1665-4e4a-ae0a-c66abd413953,coder-01,41,2026-02-13 13:34:21.633,shell_run,33,f
e0e25917-d50a-4c88-86f5-09c3a142a789,e7fe4144-dbb4-4c1c-acf5-5442f30a6806,coder-01,40,2026-02-13 13:34:21.64,shell_run,40,f
d74505be-139d-45ea-b61e-d01073855a64,f7f88198-7fa6-49ed-97a2-e0f369dbc6f3,coder-01,39,2026-02-13 13:34:21.647,shell_run,47,f
86f1e8bb-a1e7-4f77-9a38-3cdbe63860a9,20dc51ff-c823-4f2f-885b-da6c8c8abe94,coder-01,37,2026-02-13 13:34:21.654,shell_run,54,f
b5c2c839-fa42-4098-b115-0e2abe138ff9,b90aca7c-67a1-4da0-a771-ba1177190299,coder-01,36,2026-02-13 13:34:21.661,shell_run,61,f
1aaebd08-fa71-4b10-8c3b-91f720d75e63,76276ac4-f51c-419f-894d-160614e8b4a7,coder-01,34,2026-02-13 13:34:21.668,shell_run,68,f
20929303-5b3b-4d33-8f07-c8bf7c9d9a49,653ff79d-f3bd-4e42-90b2-219a227a063c,coder-01,25,2026-02-13 13:34:19.235,file_write,77,f
d37f6133-80cf-4660-a8b0-4e222ff0fc8f,c2dc4358-2b7c-4a29-a78b-1b9ae90aada1,coder-01,23,2026-02-13 13:34:19.242,file_write,84,f
33a9c78d-fe75-46b0-93d1-4a693fb5903e,0bd32b96-79ab-4ca6-b503-e1d6b781ac55,coder-01,22,2026-02-13 13:34:19.249,file_write,90,f
96a33454-1107-433b-b248-ac203967be3d,97f94c83-9c2f-4b00-be57-a0d92ac01bf9,coder-01,21,2026-02-13 13:34:19.256,file_write,97,f
6f65c304-a541-4dcc-8241-78edd226b848,2c620002-dbae-411c-b705-4132969172a6,coder-01,20,2026-02-13 13:34:19.262,file_write,104,f
fbe08ee4-5db0-4fe9-93c0-329e176d20f4,d691b5cc-ee95-468c-a7b3-b1fc7dddacb6,coder-01,18,2026-02-13 13:34:19.268,file_write,110,f
97693c17-5d34-4755-84d2-e40bdba7b6c7,51e1806c-04a2-4ec9-9269-d6b37791d7b2,coder-01,17,2026-02-13 13:34:19.275,file_write,116,f
475f042a-3118-4b42-be3a-f3e0b20e00c8,1f6c5948-f701-484f-9f53-442ad4f0568b,coder-01,16,2026-02-13 13:34:19.282,file_write,122,f
294d82c4-e76f-4d5d-9312-4ebee8b3b1fd,c69bd97d-79d8-4d53-aba4-e8d244a483ce,coder-01,15,2026-02-13 13:34:19.29,file_write,131,f
c49eefb5-a409-4734-884d-ca2c9c75cb13,7380129e-43fc-4faf-bc35-4980f8aef58d,coder-01,13,2026-02-13 13:34:19.296,file_write,138,f
5feda774-05fa-4830-9c0d-2806d7279514,4787668d-3ffd-4c72-b0dd-141b4696e4e7,coder-01,11,2026-02-13 13:34:19.303,file_write,144,f
b903949e-eba7-4233-a159-6a1824fde6b2,4145da05-bb58-4e6e-b175-3137923324e5,coder-01,10,2026-02-13 13:34:19.311,file_write,152,f
227dcccf-8352-4948-9f61-8422bc32a652,1578fe0f-6fef-4801-a01d-634228335dbf,coder-01,9,2026-02-13 13:34:19.318,file_write,159,f
b059f9b7-f38f-4098-83f7-b57ca48c6f1a,6f18b78e-7163-4b72-8c10-05fcdede899f,coder-01,8,2026-02-13 13:34:19.326,file_write,167,f
60684ad5-fd40-496e-82f9-aa2b32a7e584,67674ed8-5076-44fa-af64-af531300e040,coder-01,7,2026-02-13 13:34:19.333,file_write,174,f
0dd597c8-8b6e-41ca-a52a-380bc08739d8,1872a4af-edb3-462b-928e-87175cffb989,coder-01,5,2026-02-13 13:34:19.34,file_write,181,f
9480974e-c080-4fa6-8562-8c136b6c3df3,7ddb1664-c49f-4149-b1d0-bdbc66d3e8d9,coder-01,4,2026-02-13 13:34:19.347,file_write,189,f
efc30134-72ec-4417-9357-d57a254e3022,9b0cfc25-7061-46d3-8638-536e187036b3,coder-01,3,2026-02-13 13:34:19.354,file_write,196,f
77197bae-b8cf-46e2-9052-929ba2d70e60,5bcb439c-5e4c-45f2-9f0f-3a4f71faad1b,coder-01,1,2026-02-13 13:34:19.361,file_write,203,f
77b8f7c2-820f-4303-a75f-4c5b24f81ef3,2c620002-dbae-411c-b705-4132969172a6,coder-01,21,2026-02-13 13:34:21.729,shell_run,129,f
a4e94749-4d67-4d45-a32f-3f5d767693f7,d691b5cc-ee95-468c-a7b3-b1fc7dddacb6,coder-01,19,2026-02-13 13:34:21.736,shell_run,136,f
3f5dd164-a386-45a9-aeaf-7c1ca28fe087,51e1806c-04a2-4ec9-9269-d6b37791d7b2,coder-01,18,2026-02-13 13:34:21.743,shell_run,143,f
7b3dd2ee-1fd1-4b7d-9310-a565452a1223,1f6c5948-f701-484f-9f53-442ad4f0568b,coder-01,17,2026-02-13 13:34:21.751,shell_run,152,f
805b8825-717e-48e2-9b15-5f5ac8afc864,c69bd97d-79d8-4d53-aba4-e8d244a483ce,coder-01,16,2026-02-13 13:34:21.761,shell_run,160,f
a2459380-505a-4ecc-bc25-6c1c13ba72c4,7380129e-43fc-4faf-bc35-4980f8aef58d,coder-01,14,2026-02-13 13:34:21.769,shell_run,169,f
fe3588cb-d9d0-4e3a-81eb-917e5b59b0c9,4787668d-3ffd-4c72-b0dd-141b4696e4e7,coder-01,12,2026-02-13 13:34:21.778,shell_run,177,f
7d849fc6-5064-4f77-8a7f-d630a329527a,4145da05-bb58-4e6e-b175-3137923324e5,coder-01,11,2026-02-13 13:34:21.785,shell_run,185,f
ba235c3f-1d45-4a5e-94e0-875a9e727eb3,1578fe0f-6fef-4801-a01d-634228335dbf,coder-01,10,2026-02-13 13:34:21.793,shell_run,192,f
2e62f5b8-98e3-4f76-b9df-a67dde04f746,6f18b78e-7163-4b72-8c10-05fcdede899f,coder-01,9,2026-02-13 13:34:21.798,shell_run,198,f
74a7f6b9-a046-471c-9992-a5eeccc46b61,67674ed8-5076-44fa-af64-af531300e040,coder-01,8,2026-02-13 13:34:21.804,shell_run,204,f
0a92f768-9234-4759-ad89-9e5d80e0347a,1872a4af-edb3-462b-928e-87175cffb989,coder-01,6,2026-02-13 13:34:21.81,shell_run,209,f
c35fbd70-ed85-4cd1-8e29-0699a78ecd02,7ddb1664-c49f-4149-b1d0-bdbc66d3e8d9,coder-01,5,2026-02-13 13:34:21.815,shell_run,215,f
32fbb88b-7a6c-4500-8956-1889640ae934,9b0cfc25-7061-46d3-8638-536e187036b3,coder-01,4,2026-02-13 13:34:21.821,shell_run,221,f
381c065a-68ba-4b44-b8f6-6fbe3197531b,5bcb439c-5e4c-45f2-9f0f-3a4f71faad1b,coder-01,2,2026-02-13 13:34:21.827,shell_run,227,f
3ac89f64-784e-4110-b65a-a8e1142c01be,330dcf27-8d11-4270-9961-50b9f18dfd67,coder-01,44,2026-02-13 13:34:40.511,file_write,8,f
5cd12ca8-ed10-4846-9432-bb9792674da1,ca91b666-1665-4e4a-ae0a-c66abd413953,coder-01,42,2026-02-13 13:34:40.522,file_write,19,f
d8230a32-881b-44f4-a794-51a2e512ad73,e7fe4144-dbb4-4c1c-acf5-5442f30a6806,coder-01,41,2026-02-13 13:34:40.529,file_write,26,f
b065efe1-6b38-46b5-b62e-ffc98f3ed4f6,f7f88198-7fa6-49ed-97a2-e0f369dbc6f3,coder-01,40,2026-02-13 13:34:40.535,file_write,33,f
da81f1a3-0b4b-49de-b0a8-af7cea699344,20dc51ff-c823-4f2f-885b-da6c8c8abe94,coder-01,38,2026-02-13 13:34:40.543,file_write,40,f
abb6a3e9-c9ba-4b2d-913e-b9ac3238eaf9,b90aca7c-67a1-4da0-a771-ba1177190299,coder-01,37,2026-02-13 13:34:40.548,file_write,46,f
a0faa82a-0fc8-4f4d-b1ce-08bcdfdf05d7,76276ac4-f51c-419f-894d-160614e8b4a7,coder-01,35,2026-02-13 13:34:40.555,file_write,52,f
1d009691-25d4-489e-9368-f521ed4122e3,7dda3951-a206-43cc-b777-481409aab787,coder-01,33,2026-02-13 13:34:40.563,file_write,59,f
a77342e1-484e-47e4-8f0a-613196118ede,20e082ac-3d06-4f13-9abe-1d998e679d14,coder-01,31,2026-02-13 13:34:40.572,file_write,68,f
0eef2ae5-4a92-41da-87fe-6225f96cfcf2,ffb03d46-e6e5-47be-979f-bebdb7071a8d,coder-01,29,2026-02-13 13:34:40.579,file_write,76,f
85e1a978-190e-4c88-acaf-cbb3892a23f9,653ff79d-f3bd-4e42-90b2-219a227a063c,coder-01,27,2026-02-13 13:34:40.585,file_write,82,f
ed258fd0-3b90-489d-b9e2-caa9ce1052e2,c2dc4358-2b7c-4a29-a78b-1b9ae90aada1,coder-01,25,2026-02-13 13:34:40.594,file_write,90,f
c604c3e6-6748-449e-83ca-2c5b40ec5809,0bd32b96-79ab-4ca6-b503-e1d6b781ac55,coder-01,24,2026-02-13 13:34:40.601,file_write,98,f
b463d614-46ae-4e42-bf0a-71576708ac4e,97f94c83-9c2f-4b00-be57-a0d92ac01bf9,coder-01,23,2026-02-13 13:34:40.607,file_write,105,f
a18ae48b-b7c5-4d50-bd96-ae56ee46cdfe,2c620002-dbae-411c-b705-4132969172a6,coder-01,22,2026-02-13 13:34:40.614,file_write,112,f
3c81f064-cdaf-4a21-9683-903eb7b55a90,d691b5cc-ee95-468c-a7b3-b1fc7dddacb6,coder-01,20,2026-02-13 13:34:40.621,file_write,118,f
9c31f3de-7759-4876-8cb3-62bc2ad7205c,51e1806c-04a2-4ec9-9269-d6b37791d7b2,coder-01,19,2026-02-13 13:34:40.629,file_write,126,f
0737d1cd-5441-4b2d-9edd-b2411a5dddd2,1f6c5948-f701-484f-9f53-442ad4f0568b,coder-01,18,2026-02-13 13:34:40.638,file_write,134,f
622fdd14-cd7c-4369-ae7b-7a2c407d76e8,c69bd97d-79d8-4d53-aba4-e8d244a483ce,coder-01,17,2026-02-13 13:34:40.645,file_write,143,f
7a1cc9e7-c8d1-4a13-9170-baecedfe7399,7380129e-43fc-4faf-bc35-4980f8aef58d,coder-01,15,2026-02-13 13:34:40.652,file_write,150,f
291a3db0-cdd5-429f-b383-b6fb3ca572d9,4787668d-3ffd-4c72-b0dd-141b4696e4e7,coder-01,13,2026-02-13 13:34:40.658,file_write,156,f
a579607d-8722-4a4a-bce7-3070aad9445f,4145da05-bb58-4e6e-b175-3137923324e5,coder-01,12,2026-02-13 13:34:40.667,file_write,164,f
ca2bddba-4868-43b5-89cb-b8d18e96e743,1578fe0f-6fef-4801-a01d-634228335dbf,coder-01,11,2026-02-13 13:34:40.673,file_write,171,f
992a7857-b173-4d64-b67f-7dce6a2b3ee5,ca91b666-1665-4e4a-ae0a-c66abd413953,coder-01,46,2026-02-13 13:35:21.869,shell_run,29,f
d74f179a-9ed3-4e62-bdea-4bd805b698b8,6f18b78e-7163-4b72-8c10-05fcdede899f,coder-01,10,2026-02-13 13:34:40.68,file_write,178,f
2a46dfe4-ef46-4d5f-85f1-8b856a173aec,67674ed8-5076-44fa-af64-af531300e040,coder-01,9,2026-02-13 13:34:40.687,file_write,185,f
7c46856d-42a0-4019-b77f-416b5e396de8,1872a4af-edb3-462b-928e-87175cffb989,coder-01,7,2026-02-13 13:34:40.694,file_write,192,f
14ab2612-6aac-499c-b171-b3a51ee11186,7ddb1664-c49f-4149-b1d0-bdbc66d3e8d9,coder-01,6,2026-02-13 13:34:40.702,file_write,198,f
8e9b9b73-74c4-4dfb-a838-3c67b4404e3a,9b0cfc25-7061-46d3-8638-536e187036b3,coder-01,5,2026-02-13 13:34:40.71,file_write,207,f
40a2c5f2-4f34-46ec-bb7d-4cf31fb67695,5bcb439c-5e4c-45f2-9f0f-3a4f71faad1b,coder-01,3,2026-02-13 13:34:40.717,file_write,214,f
aa0afd10-7ac7-4942-8d50-b96df0618b01,e7867f5d-9660-4195-9b86-8878a91b0493,coder-01,1,2026-02-13 13:34:40.723,file_write,221,f
3a127b5e-7d3a-41fe-97a1-d29592e75700,330dcf27-8d11-4270-9961-50b9f18dfd67,coder-01,45,2026-02-13 13:34:43.248,shell_run,19,f
f7668a12-ae8d-4162-ad93-75734f30ddf0,ca91b666-1665-4e4a-ae0a-c66abd413953,coder-01,43,2026-02-13 13:34:43.255,shell_run,27,f
fc6e73cc-7c88-4cf0-a709-02fd2b8d846e,e7fe4144-dbb4-4c1c-acf5-5442f30a6806,coder-01,42,2026-02-13 13:34:43.263,shell_run,34,f
e5b5bb9d-7363-4d59-988d-a08adb48244f,f7f88198-7fa6-49ed-97a2-e0f369dbc6f3,coder-01,41,2026-02-13 13:34:43.27,shell_run,41,f
f7295c61-42de-46c4-86de-8777f6ec115f,20dc51ff-c823-4f2f-885b-da6c8c8abe94,coder-01,39,2026-02-13 13:34:43.276,shell_run,48,f
93327f5a-0098-4e8b-b60d-886eae607f81,b90aca7c-67a1-4da0-a771-ba1177190299,coder-01,38,2026-02-13 13:34:43.283,shell_run,55,f
0bd081b2-90f8-4349-95ed-cfb1a9829327,76276ac4-f51c-419f-894d-160614e8b4a7,coder-01,36,2026-02-13 13:34:43.289,shell_run,61,f
f37f8ec5-710c-4e63-9ba4-a7b796e4f66a,7dda3951-a206-43cc-b777-481409aab787,coder-01,34,2026-02-13 13:34:43.296,shell_run,67,f
3c83ec3e-d622-4f52-b829-7284d082aa33,20e082ac-3d06-4f13-9abe-1d998e679d14,coder-01,32,2026-02-13 13:34:43.303,shell_run,75,f
64dce521-13e7-4304-9a92-67c7a2ba3379,330dcf27-8d11-4270-9961-50b9f18dfd67,coder-01,47,2026-02-13 13:35:19.606,file_write,8,f
6bfd2ea8-1b8d-44af-ae49-228d3165d08c,ca91b666-1665-4e4a-ae0a-c66abd413953,coder-01,45,2026-02-13 13:35:19.615,file_write,16,f
852480a0-e5f7-4052-be0a-794060f99d93,e7fe4144-dbb4-4c1c-acf5-5442f30a6806,coder-01,44,2026-02-13 13:35:19.623,file_write,24,f
80a449d0-e4ee-43ee-b270-fbee540b9f60,f7f88198-7fa6-49ed-97a2-e0f369dbc6f3,coder-01,43,2026-02-13 13:35:19.63,file_write,32,f
43f15a84-7945-45a8-a36c-074f4546623d,20dc51ff-c823-4f2f-885b-da6c8c8abe94,coder-01,41,2026-02-13 13:35:19.636,file_write,39,f
9a118a34-35ea-40a8-b6a5-76d1964a2269,b90aca7c-67a1-4da0-a771-ba1177190299,coder-01,40,2026-02-13 13:35:19.643,file_write,45,f
1073295c-61d1-4b5a-9359-56a78403e610,76276ac4-f51c-419f-894d-160614e8b4a7,coder-01,38,2026-02-13 13:35:19.65,file_write,52,f
4f4ddc2e-bfa9-46ab-94fd-20ffad13bf2b,7dda3951-a206-43cc-b777-481409aab787,coder-01,36,2026-02-13 13:35:19.656,file_write,58,f
beb5a172-00e8-43d5-9e58-2061f672d71b,20e082ac-3d06-4f13-9abe-1d998e679d14,coder-01,34,2026-02-13 13:35:19.662,file_write,65,f
7e9bcd37-5d3b-443c-8f4c-7d5446b882ae,ffb03d46-e6e5-47be-979f-bebdb7071a8d,coder-01,32,2026-02-13 13:35:19.668,file_write,71,f
9851f1e9-ee98-4b53-ad57-d4c7f868d67a,653ff79d-f3bd-4e42-90b2-219a227a063c,coder-01,30,2026-02-13 13:35:19.676,file_write,78,f
437ae732-6c4a-4ab7-a884-f6fedf84acd2,c2dc4358-2b7c-4a29-a78b-1b9ae90aada1,coder-01,28,2026-02-13 13:35:19.683,file_write,85,f
d71be26c-a074-428e-866d-6cf2bb6bc5fa,0bd32b96-79ab-4ca6-b503-e1d6b781ac55,coder-01,27,2026-02-13 13:35:19.69,file_write,92,f
3364bc05-f8b2-405e-bc86-41b48365d074,97f94c83-9c2f-4b00-be57-a0d92ac01bf9,coder-01,26,2026-02-13 13:35:19.696,file_write,98,f
8d493daa-eab1-436c-bc70-371cc2b21100,2c620002-dbae-411c-b705-4132969172a6,coder-01,25,2026-02-13 13:35:19.704,file_write,105,f
617deaa8-b4a2-4d07-a6bd-d6dcc00e7fcf,d691b5cc-ee95-468c-a7b3-b1fc7dddacb6,coder-01,23,2026-02-13 13:35:19.711,file_write,113,f
1238d0a6-085a-47a0-b38d-3c636b8dbdd6,e7fe4144-dbb4-4c1c-acf5-5442f30a6806,coder-01,45,2026-02-13 13:35:21.877,shell_run,37,f
9241c2e0-0774-4d4c-a329-84cd7e3ba3d3,51e1806c-04a2-4ec9-9269-d6b37791d7b2,coder-01,22,2026-02-13 13:35:19.719,file_write,121,f
eb5f3425-133f-4a6c-a9ea-200083ec46ac,1f6c5948-f701-484f-9f53-442ad4f0568b,coder-01,21,2026-02-13 13:35:19.726,file_write,129,f
dd3fc0ed-8ffe-429a-b0d3-8e1c195e47ac,c69bd97d-79d8-4d53-aba4-e8d244a483ce,coder-01,20,2026-02-13 13:35:19.733,file_write,135,f
07f1eda2-e650-46b1-880c-9591bcf9875a,7380129e-43fc-4faf-bc35-4980f8aef58d,coder-01,18,2026-02-13 13:35:19.741,file_write,142,f
8be6b5e4-c2e7-40af-9cbc-8e4ffa8240fa,4787668d-3ffd-4c72-b0dd-141b4696e4e7,coder-01,16,2026-02-13 13:35:19.748,file_write,150,f
f7b59103-503b-427b-8905-85a24f230240,4145da05-bb58-4e6e-b175-3137923324e5,coder-01,15,2026-02-13 13:35:19.754,file_write,157,f
7799aad7-7bb3-428b-a278-80d49874f810,1578fe0f-6fef-4801-a01d-634228335dbf,coder-01,14,2026-02-13 13:35:19.761,file_write,163,f
a2003f5a-17e2-4c3a-a4d2-0874b262d519,6f18b78e-7163-4b72-8c10-05fcdede899f,coder-01,13,2026-02-13 13:35:19.767,file_write,170,f
7de50aac-672c-4a37-85ab-b521bcebe533,67674ed8-5076-44fa-af64-af531300e040,coder-01,12,2026-02-13 13:35:19.773,file_write,176,f
c480b58b-161d-4ebb-bef7-ed4a00761101,1872a4af-edb3-462b-928e-87175cffb989,coder-01,10,2026-02-13 13:35:19.781,file_write,182,f
69796856-f59b-4595-a2cf-b9432b512a20,7ddb1664-c49f-4149-b1d0-bdbc66d3e8d9,coder-01,9,2026-02-13 13:35:19.789,file_write,191,f
9b62f3c9-bca1-4825-8d0a-ee1d36a43512,9b0cfc25-7061-46d3-8638-536e187036b3,coder-01,8,2026-02-13 13:35:19.796,file_write,198,f
9395caec-1ac0-400e-b876-f1f12074482e,5bcb439c-5e4c-45f2-9f0f-3a4f71faad1b,coder-01,6,2026-02-13 13:35:19.803,file_write,206,f
65596f5b-f2d9-4ae4-9532-fbdc420d2148,e7867f5d-9660-4195-9b86-8878a91b0493,coder-01,4,2026-02-13 13:35:19.81,file_write,212,f
11b7592b-0d20-4b2a-9555-24343b88101e,35a6904b-f51e-4605-9755-48d65f4cfc34,coder-01,2,2026-02-13 13:35:19.818,file_write,220,f
09d7df1e-3057-4bef-abf6-59bba57d68ad,35e9e553-c806-4378-927e-51e51215eba4,coder-01,1,2026-02-13 13:35:19.825,file_write,227,f
0d20a704-9289-4826-b2fa-85d1f5476ea3,330dcf27-8d11-4270-9961-50b9f18dfd67,coder-01,48,2026-02-13 13:35:21.858,shell_run,18,f
039de87c-a9c0-4f5b-b613-50198e071241,f7f88198-7fa6-49ed-97a2-e0f369dbc6f3,coder-01,44,2026-02-13 13:35:21.885,shell_run,46,f
ff057c36-5af0-46d1-b55e-3e814294eb4b,20dc51ff-c823-4f2f-885b-da6c8c8abe94,coder-01,42,2026-02-13 13:35:21.893,shell_run,53,f
9bfa2c36-af8d-4333-80c1-58218a79eb12,b90aca7c-67a1-4da0-a771-ba1177190299,coder-01,41,2026-02-13 13:35:21.9,shell_run,61,f
030f8430-4b98-41aa-8ebd-12b7ba14ae27,76276ac4-f51c-419f-894d-160614e8b4a7,coder-01,39,2026-02-13 13:35:21.907,shell_run,68,f
f326aa11-7889-4696-9549-0efab0c2710b,7dda3951-a206-43cc-b777-481409aab787,coder-01,37,2026-02-13 13:35:21.914,shell_run,75,f
9e6ba9ea-fd58-4678-af17-146a211b49f9,20e082ac-3d06-4f13-9abe-1d998e679d14,coder-01,35,2026-02-13 13:35:21.921,shell_run,82,f
d13f577d-077d-4791-9b67-6f1adf7502fa,ffb03d46-e6e5-47be-979f-bebdb7071a8d,coder-01,33,2026-02-13 13:35:21.928,shell_run,89,f
2ddd15bb-e2e0-4e4e-b6e3-7228def415c0,653ff79d-f3bd-4e42-90b2-219a227a063c,coder-01,31,2026-02-13 13:35:21.935,shell_run,96,f
72f2d3f5-c954-42d7-b47a-e214ef57203f,c2dc4358-2b7c-4a29-a78b-1b9ae90aada1,coder-01,29,2026-02-13 13:35:21.941,shell_run,103,f
45f36e09-7124-4efe-b759-2c4225c5dcbb,0bd32b96-79ab-4ca6-b503-e1d6b781ac55,coder-01,28,2026-02-13 13:35:21.948,shell_run,109,f
67ea19aa-4f5d-4919-9a47-a6c4b470a85a,97f94c83-9c2f-4b00-be57-a0d92ac01bf9,coder-01,27,2026-02-13 13:35:21.955,shell_run,116,f
67bf6bd3-96a2-488c-bfdc-856c1495f862,2c620002-dbae-411c-b705-4132969172a6,coder-01,26,2026-02-13 13:35:21.962,shell_run,123,f
48888e6b-b022-4a01-bdc6-4fb882e2e40a,d691b5cc-ee95-468c-a7b3-b1fc7dddacb6,coder-01,24,2026-02-13 13:35:21.969,shell_run,130,f
0fb6288b-d6ff-48a1-9f4d-2fa40b73f598,51e1806c-04a2-4ec9-9269-d6b37791d7b2,coder-01,23,2026-02-13 13:35:21.976,shell_run,137,f
0ffa9d2c-ed23-4a4d-aaaa-7eee163d2602,1f6c5948-f701-484f-9f53-442ad4f0568b,coder-01,22,2026-02-13 13:35:21.983,shell_run,144,f
0bde94a1-0a21-4af0-9f71-4546cf9889cc,c69bd97d-79d8-4d53-aba4-e8d244a483ce,coder-01,21,2026-02-13 13:35:21.99,shell_run,152,f
93b5d60c-be3b-4b6f-8bdd-ca10e9a0309e,7380129e-43fc-4faf-bc35-4980f8aef58d,coder-01,19,2026-02-13 13:35:22,shell_run,160,f
4b6c1a75-d00f-4c2f-be47-6d55a8bac624,4787668d-3ffd-4c72-b0dd-141b4696e4e7,coder-01,17,2026-02-13 13:35:22.01,shell_run,171,f
586392aa-8011-400d-864f-20885ebbb421,4145da05-bb58-4e6e-b175-3137923324e5,coder-01,16,2026-02-13 13:35:22.018,shell_run,179,f
8a82053e-6be9-46ae-8723-6f0b98131991,1578fe0f-6fef-4801-a01d-634228335dbf,coder-01,15,2026-02-13 13:35:22.026,shell_run,187,f
9f128114-027b-440d-8f64-c6bf78103474,6f18b78e-7163-4b72-8c10-05fcdede899f,coder-01,14,2026-02-13 13:35:22.033,shell_run,194,f
948d017b-e9c4-431f-82ff-6836c693d32d,67674ed8-5076-44fa-af64-af531300e040,coder-01,13,2026-02-13 13:35:22.039,shell_run,200,f
e856b4a1-46ad-4593-9d1e-460a99684b76,1872a4af-edb3-462b-928e-87175cffb989,coder-01,11,2026-02-13 13:35:22.045,shell_run,206,f
a214a484-ee0f-42ea-af88-717211824453,7ddb1664-c49f-4149-b1d0-bdbc66d3e8d9,coder-01,10,2026-02-13 13:35:22.052,shell_run,212,f
38381554-f073-4e69-aeec-1986d0faf027,9b0cfc25-7061-46d3-8638-536e187036b3,coder-01,9,2026-02-13 13:35:22.061,shell_run,221,f
c0709e2a-95e4-4172-a703-67f112d1609e,5bcb439c-5e4c-45f2-9f0f-3a4f71faad1b,coder-01,7,2026-02-13 13:35:22.066,shell_run,227,f
ad92050a-cecf-4c84-aa9c-bc4a2a90f29f,e7867f5d-9660-4195-9b86-8878a91b0493,coder-01,5,2026-02-13 13:35:22.072,shell_run,233,f
78632859-d2ec-4500-ab12-a85513d0fab4,35a6904b-f51e-4605-9755-48d65f4cfc34,coder-01,3,2026-02-13 13:35:22.079,shell_run,239,f
5b999da8-138a-49ba-966b-aab9f37475c8,35e9e553-c806-4378-927e-51e51215eba4,coder-01,2,2026-02-13 13:35:22.087,shell_run,247,f
186b3a6c-2edb-4068-be65-25b7b164bef1,330dcf27-8d11-4270-9961-50b9f18dfd67,coder-01,49,2026-02-13 13:35:37.611,file_write,7,f
13511ec3-7770-4eb3-af39-78e2993cd6d1,ca91b666-1665-4e4a-ae0a-c66abd413953,coder-01,47,2026-02-13 13:35:37.624,file_write,20,f
098fb2f0-34ee-4641-8e66-f42bd0767c87,e7fe4144-dbb4-4c1c-acf5-5442f30a6806,coder-01,46,2026-02-13 13:35:37.635,file_write,31,f
399f7a32-1332-4391-b097-2b18b1bc2593,f401a6ad-3987-45bb-81b4-9ef0a75945f4,coder-01,6,2026-02-14 20:10:13.922,file_write,31,f
5be7a8b5-9925-4c86-bdb4-692b83f8dfad,f7f88198-7fa6-49ed-97a2-e0f369dbc6f3,coder-01,45,2026-02-13 13:35:37.643,file_write,39,f
3517aba0-3a1b-42af-bec7-15ba3b901c92,20dc51ff-c823-4f2f-885b-da6c8c8abe94,coder-01,43,2026-02-13 13:35:37.652,file_write,48,f
24a26d55-a30b-45ce-be6e-6b8d25733f73,b90aca7c-67a1-4da0-a771-ba1177190299,coder-01,42,2026-02-13 13:35:37.661,file_write,57,f
1de4e8c2-fdc9-4c4d-9249-2075eb6c3db7,76276ac4-f51c-419f-894d-160614e8b4a7,coder-01,40,2026-02-13 13:35:37.673,file_write,68,f
bd8e10f8-b232-49a5-a0f8-3a8c59c2b329,7dda3951-a206-43cc-b777-481409aab787,coder-01,38,2026-02-13 13:35:37.681,file_write,78,f
a9a57238-c0b8-440c-9608-368c4e54a5e7,20e082ac-3d06-4f13-9abe-1d998e679d14,coder-01,36,2026-02-13 13:35:37.69,file_write,86,f
650b9d7d-b4c7-4a5c-aee8-7f1beed29e26,ffb03d46-e6e5-47be-979f-bebdb7071a8d,coder-01,34,2026-02-13 13:35:37.698,file_write,95,f
164284e3-9568-453f-a07b-24c92e0174c4,653ff79d-f3bd-4e42-90b2-219a227a063c,coder-01,32,2026-02-13 13:35:37.706,file_write,102,f
0247517c-5493-4b87-b373-b0cd3b2cc7a4,c2dc4358-2b7c-4a29-a78b-1b9ae90aada1,coder-01,30,2026-02-13 13:35:37.713,file_write,110,f
36a74d8e-afb8-4107-9610-95773ab95185,0bd32b96-79ab-4ca6-b503-e1d6b781ac55,coder-01,29,2026-02-13 13:35:37.721,file_write,117,f
a06de14a-0c85-4234-9eed-6163c651518c,97f94c83-9c2f-4b00-be57-a0d92ac01bf9,coder-01,28,2026-02-13 13:35:37.728,file_write,125,f
97de6ef6-bb51-4ce3-914d-416e2aff06b7,2c620002-dbae-411c-b705-4132969172a6,coder-01,27,2026-02-13 13:35:37.741,file_write,134,f
f23f8f8d-1e46-4d6e-95b2-43407accbb81,d691b5cc-ee95-468c-a7b3-b1fc7dddacb6,coder-01,25,2026-02-13 13:35:37.748,file_write,145,f
f760bd53-96ad-4280-9136-b72a292d0e2a,51e1806c-04a2-4ec9-9269-d6b37791d7b2,coder-01,24,2026-02-13 13:35:37.755,file_write,152,f
4535bc20-4ca3-4277-88c1-2cf9a8f8946f,1f6c5948-f701-484f-9f53-442ad4f0568b,coder-01,23,2026-02-13 13:35:37.762,file_write,159,f
5b5e7258-a209-4806-b04d-418e353080e2,c69bd97d-79d8-4d53-aba4-e8d244a483ce,coder-01,22,2026-02-13 13:35:37.771,file_write,168,f
6e2c23f6-b6da-4b05-8547-bafa5fbf2c57,7380129e-43fc-4faf-bc35-4980f8aef58d,coder-01,20,2026-02-13 13:35:37.781,file_write,177,f
50cec283-5e86-42a6-b6fd-b6d9b44ebf3e,4787668d-3ffd-4c72-b0dd-141b4696e4e7,coder-01,18,2026-02-13 13:35:37.789,file_write,186,f
e3cf93b2-eba1-4f56-a7ce-ae18a022f0aa,4145da05-bb58-4e6e-b175-3137923324e5,coder-01,17,2026-02-13 13:35:37.798,file_write,195,f
c5553e1d-1cfe-4950-a99c-52c3be7dde78,1578fe0f-6fef-4801-a01d-634228335dbf,coder-01,16,2026-02-13 13:35:37.805,file_write,203,f
bdae6123-bb0d-4739-ad48-cb4956842476,6f18b78e-7163-4b72-8c10-05fcdede899f,coder-01,15,2026-02-13 13:35:37.815,file_write,212,f
75c676b6-30bd-4f16-8ea0-e556661f4395,67674ed8-5076-44fa-af64-af531300e040,coder-01,14,2026-02-13 13:35:37.82,file_write,217,f
b16fdbd0-28ee-43e1-9406-7dff02ffa231,1872a4af-edb3-462b-928e-87175cffb989,coder-01,12,2026-02-13 13:35:37.826,file_write,223,f
575a8551-2dc3-4546-bbe0-17331164b0f3,7ddb1664-c49f-4149-b1d0-bdbc66d3e8d9,coder-01,11,2026-02-13 13:35:37.833,file_write,229,f
cd0aeca1-f352-4671-bf41-d5147573aecf,9b0cfc25-7061-46d3-8638-536e187036b3,coder-01,10,2026-02-13 13:35:37.838,file_write,235,f
b93fadf4-7d7f-4121-88bc-3388f1b5df87,5bcb439c-5e4c-45f2-9f0f-3a4f71faad1b,coder-01,8,2026-02-13 13:35:37.846,file_write,242,f
47133b79-b6f8-447a-bcf1-ee5668a02b1e,e7867f5d-9660-4195-9b86-8878a91b0493,coder-01,6,2026-02-13 13:35:37.854,file_write,250,f
e8cffc27-3346-4b09-bb88-2071f9f000d7,35a6904b-f51e-4605-9755-48d65f4cfc34,coder-01,4,2026-02-13 13:35:37.865,file_write,260,f
f767f1d8-ccbd-4d05-8749-9e88b47e4c60,35e9e553-c806-4378-927e-51e51215eba4,coder-01,3,2026-02-13 13:35:37.874,file_write,270,f
7d918533-9c2b-413b-81f1-5a8bcf79c26e,e0bf0981-f108-4a2f-bc96-299c5949e852,coder-01,1,2026-02-13 13:35:37.881,file_write,277,f
76c47ada-1706-4046-bf48-1517bb41ed0d,330dcf27-8d11-4270-9961-50b9f18dfd67,coder-01,50,2026-02-13 13:35:51.832,file_write,8,f
8d5b5320-00bf-4227-be35-1e5b933a7a14,330dcf27-8d11-4270-9961-50b9f18dfd67,coder-01,54,2026-02-13 13:36:28.74,file_write,7,f
02ba4b7d-aeb5-486b-82a3-c70a180ed421,ca91b666-1665-4e4a-ae0a-c66abd413953,coder-01,52,2026-02-13 13:36:28.752,file_write,20,f
df383c36-4b6b-4d04-91cc-09d13e919c70,e7fe4144-dbb4-4c1c-acf5-5442f30a6806,coder-01,51,2026-02-13 13:36:28.758,file_write,27,f
3db05429-84a1-4d2b-a335-4f7eb380eb40,f7f88198-7fa6-49ed-97a2-e0f369dbc6f3,coder-01,50,2026-02-13 13:36:28.765,file_write,33,f
071d64ae-69f8-45ac-85f5-1d4cd7e292aa,20dc51ff-c823-4f2f-885b-da6c8c8abe94,coder-01,48,2026-02-13 13:36:28.773,file_write,42,f
2555eada-3faa-4419-810a-3b186e61f96f,b90aca7c-67a1-4da0-a771-ba1177190299,coder-01,47,2026-02-13 13:36:28.78,file_write,49,f
dc2273b1-9c1c-4a68-bbf1-dc00bacc97b0,76276ac4-f51c-419f-894d-160614e8b4a7,coder-01,45,2026-02-13 13:36:28.787,file_write,56,f
d61a28de-5229-42e6-a22f-ed524f220b8b,7dda3951-a206-43cc-b777-481409aab787,coder-01,43,2026-02-13 13:36:28.793,file_write,62,f
3c86531e-c909-4e78-8673-cb4aa710b304,20e082ac-3d06-4f13-9abe-1d998e679d14,coder-01,41,2026-02-13 13:36:28.801,file_write,69,f
6399e321-389c-45df-9299-50cd7e76e8a5,ffb03d46-e6e5-47be-979f-bebdb7071a8d,coder-01,39,2026-02-13 13:36:28.807,file_write,77,f
cb4d49a6-79f1-44fd-b6b4-a783d3ffdce9,653ff79d-f3bd-4e42-90b2-219a227a063c,coder-01,37,2026-02-13 13:36:28.814,file_write,83,f
bdce1b9f-df50-4099-b61d-b1cfca4df30d,c2dc4358-2b7c-4a29-a78b-1b9ae90aada1,coder-01,35,2026-02-13 13:36:28.821,file_write,90,f
1f7f8425-6e6b-408b-930f-460574fd8e21,0bd32b96-79ab-4ca6-b503-e1d6b781ac55,coder-01,34,2026-02-13 13:36:28.829,file_write,98,f
6e0da5e0-8ebb-4f88-bd50-31dc6db85b6a,97f94c83-9c2f-4b00-be57-a0d92ac01bf9,coder-01,33,2026-02-13 13:36:28.835,file_write,104,f
c32c8e9f-b07a-4728-a709-b606550445b3,2c620002-dbae-411c-b705-4132969172a6,coder-01,32,2026-02-13 13:36:28.843,file_write,112,f
704dc099-0ca1-4216-8c42-9c2229f9a883,d691b5cc-ee95-468c-a7b3-b1fc7dddacb6,coder-01,30,2026-02-13 13:36:28.849,file_write,118,f
70dfea3e-be1f-416b-8750-617764aa85f5,51e1806c-04a2-4ec9-9269-d6b37791d7b2,coder-01,29,2026-02-13 13:36:28.855,file_write,125,f
8a3b6605-9cff-49e1-94f0-726548bfa4bb,1f6c5948-f701-484f-9f53-442ad4f0568b,coder-01,28,2026-02-13 13:36:28.862,file_write,131,f
98baa111-f4a5-4d9a-a62e-112a663b76b5,c69bd97d-79d8-4d53-aba4-e8d244a483ce,coder-01,27,2026-02-13 13:36:28.869,file_write,138,f
e74f0dae-de15-4af5-a3fa-0e814319facb,7380129e-43fc-4faf-bc35-4980f8aef58d,coder-01,25,2026-02-13 13:36:28.874,file_write,144,f
86ee9e27-1c0c-49cc-a6ab-33e32baf81a4,4787668d-3ffd-4c72-b0dd-141b4696e4e7,coder-01,23,2026-02-13 13:36:28.881,file_write,150,f
e8627dd6-0700-4642-adc4-e24845bdca8d,4145da05-bb58-4e6e-b175-3137923324e5,coder-01,22,2026-02-13 13:36:28.887,file_write,156,f
3267bcb5-4b60-4a92-979c-ba75db2521d3,ffb03d46-e6e5-47be-979f-bebdb7071a8d,coder-01,41,2026-02-13 13:37:15.18,file_write,97,f
10f21e21-05b5-4494-ae7b-a16500bd0e59,1578fe0f-6fef-4801-a01d-634228335dbf,coder-01,21,2026-02-13 13:36:28.893,file_write,162,f
49662392-d35c-4dd1-98f0-acffc7e284ea,6f18b78e-7163-4b72-8c10-05fcdede899f,coder-01,20,2026-02-13 13:36:28.899,file_write,168,f
774a3a72-109e-4458-92ce-b1b8104889d9,67674ed8-5076-44fa-af64-af531300e040,coder-01,19,2026-02-13 13:36:28.904,file_write,174,f
fa5e28a0-c823-4a50-9356-84e17dac7889,1872a4af-edb3-462b-928e-87175cffb989,coder-01,17,2026-02-13 13:36:28.911,file_write,180,f
700c12b4-2df4-4222-af09-6029d64a5347,7ddb1664-c49f-4149-b1d0-bdbc66d3e8d9,coder-01,16,2026-02-13 13:36:28.918,file_write,187,f
e2db82fe-f73c-4a54-8102-af46ae3f3548,9b0cfc25-7061-46d3-8638-536e187036b3,coder-01,15,2026-02-13 13:36:28.925,file_write,194,f
f45e2bd0-3b0a-4389-97ef-0470a364ff83,5bcb439c-5e4c-45f2-9f0f-3a4f71faad1b,coder-01,13,2026-02-13 13:36:28.931,file_write,201,f
889e8364-baeb-4073-90d8-a79294e4c742,e7867f5d-9660-4195-9b86-8878a91b0493,coder-01,11,2026-02-13 13:36:28.937,file_write,206,f
fca2d788-19f4-48a0-aa24-350466186bf4,35a6904b-f51e-4605-9755-48d65f4cfc34,coder-01,9,2026-02-13 13:36:28.944,file_write,213,f
9472b68e-6627-4b31-ac9f-076553252fdf,35e9e553-c806-4378-927e-51e51215eba4,coder-01,8,2026-02-13 13:36:28.95,file_write,219,f
953433e1-584f-4ef2-a890-23e779d0b84b,e0bf0981-f108-4a2f-bc96-299c5949e852,coder-01,6,2026-02-13 13:36:28.956,file_write,225,f
86b0edb5-6ff1-4016-be0b-906a43b8309f,653ff79d-f3bd-4e42-90b2-219a227a063c,coder-01,39,2026-02-13 13:37:15.189,file_write,105,f
a577204a-3e38-4b70-a2f6-4e67d8344c04,639b0f23-2b4b-4c1c-a1b7-9635199403b8,coder-01,5,2026-02-13 13:36:28.963,file_write,232,f
ee0f187a-4c70-4242-9f54-6beafe2b82a4,1052aeb5-1a94-4760-96cf-f0c12f887a58,coder-01,4,2026-02-13 13:36:28.97,file_write,238,f
60faecb5-8a96-4d8e-8e43-66343cce1d81,1052aeb5-1a94-4760-96cf-f0c12f887a58,coder-01,5,2026-02-13 13:36:39.817,"the action to take, only one name of [file_read, file_write, file_edit, file_list, shell_run, code_search, find_file], just the name, exactly as it's written.",,f
906e3c6b-81fe-4071-9910-4759d02f2af1,1052aeb5-1a94-4760-96cf-f0c12f887a58,coder-01,6,2026-02-13 13:36:39.824,unknown,,f
1b5cc0a8-ee5e-46b5-a492-09dc82e74a50,1052aeb5-1a94-4760-96cf-f0c12f887a58,coder-01,1,2026-02-13 13:36:39.832,file_write,112,f
223954dc-988e-46e0-be36-8e1bded5486a,1052aeb5-1a94-4760-96cf-f0c12f887a58,coder-01,2,2026-02-13 13:36:39.839,shell_run,93,f
54321557-1d4a-4031-8b9d-0947d68ede51,1052aeb5-1a94-4760-96cf-f0c12f887a58,coder-01,3,2026-02-13 13:36:39.845,find_file,202,f
7d8fee11-3bac-4d85-a6cc-a5b7d82ddc4f,330dcf27-8d11-4270-9961-50b9f18dfd67,coder-01,55,2026-02-13 13:36:54.96,file_write,8,f
ac07e27f-a7b1-4bfb-9ca7-1f9e4c6bf545,ca91b666-1665-4e4a-ae0a-c66abd413953,coder-01,53,2026-02-13 13:36:54.973,file_write,21,f
64cb9a63-619b-41c2-83d1-b957ac1786f6,e7fe4144-dbb4-4c1c-acf5-5442f30a6806,coder-01,52,2026-02-13 13:36:54.981,file_write,29,f
523f3319-5c78-4177-b41c-952383444a35,f7f88198-7fa6-49ed-97a2-e0f369dbc6f3,coder-01,51,2026-02-13 13:36:54.988,file_write,37,f
82331fe3-bdd2-4538-bb92-2a5f2ba349fd,20dc51ff-c823-4f2f-885b-da6c8c8abe94,coder-01,49,2026-02-13 13:36:54.995,file_write,44,f
2d47d6af-ce70-4f34-9b31-80f222e9f545,b90aca7c-67a1-4da0-a771-ba1177190299,coder-01,48,2026-02-13 13:36:55.003,file_write,52,f
5107f9d0-cfca-4111-a254-03e5a49f1df2,76276ac4-f51c-419f-894d-160614e8b4a7,coder-01,46,2026-02-13 13:36:55.011,file_write,60,f
0946c86a-51b4-4f97-abff-e69418866eaf,c2dc4358-2b7c-4a29-a78b-1b9ae90aada1,coder-01,37,2026-02-13 13:37:15.2,file_write,115,f
4d5bc53f-7db7-4738-9a55-8fd104f50357,7dda3951-a206-43cc-b777-481409aab787,coder-01,44,2026-02-13 13:36:55.017,file_write,67,f
22ef3d06-a1a4-4287-9faf-f52c5e4c45b3,20e082ac-3d06-4f13-9abe-1d998e679d14,coder-01,42,2026-02-13 13:36:55.025,file_write,74,f
e2d95356-a442-4a6c-8b40-2017b525ec14,ffb03d46-e6e5-47be-979f-bebdb7071a8d,coder-01,40,2026-02-13 13:36:55.032,file_write,82,f
d854a836-3b1c-4f51-8219-f4fe14a4d204,653ff79d-f3bd-4e42-90b2-219a227a063c,coder-01,38,2026-02-13 13:36:55.042,file_write,90,f
492a586c-e502-474a-bbfc-d9e9a9fcd4e6,c2dc4358-2b7c-4a29-a78b-1b9ae90aada1,coder-01,36,2026-02-13 13:36:55.048,file_write,98,f
4025f5de-d49d-4e68-92ae-1fa39985b6d9,0bd32b96-79ab-4ca6-b503-e1d6b781ac55,coder-01,35,2026-02-13 13:36:55.056,file_write,105,f
c07b5d2e-11d5-4ba2-9838-be5b13c2ae13,97f94c83-9c2f-4b00-be57-a0d92ac01bf9,coder-01,34,2026-02-13 13:36:55.067,file_write,115,f
431d7cd2-baf3-4120-8829-9eb75594f872,2c620002-dbae-411c-b705-4132969172a6,coder-01,33,2026-02-13 13:36:55.076,file_write,125,f
a48fede2-a5ab-4e22-a2e3-7c800c9a4bd5,d691b5cc-ee95-468c-a7b3-b1fc7dddacb6,coder-01,31,2026-02-13 13:36:55.084,file_write,133,f
b5151980-1803-45f8-b288-d6923e803a1d,51e1806c-04a2-4ec9-9269-d6b37791d7b2,coder-01,30,2026-02-13 13:36:55.093,file_write,142,f
db21c4bb-942f-48d3-a43d-08a4c05f0e5f,1f6c5948-f701-484f-9f53-442ad4f0568b,coder-01,29,2026-02-13 13:36:55.102,file_write,151,f
97b17129-4112-4c87-a43c-2a41e8bbefa3,c69bd97d-79d8-4d53-aba4-e8d244a483ce,coder-01,28,2026-02-13 13:36:55.112,file_write,160,f
ddb4cf18-a326-40e5-8c80-27c4f3c41f1b,b90aca7c-67a1-4da0-a771-ba1177190299,coder-01,51,2026-02-13 13:37:31.65,shell_run,43,f
fe4c51b0-442b-4287-ab0e-6798af4963f4,7380129e-43fc-4faf-bc35-4980f8aef58d,coder-01,26,2026-02-13 13:36:55.121,file_write,169,f
07995d85-0371-4626-952e-f1d2335a1fed,4787668d-3ffd-4c72-b0dd-141b4696e4e7,coder-01,24,2026-02-13 13:36:55.13,file_write,179,f
864a518d-cee3-4f25-adb7-5f5ff0382c25,4145da05-bb58-4e6e-b175-3137923324e5,coder-01,23,2026-02-13 13:36:55.141,file_write,189,f
4decbb03-9810-4b52-bfcd-9647447bf87e,1578fe0f-6fef-4801-a01d-634228335dbf,coder-01,22,2026-02-13 13:36:55.148,file_write,197,f
58e1c864-d2d2-48a6-88d0-67d1c9111f13,6f18b78e-7163-4b72-8c10-05fcdede899f,coder-01,21,2026-02-13 13:36:55.156,file_write,206,f
2284c3b6-8a5a-4223-bf21-b054ddda95fb,67674ed8-5076-44fa-af64-af531300e040,coder-01,20,2026-02-13 13:36:55.165,file_write,214,f
2bdd43b7-ebef-4995-a032-6a3ab4c3248d,1872a4af-edb3-462b-928e-87175cffb989,coder-01,18,2026-02-13 13:36:55.173,file_write,222,f
645040a5-261c-40c4-87af-82d217b3738b,7ddb1664-c49f-4149-b1d0-bdbc66d3e8d9,coder-01,17,2026-02-13 13:36:55.181,file_write,230,f
10433113-0adf-4a54-8c9b-528ea8a7994a,9b0cfc25-7061-46d3-8638-536e187036b3,coder-01,16,2026-02-13 13:36:55.188,file_write,238,f
2d393a5d-0b8e-45af-bcf8-a505c7d4f3ae,5bcb439c-5e4c-45f2-9f0f-3a4f71faad1b,coder-01,14,2026-02-13 13:36:55.196,file_write,245,f
a3abf99d-421d-4969-a291-f38c72be7d85,e7867f5d-9660-4195-9b86-8878a91b0493,coder-01,12,2026-02-13 13:36:55.202,file_write,252,f
5ee80808-41fd-43e2-955c-c84a1aa59d0c,35a6904b-f51e-4605-9755-48d65f4cfc34,coder-01,10,2026-02-13 13:36:55.211,file_write,259,f
203450e8-4dd9-4cdf-8570-bd521938cf1a,76276ac4-f51c-419f-894d-160614e8b4a7,coder-01,49,2026-02-13 13:37:31.658,shell_run,52,f
9fa5930d-d325-4878-851e-7b5f28b28139,35e9e553-c806-4378-927e-51e51215eba4,coder-01,9,2026-02-13 13:36:55.218,file_write,268,f
1d30da8b-ab35-4089-a7e1-4e54893eabaa,e0bf0981-f108-4a2f-bc96-299c5949e852,coder-01,7,2026-02-13 13:36:55.226,file_write,275,f
375f489c-ae5a-4241-86b9-cee81048949b,639b0f23-2b4b-4c1c-a1b7-9635199403b8,coder-01,6,2026-02-13 13:36:55.233,file_write,283,f
f23550cc-c139-4eed-b17c-1dc132241fbe,1052aeb5-1a94-4760-96cf-f0c12f887a58,coder-01,7,2026-02-13 13:36:55.24,file_write,289,f
ab1629a5-9942-40ef-aeb4-8eed4a9801ad,fe6dde2e-aaa2-4f41-8260-be9a3cc7daa3,coder-01,1,2026-02-13 13:36:55.248,file_write,298,f
bdd898a9-27a7-4a5c-b3f6-86cf4f799eca,330dcf27-8d11-4270-9961-50b9f18dfd67,coder-01,56,2026-02-13 13:37:15.09,file_write,6,f
b3472fe2-aa99-434e-9194-47b2a0b068b8,ca91b666-1665-4e4a-ae0a-c66abd413953,coder-01,54,2026-02-13 13:37:15.115,file_write,32,f
7bd51844-76ed-4c1f-80cb-748bfd8ac22b,e7fe4144-dbb4-4c1c-acf5-5442f30a6806,coder-01,53,2026-02-13 13:37:15.124,file_write,40,f
cf351ff1-0e82-4af7-99a2-48a653a9c116,f7f88198-7fa6-49ed-97a2-e0f369dbc6f3,coder-01,52,2026-02-13 13:37:15.133,file_write,49,f
337c7221-9382-4b1a-b844-ffb9359982bf,20dc51ff-c823-4f2f-885b-da6c8c8abe94,coder-01,50,2026-02-13 13:37:15.143,file_write,60,f
c102ea25-917a-4c81-b6b4-5c80ec6c7713,b90aca7c-67a1-4da0-a771-ba1177190299,coder-01,49,2026-02-13 13:37:15.151,file_write,68,f
3a69250b-7864-4a3f-ba5c-21cd9dc3c3b8,76276ac4-f51c-419f-894d-160614e8b4a7,coder-01,47,2026-02-13 13:37:15.158,file_write,75,f
86fca7af-80ef-437c-82ed-d8a5eb2d5f3f,7dda3951-a206-43cc-b777-481409aab787,coder-01,45,2026-02-13 13:37:15.165,file_write,82,f
564c5671-cdfc-4bd2-894d-60800482029d,20e082ac-3d06-4f13-9abe-1d998e679d14,coder-01,43,2026-02-13 13:37:15.173,file_write,90,f
0a7d9489-24e4-43b2-843e-6189c4423e64,0bd32b96-79ab-4ca6-b503-e1d6b781ac55,coder-01,36,2026-02-13 13:37:15.209,file_write,125,f
c2f962d6-5870-4b22-8c3a-4659d2dd6987,97f94c83-9c2f-4b00-be57-a0d92ac01bf9,coder-01,35,2026-02-13 13:37:15.22,file_write,136,f
89924bc9-fead-4936-9186-d8c177e5b19d,2c620002-dbae-411c-b705-4132969172a6,coder-01,34,2026-02-13 13:37:15.23,file_write,147,f
a4c1576c-e07b-418f-8146-281ad89e608a,d691b5cc-ee95-468c-a7b3-b1fc7dddacb6,coder-01,32,2026-02-13 13:37:15.238,file_write,155,f
95fdadc2-05d1-40be-9837-bdb8a723797b,51e1806c-04a2-4ec9-9269-d6b37791d7b2,coder-01,31,2026-02-13 13:37:15.246,file_write,163,f
3bb45a6b-efe2-4831-b602-077e60981cef,1f6c5948-f701-484f-9f53-442ad4f0568b,coder-01,30,2026-02-13 13:37:15.254,file_write,171,f
d151b5bb-dbfb-403e-b809-a60f699df836,c69bd97d-79d8-4d53-aba4-e8d244a483ce,coder-01,29,2026-02-13 13:37:15.262,file_write,178,f
6f597917-449d-42a1-9e03-685bdc97b78d,7380129e-43fc-4faf-bc35-4980f8aef58d,coder-01,27,2026-02-13 13:37:15.268,file_write,185,f
956745e8-e62e-4707-b89c-d848a3923228,4787668d-3ffd-4c72-b0dd-141b4696e4e7,coder-01,25,2026-02-13 13:37:15.275,file_write,192,f
990db059-aea5-4c47-8a58-fb25eacac426,4145da05-bb58-4e6e-b175-3137923324e5,coder-01,24,2026-02-13 13:37:15.283,file_write,199,f
74e69924-23d0-4e2b-a684-a0054b012f06,330dcf27-8d11-4270-9961-50b9f18dfd67,coder-01,58,2026-02-13 13:37:31.606,shell_run,0,f
7d28d401-5119-4ca7-bcd4-4f29754a2e83,ca91b666-1665-4e4a-ae0a-c66abd413953,coder-01,56,2026-02-13 13:37:31.615,shell_run,8,f
1b42aab1-5b4e-4302-a4a7-94c92516bd65,e7fe4144-dbb4-4c1c-acf5-5442f30a6806,coder-01,55,2026-02-13 13:37:31.622,shell_run,16,f
3757c511-b992-4493-83b9-470cb16dc69c,f7f88198-7fa6-49ed-97a2-e0f369dbc6f3,coder-01,54,2026-02-13 13:37:31.632,shell_run,23,f
f101999b-71e3-46ad-8273-2ba49770ad78,20dc51ff-c823-4f2f-885b-da6c8c8abe94,coder-01,52,2026-02-13 13:37:31.642,shell_run,33,f
5003878a-9859-4812-af79-8248e77a1d2b,511967cc-aba3-4bb7-9218-d9dafe89ffbd,coder-01,9,2026-02-13 13:39:10.378,"the action to take, only one name of [file_read, file_write, file_edit, file_list, shell_run, code_search, find_file], just the name, exactly as it's written.",,f
be7680cd-5084-477b-88fc-676491426a4e,7dda3951-a206-43cc-b777-481409aab787,coder-01,47,2026-02-13 13:37:31.668,shell_run,61,f
b200909b-4740-4759-9772-35548c18dcf4,20e082ac-3d06-4f13-9abe-1d998e679d14,coder-01,45,2026-02-13 13:37:31.681,shell_run,74,f
4fe3cf54-2ecf-4c42-8c58-b51f684c8a3e,ffb03d46-e6e5-47be-979f-bebdb7071a8d,coder-01,43,2026-02-13 13:37:31.69,shell_run,83,f
5c84c29b-4b1b-42be-8674-6dcfae4596a4,653ff79d-f3bd-4e42-90b2-219a227a063c,coder-01,41,2026-02-13 13:37:31.697,shell_run,91,f
46660a2d-3d61-47db-89c6-92c325fedc3c,c2dc4358-2b7c-4a29-a78b-1b9ae90aada1,coder-01,39,2026-02-13 13:37:31.702,shell_run,96,f
d20f2c99-452a-43af-9239-d413c239afb6,0bd32b96-79ab-4ca6-b503-e1d6b781ac55,coder-01,38,2026-02-13 13:37:31.71,shell_run,102,f
658dcb24-7c08-4c08-b065-e9966a01db5f,97f94c83-9c2f-4b00-be57-a0d92ac01bf9,coder-01,37,2026-02-13 13:37:31.716,shell_run,109,f
9b8e3689-a0bb-47b2-911f-a20a36403836,2c620002-dbae-411c-b705-4132969172a6,coder-01,36,2026-02-13 13:37:31.722,shell_run,115,f
8ccce6e6-4f01-4522-b506-0d9978c33594,d691b5cc-ee95-468c-a7b3-b1fc7dddacb6,coder-01,34,2026-02-13 13:37:31.728,shell_run,122,f
b0a8828b-379c-48d9-b8b8-1b78cf00b47a,51e1806c-04a2-4ec9-9269-d6b37791d7b2,coder-01,33,2026-02-13 13:37:31.735,shell_run,127,f
d0982219-668a-4817-92b8-409fb207053f,1f6c5948-f701-484f-9f53-442ad4f0568b,coder-01,32,2026-02-13 13:37:31.741,shell_run,135,f
763ac118-a849-44d8-b48a-f87326885ca4,c69bd97d-79d8-4d53-aba4-e8d244a483ce,coder-01,31,2026-02-13 13:37:31.746,shell_run,141,f
7f35cdf7-30d2-40a0-ad7b-881fde2acc1c,7380129e-43fc-4faf-bc35-4980f8aef58d,coder-01,29,2026-02-13 13:37:31.752,shell_run,146,f
5618baf0-8d74-4975-a634-d4251b5132a5,4787668d-3ffd-4c72-b0dd-141b4696e4e7,coder-01,27,2026-02-13 13:37:31.758,shell_run,152,f
af6273af-7d64-42db-85f7-215cc216a802,4145da05-bb58-4e6e-b175-3137923324e5,coder-01,26,2026-02-13 13:37:31.763,shell_run,158,f
d650a404-fad7-443e-b688-802ca5329146,1578fe0f-6fef-4801-a01d-634228335dbf,coder-01,25,2026-02-13 13:37:31.769,shell_run,163,f
dbb70f83-9ebf-4a86-ad13-63e9fba374e4,511967cc-aba3-4bb7-9218-d9dafe89ffbd,coder-01,10,2026-02-13 13:39:10.384,unknown,,f
b5365e2e-12f4-4748-ae77-37859587be95,0e2fa033-e45a-4976-9463-7727926de6d7,coder-01,40,2026-02-14 20:17:46.542,shell_run,65,f
ef6b907f-a563-4210-bc1e-03b5275aca99,6f18b78e-7163-4b72-8c10-05fcdede899f,coder-01,24,2026-02-13 13:37:31.775,shell_run,168,f
bdaabdfe-e155-4109-8b84-38f23da370aa,67674ed8-5076-44fa-af64-af531300e040,coder-01,23,2026-02-13 13:37:31.781,shell_run,175,f
ff41b39b-1000-42ff-8bdd-dd009d3a9c83,1872a4af-edb3-462b-928e-87175cffb989,coder-01,21,2026-02-13 13:37:31.787,shell_run,181,f
702e75bb-79ca-428a-bbb0-126faa7f5c2e,7ddb1664-c49f-4149-b1d0-bdbc66d3e8d9,coder-01,20,2026-02-13 13:37:31.792,shell_run,186,f
88f9174b-a191-4bfb-bb37-89619d0579ff,9b0cfc25-7061-46d3-8638-536e187036b3,coder-01,19,2026-02-13 13:37:31.802,shell_run,194,f
900d7326-15d9-4414-b383-af284a87b20e,5bcb439c-5e4c-45f2-9f0f-3a4f71faad1b,coder-01,17,2026-02-13 13:37:31.807,shell_run,201,f
dd62072f-63da-4ca6-9db7-987feed5afb8,e7867f5d-9660-4195-9b86-8878a91b0493,coder-01,15,2026-02-13 13:37:31.813,shell_run,207,f
b68309b5-2103-4dcb-a057-c785b01abb8e,35a6904b-f51e-4605-9755-48d65f4cfc34,coder-01,13,2026-02-13 13:37:31.82,shell_run,213,f
cfd210bb-23a6-4af3-a1ce-144475c4309e,35e9e553-c806-4378-927e-51e51215eba4,coder-01,12,2026-02-13 13:37:31.825,shell_run,220,f
03245c7e-1848-4e89-97ca-19eadf1e93df,e0bf0981-f108-4a2f-bc96-299c5949e852,coder-01,10,2026-02-13 13:37:31.832,shell_run,226,f
508d7c43-beb7-4f1f-bb56-1ef78a65c15b,639b0f23-2b4b-4c1c-a1b7-9635199403b8,coder-01,9,2026-02-13 13:37:31.84,shell_run,232,f
b8320ad4-32a8-4c8c-9d38-e4a57bbd5627,1052aeb5-1a94-4760-96cf-f0c12f887a58,coder-01,10,2026-02-13 13:37:31.846,shell_run,240,f
a6adc0c6-f655-4c28-a8d6-6bbaa9a5794c,fe6dde2e-aaa2-4f41-8260-be9a3cc7daa3,coder-01,4,2026-02-13 13:37:31.851,shell_run,245,f
3c99113f-6131-4363-a394-de7f8fb77117,28a66519-b461-43cb-8f60-a5dafa7f7049,coder-01,3,2026-02-13 13:37:31.857,shell_run,251,f
e6bf72c5-8115-42ed-8816-bc4a77bcc6a9,d943572a-f285-4c4d-a783-030487f397ae,coder-01,2,2026-02-13 13:37:31.864,shell_run,257,f
d0d26d12-0760-4484-98f2-67a45efa388e,330dcf27-8d11-4270-9961-50b9f18dfd67,coder-01,59,2026-02-13 13:37:36.698,file_write,8,f
c9e6d9a1-012f-469c-b6b0-5f53be85e521,ca91b666-1665-4e4a-ae0a-c66abd413953,coder-01,57,2026-02-13 13:37:36.705,file_write,15,f
c217e00e-6750-4b2c-8922-68f6dc96e8d6,e7fe4144-dbb4-4c1c-acf5-5442f30a6806,coder-01,56,2026-02-13 13:37:36.713,file_write,22,f
fb83d6d6-8734-42ff-801f-7a2ad2d58881,f7f88198-7fa6-49ed-97a2-e0f369dbc6f3,coder-01,55,2026-02-13 13:37:36.721,file_write,29,f
3b4e1f96-26d2-4e38-8bc7-92fe0bc73693,20dc51ff-c823-4f2f-885b-da6c8c8abe94,coder-01,53,2026-02-13 13:37:36.729,file_write,38,f
1a9b6e25-49b0-4a51-9b12-98ac0ba634ec,b90aca7c-67a1-4da0-a771-ba1177190299,coder-01,52,2026-02-13 13:37:36.736,file_write,45,f
9437ae80-3589-4e0d-96e8-5db593611ea6,76276ac4-f51c-419f-894d-160614e8b4a7,coder-01,50,2026-02-13 13:37:36.743,file_write,53,f
a1569f8d-bd08-4487-bc71-6491cad12aa4,7dda3951-a206-43cc-b777-481409aab787,coder-01,48,2026-02-13 13:37:36.75,file_write,59,f
43949c65-866b-4c3f-aed4-125a8972fbdc,20e082ac-3d06-4f13-9abe-1d998e679d14,coder-01,46,2026-02-13 13:37:36.757,file_write,65,f
13bc8f91-967f-44ac-abbb-0ce91bf96025,ffb03d46-e6e5-47be-979f-bebdb7071a8d,coder-01,44,2026-02-13 13:37:36.764,file_write,74,f
1b07a137-30ff-4b45-b2db-92ec0e159e1a,653ff79d-f3bd-4e42-90b2-219a227a063c,coder-01,42,2026-02-13 13:37:36.77,file_write,80,f
fc5c9413-eab0-4809-8e63-63210e990a18,c2dc4358-2b7c-4a29-a78b-1b9ae90aada1,coder-01,40,2026-02-13 13:37:36.778,file_write,87,f
8236780d-262e-44ca-9e4e-22e666116a96,0bd32b96-79ab-4ca6-b503-e1d6b781ac55,coder-01,39,2026-02-13 13:37:36.784,file_write,94,f
25dd4ef5-2654-4f68-8594-14b9c0527d1f,97f94c83-9c2f-4b00-be57-a0d92ac01bf9,coder-01,38,2026-02-13 13:37:36.791,file_write,100,f
f8b56d60-9f1f-402c-a864-6068cc73b757,2c620002-dbae-411c-b705-4132969172a6,coder-01,37,2026-02-13 13:37:36.798,file_write,107,f
3e70367d-02bb-4951-8bc6-576eaaacb31b,d691b5cc-ee95-468c-a7b3-b1fc7dddacb6,coder-01,35,2026-02-13 13:37:36.804,file_write,114,f
b561674b-93f4-4f28-8257-8837b1f3af9b,51e1806c-04a2-4ec9-9269-d6b37791d7b2,coder-01,34,2026-02-13 13:37:36.81,file_write,120,f
7bfe5202-edcd-4b13-ad39-b4972949524f,0e2fa033-e45a-4976-9463-7727926de6d7,coder-01,6,2026-02-14 20:10:04.147,unknown,,f
7a2c6ef7-6f63-4c7c-8a18-81013849e6e1,1f6c5948-f701-484f-9f53-442ad4f0568b,coder-01,33,2026-02-13 13:37:36.815,file_write,125,f
9949a0b8-dfdb-4d04-80ec-6c7f85eb2a97,c69bd97d-79d8-4d53-aba4-e8d244a483ce,coder-01,32,2026-02-13 13:37:36.821,file_write,131,f
9415b90d-d374-42ea-9dbb-12d18c61dae1,7380129e-43fc-4faf-bc35-4980f8aef58d,coder-01,30,2026-02-13 13:37:36.827,file_write,137,f
73d63e66-5bfe-44f0-8cd8-6fbcd47212ec,4787668d-3ffd-4c72-b0dd-141b4696e4e7,coder-01,28,2026-02-13 13:37:36.834,file_write,143,f
3f46cf62-1da7-4538-b96a-d530e55c2a7c,4145da05-bb58-4e6e-b175-3137923324e5,coder-01,27,2026-02-13 13:37:36.841,file_write,151,f
363c5646-6d3f-476d-b12e-dc135fb2b2b3,1578fe0f-6fef-4801-a01d-634228335dbf,coder-01,26,2026-02-13 13:37:36.847,file_write,157,f
14ae1525-a038-4d88-ad34-6ac382962d23,6f18b78e-7163-4b72-8c10-05fcdede899f,coder-01,25,2026-02-13 13:37:36.854,file_write,163,f
46ea4f71-eb34-47bb-b519-ca1a3d3d53c8,67674ed8-5076-44fa-af64-af531300e040,coder-01,24,2026-02-13 13:37:36.86,file_write,170,f
b05c6682-35b2-4912-8a07-b22ae4d76638,1872a4af-edb3-462b-928e-87175cffb989,coder-01,22,2026-02-13 13:37:36.867,file_write,177,f
2a130a19-3eac-4553-967d-c860bda059b3,7ddb1664-c49f-4149-b1d0-bdbc66d3e8d9,coder-01,21,2026-02-13 13:37:36.874,file_write,184,f
7b8cc1da-db8c-4048-a11a-60bdd2604533,9b0cfc25-7061-46d3-8638-536e187036b3,coder-01,20,2026-02-13 13:37:36.88,file_write,190,f
89a67065-9b8e-40c0-9f54-c977f71b6c62,5bcb439c-5e4c-45f2-9f0f-3a4f71faad1b,coder-01,18,2026-02-13 13:37:36.886,file_write,196,f
1a77cb1c-13ce-41ce-916a-ca332dac0e10,e7867f5d-9660-4195-9b86-8878a91b0493,coder-01,16,2026-02-13 13:37:36.893,file_write,203,f
4d8af4b1-6bb0-4c6c-87a2-31d5716dd0ad,35a6904b-f51e-4605-9755-48d65f4cfc34,coder-01,14,2026-02-13 13:37:36.9,file_write,209,f
637f3970-d23d-4f11-8f12-0de8338785eb,35e9e553-c806-4378-927e-51e51215eba4,coder-01,13,2026-02-13 13:37:36.906,file_write,216,f
b584a6b0-5b96-4d92-8472-6ede13ca61fc,e0bf0981-f108-4a2f-bc96-299c5949e852,coder-01,11,2026-02-13 13:37:36.913,file_write,223,f
f7fbed7c-8705-48f1-b7a5-3245db6dff6f,639b0f23-2b4b-4c1c-a1b7-9635199403b8,coder-01,10,2026-02-13 13:37:36.921,file_write,230,f
83cf4bf8-838e-4a71-81dc-0fe964345bb8,0e2fa033-e45a-4976-9463-7727926de6d7,coder-01,7,2026-02-14 20:10:04.156,"the action to take, only one name of [file_read, file_write, file_edit, file_list, shell_run, code_search, find_file], just the name, exactly as it's written.",,f
f0411258-666a-4141-874c-81e270247fc1,1052aeb5-1a94-4760-96cf-f0c12f887a58,coder-01,11,2026-02-13 13:37:36.929,file_write,237,f
9efa5647-8239-4ae6-9c03-6a0b3a6c7b5c,fe6dde2e-aaa2-4f41-8260-be9a3cc7daa3,coder-01,5,2026-02-13 13:37:36.936,file_write,246,f
3d29caaf-95a8-4204-b8d7-2ef4a78df8c3,28a66519-b461-43cb-8f60-a5dafa7f7049,coder-01,4,2026-02-13 13:37:36.942,file_write,252,f
c1d7dc50-4301-40a4-ba7a-7cd968afe7b8,d943572a-f285-4c4d-a783-030487f397ae,coder-01,3,2026-02-13 13:37:36.948,file_write,258,f
6198b27d-7368-432e-9d23-2ff367310da6,330dcf27-8d11-4270-9961-50b9f18dfd67,coder-01,60,2026-02-13 13:37:39.326,shell_run,22,f
c3021a72-2779-4cf1-87f1-486d1fce88c3,ca91b666-1665-4e4a-ae0a-c66abd413953,coder-01,58,2026-02-13 13:37:39.338,shell_run,34,f
f43336ff-1997-4df9-90f8-3f04e5e87388,e7fe4144-dbb4-4c1c-acf5-5442f30a6806,coder-01,57,2026-02-13 13:37:39.345,shell_run,41,f
5871e6ab-629d-4f20-8826-a3d658c92ad1,f7f88198-7fa6-49ed-97a2-e0f369dbc6f3,coder-01,56,2026-02-13 13:37:39.354,shell_run,48,f
52cd54f8-c0ce-4785-b276-c332058c9402,20dc51ff-c823-4f2f-885b-da6c8c8abe94,coder-01,54,2026-02-13 13:37:39.364,shell_run,57,f
641ad49a-1a58-4ca8-b307-b1e75b438fb1,b90aca7c-67a1-4da0-a771-ba1177190299,coder-01,53,2026-02-13 13:37:39.371,shell_run,67,f
0d3201ad-bb4f-496c-b92d-144d7eb493e9,76276ac4-f51c-419f-894d-160614e8b4a7,coder-01,51,2026-02-13 13:37:39.379,shell_run,74,f
c67e2d4b-8ae2-4367-ba7e-4ecaec23130a,7dda3951-a206-43cc-b777-481409aab787,coder-01,49,2026-02-13 13:37:39.386,shell_run,81,f
e33ddcc6-85ad-4922-98ff-28f57c36bd18,20e082ac-3d06-4f13-9abe-1d998e679d14,coder-01,47,2026-02-13 13:37:39.393,shell_run,89,f
872598e4-3e2d-4b0a-8133-8d6c9277ef9c,ffb03d46-e6e5-47be-979f-bebdb7071a8d,coder-01,45,2026-02-13 13:37:39.402,shell_run,97,f
660db32b-fd48-499a-8a88-8b855172c55a,653ff79d-f3bd-4e42-90b2-219a227a063c,coder-01,43,2026-02-13 13:37:39.409,shell_run,105,f
835d8e4c-bca5-4058-9a64-78a591a3d677,c2dc4358-2b7c-4a29-a78b-1b9ae90aada1,coder-01,41,2026-02-13 13:37:39.416,shell_run,112,f
649846d4-760d-4c98-ba8d-b73c7b30bcce,0bd32b96-79ab-4ca6-b503-e1d6b781ac55,coder-01,40,2026-02-13 13:37:39.423,shell_run,119,f
9df02bfc-e028-46f5-9319-96d6b06a09bd,97f94c83-9c2f-4b00-be57-a0d92ac01bf9,coder-01,39,2026-02-13 13:37:39.43,shell_run,126,f
36f86de4-9c51-465d-bdf2-78d7891d9444,2c620002-dbae-411c-b705-4132969172a6,coder-01,38,2026-02-13 13:37:39.436,shell_run,132,f
83a11c93-65cc-4f87-8add-bb53ebf3bd93,d691b5cc-ee95-468c-a7b3-b1fc7dddacb6,coder-01,36,2026-02-13 13:37:39.445,shell_run,140,f
e009fbbb-afc3-43b1-9cf3-5be213a8bbda,51e1806c-04a2-4ec9-9269-d6b37791d7b2,coder-01,35,2026-02-13 13:37:39.454,shell_run,150,f
06a57e0d-f232-4ff3-b2ab-359e6f36b672,1f6c5948-f701-484f-9f53-442ad4f0568b,coder-01,34,2026-02-13 13:37:39.463,shell_run,158,f
4dcf1003-f033-4515-b782-e47c0e9f8f74,c69bd97d-79d8-4d53-aba4-e8d244a483ce,coder-01,33,2026-02-13 13:37:39.473,shell_run,168,f
1ef951f9-77a4-4516-98b3-2417ff5138b8,7380129e-43fc-4faf-bc35-4980f8aef58d,coder-01,31,2026-02-13 13:37:39.481,shell_run,177,f
fd11eb3b-a10c-4c38-8122-f47e836da18e,4787668d-3ffd-4c72-b0dd-141b4696e4e7,coder-01,29,2026-02-13 13:37:39.489,shell_run,185,f
ad04cc4d-ce4d-4f5a-93b8-64a4a002bf6c,4145da05-bb58-4e6e-b175-3137923324e5,coder-01,28,2026-02-13 13:37:39.495,shell_run,191,f
731789b1-82e6-44b6-a093-6186af80cd64,1578fe0f-6fef-4801-a01d-634228335dbf,coder-01,27,2026-02-13 13:37:39.501,shell_run,196,f
edffbca5-540b-4713-9b82-ca48d7f72a7d,6f18b78e-7163-4b72-8c10-05fcdede899f,coder-01,26,2026-02-13 13:37:39.507,shell_run,202,f
6f4577d4-6345-4ca7-85cf-36917cbdf0ea,511967cc-aba3-4bb7-9218-d9dafe89ffbd,coder-01,5,2026-02-13 13:39:10.332,"the action to take, only one name of [file_read, file_write, file_edit, file_list, shell_run, code_search, find_file], just the name, exactly as it's written.",,f
1b339d1c-365f-4c1f-a24a-2163606dd3bc,511967cc-aba3-4bb7-9218-d9dafe89ffbd,coder-01,6,2026-02-13 13:39:10.354,unknown,,f
638b268a-651d-46af-81e7-a2fd0078577f,511967cc-aba3-4bb7-9218-d9dafe89ffbd,coder-01,7,2026-02-13 13:39:10.363,"the action to take, only one name of [file_read, file_write, file_edit, file_list, shell_run, code_search, find_file], just the name, exactly as it's written.",,f
3f0fa182-dcc6-44b0-b862-9737529f9b04,511967cc-aba3-4bb7-9218-d9dafe89ffbd,coder-01,8,2026-02-13 13:39:10.369,unknown,,f
0e908098-5ca5-4f16-8445-0273c79b30c1,0e2fa033-e45a-4976-9463-7727926de6d7,coder-01,8,2026-02-14 20:10:04.163,unknown,,f
75d1972d-55d6-4174-9f30-7f7929d4017c,511967cc-aba3-4bb7-9218-d9dafe89ffbd,coder-01,1,2026-02-13 13:39:10.392,file_write,104,f
5b0f4165-ad4f-4387-8c34-62eae28d4907,511967cc-aba3-4bb7-9218-d9dafe89ffbd,coder-01,2,2026-02-13 13:39:10.401,shell_run,138,f
71dc5471-ace2-462f-a748-5da1dfd53f89,511967cc-aba3-4bb7-9218-d9dafe89ffbd,coder-01,3,2026-02-13 13:39:10.406,file_edit,102,f
42cf6e72-b3b0-4224-b8b4-ea193ec784f2,511967cc-aba3-4bb7-9218-d9dafe89ffbd,coder-01,4,2026-02-13 13:39:10.415,file_read,98,f
48665848-ba92-44ea-b543-3f5c6324c162,9680d2b1-17d1-48e6-9bf1-a2d7da3fe2c0,coder-02,1,2026-02-14 20:05:03.598,file_write,8,f
e91d197f-172b-45a9-a440-d9f09e05dc92,9680d2b1-17d1-48e6-9bf1-a2d7da3fe2c0,coder-02,2,2026-02-14 20:05:05.929,shell_run,0,f
061997af-54da-4734-b47b-529f35dc1f51,9680d2b1-17d1-48e6-9bf1-a2d7da3fe2c0,coder-02,3,2026-02-14 20:05:07.925,shell_run,0,f
f7abf106-0e02-40c2-9f61-cd9073013e49,9680d2b1-17d1-48e6-9bf1-a2d7da3fe2c0,coder-02,4,2026-02-14 20:05:10.38,file_write,4,f
255a3930-1976-4e41-aa5b-de8e90e8f4f1,9680d2b1-17d1-48e6-9bf1-a2d7da3fe2c0,coder-02,5,2026-02-14 20:05:12.082,shell_run,49,f
ba077287-8356-4a25-9e13-52b5bac7fc60,9680d2b1-17d1-48e6-9bf1-a2d7da3fe2c0,coder-02,6,2026-02-14 20:05:14.53,file_read,6,f
be7aaf63-9415-4079-aeab-f22e7f91fdd8,9680d2b1-17d1-48e6-9bf1-a2d7da3fe2c0,coder-02,7,2026-02-14 20:05:19.125,"the action to take, only one name of [file_read, file_write, file_edit, file_list, shell_run, code_search, find_file], just the name, exactly as it's written.",,f
9b7095e3-2474-44c0-9f22-d721694c1d5e,9680d2b1-17d1-48e6-9bf1-a2d7da3fe2c0,coder-02,8,2026-02-14 20:05:19.133,unknown,,f
de8a41a2-5709-42f7-80fa-5caa28de3f87,9680d2b1-17d1-48e6-9bf1-a2d7da3fe2c0,coder-02,9,2026-02-14 20:05:19.141,"the action to take, only one name of [file_read, file_write, file_edit, file_list, shell_run, code_search, find_file], just the name, exactly as it's written.",,f
7df4652b-c68f-4fe7-a3bf-c561e35aa4ff,9680d2b1-17d1-48e6-9bf1-a2d7da3fe2c0,coder-02,10,2026-02-14 20:05:19.148,unknown,,f
a616e375-101e-4028-8c72-e6cff8574ee8,9680d2b1-17d1-48e6-9bf1-a2d7da3fe2c0,coder-02,11,2026-02-14 20:05:22.044,file_write,10,f
6a4d9af0-eb7c-45c2-9fec-ff22c48189ec,5ac446fd-6841-4884-9f7b-f24333b3cee2,qa-01,1,2026-02-14 20:05:22.055,file_write,21,f
274a9a80-2e2a-420a-9a0a-438a63f37a99,9680d2b1-17d1-48e6-9bf1-a2d7da3fe2c0,coder-02,12,2026-02-14 20:05:27.067,file_write,9,f
ea8ff72f-c91c-4119-9b57-8068e3637959,9680d2b1-17d1-48e6-9bf1-a2d7da3fe2c0,coder-02,26,2026-02-14 20:10:13.903,file_write,10,f
70072521-ed66-44b0-b048-99da6639361a,5ac446fd-6841-4884-9f7b-f24333b3cee2,qa-01,16,2026-02-14 20:10:13.916,file_write,24,f
9cc82810-0262-4a1b-8759-1e6398dfccc4,5ac446fd-6841-4884-9f7b-f24333b3cee2,qa-01,2,2026-02-14 20:05:27.077,file_write,20,f
bbea908e-9ecd-4045-b953-5330f0c38330,9680d2b1-17d1-48e6-9bf1-a2d7da3fe2c0,coder-02,15,2026-02-14 20:05:35.015,shell_run,0,f
f9f7274e-3138-4e7a-83b9-2975fa445392,5ac446fd-6841-4884-9f7b-f24333b3cee2,qa-01,5,2026-02-14 20:05:35.026,shell_run,11,f
c27c7d4c-73e7-488e-b21b-870ca61c6fad,9680d2b1-17d1-48e6-9bf1-a2d7da3fe2c0,coder-02,16,2026-02-14 20:05:36.957,file_list,7,f
624f45ca-9e66-4798-9fb0-e3a9369623df,5ac446fd-6841-4884-9f7b-f24333b3cee2,qa-01,6,2026-02-14 20:05:36.968,file_list,18,f
f2ee9efe-33d0-448b-8496-ec998601fc63,9680d2b1-17d1-48e6-9bf1-a2d7da3fe2c0,coder-02,19,2026-02-14 20:05:55.39,shell_run,32,f
1720387b-2024-42d6-a4c7-902622459635,5ac446fd-6841-4884-9f7b-f24333b3cee2,qa-01,9,2026-02-14 20:05:55.4,shell_run,42,f
c4f0e807-d2a5-4eba-a4b9-2e77592295a1,9680d2b1-17d1-48e6-9bf1-a2d7da3fe2c0,coder-02,20,2026-02-14 20:05:58.183,shell_run,29,f
5c4bbdad-7832-4170-8b9c-41e7c8b56d59,5ac446fd-6841-4884-9f7b-f24333b3cee2,qa-01,10,2026-02-14 20:05:58.188,shell_run,35,f
85e0b93f-18c1-40e7-8b5a-071888b4bb2e,9680d2b1-17d1-48e6-9bf1-a2d7da3fe2c0,coder-02,13,2026-02-14 20:05:30.413,shell_run,1618,f
16f3b28a-54c9-4706-9c52-3b91ceebd601,5ac446fd-6841-4884-9f7b-f24333b3cee2,qa-01,3,2026-02-14 20:05:30.421,shell_run,1627,f
02d1b00f-6ba4-4201-b791-c977ac22ba2d,9680d2b1-17d1-48e6-9bf1-a2d7da3fe2c0,coder-02,14,2026-02-14 20:05:33.011,file_write,12,f
a10d172d-6ba6-4aba-ac94-2a391e5a7c36,5ac446fd-6841-4884-9f7b-f24333b3cee2,qa-01,4,2026-02-14 20:05:33.021,file_write,24,f
ffe87406-691b-43b6-a107-b8857d83be7f,9680d2b1-17d1-48e6-9bf1-a2d7da3fe2c0,coder-02,17,2026-02-14 20:05:40.447,shell_run,1129,f
fb82e431-0102-4a40-8967-69d4b7cdf9fa,5ac446fd-6841-4884-9f7b-f24333b3cee2,qa-01,7,2026-02-14 20:05:40.454,shell_run,1136,f
521632a0-b558-41da-8daf-cbc1fe8c0fe3,9680d2b1-17d1-48e6-9bf1-a2d7da3fe2c0,coder-02,18,2026-02-14 20:05:53.215,file_write,6,f
072a27e9-37be-40e8-a011-fa8a69c85cec,5ac446fd-6841-4884-9f7b-f24333b3cee2,qa-01,8,2026-02-14 20:05:53.226,file_write,16,f
5969b947-3640-4468-b7e5-b8379f7ef3d8,9680d2b1-17d1-48e6-9bf1-a2d7da3fe2c0,coder-02,21,2026-02-14 20:09:22.37,file_write,6,f
1dffe336-b083-4b01-89ec-581837b7d249,5ac446fd-6841-4884-9f7b-f24333b3cee2,qa-01,11,2026-02-14 20:09:22.379,file_write,15,f
77fa31c2-c604-4ca4-bcfe-dfe0985a449b,f401a6ad-3987-45bb-81b4-9ef0a75945f4,coder-01,1,2026-02-14 20:09:22.386,file_write,23,f
f8ebe962-0c47-4a4d-93eb-2c85971f9115,9680d2b1-17d1-48e6-9bf1-a2d7da3fe2c0,coder-02,22,2026-02-14 20:09:33.879,file_write,13,f
69bc2300-c77d-4f26-8302-b4b4c0d09e66,5ac446fd-6841-4884-9f7b-f24333b3cee2,qa-01,12,2026-02-14 20:09:33.89,file_write,25,f
2a1615f3-b984-4fa4-a8df-4e0c3029aa32,f401a6ad-3987-45bb-81b4-9ef0a75945f4,coder-01,2,2026-02-14 20:09:33.896,file_write,32,f
8672bb77-b5d2-4f1d-8474-d274f53f74d2,0e2fa033-e45a-4976-9463-7727926de6d7,coder-01,1,2026-02-14 20:09:33.903,file_write,39,f
31954a01-4288-4848-801a-54d20550b3ca,9680d2b1-17d1-48e6-9bf1-a2d7da3fe2c0,coder-02,23,2026-02-14 20:09:36.803,shell_run,0,f
f5ed1e17-22f3-488c-8f96-42c506778a1f,5ac446fd-6841-4884-9f7b-f24333b3cee2,qa-01,13,2026-02-14 20:09:36.811,shell_run,7,f
06548133-bee9-4a97-98a0-47e05f3f532a,f401a6ad-3987-45bb-81b4-9ef0a75945f4,coder-01,3,2026-02-14 20:09:36.818,shell_run,15,f
88ac3e95-ef9f-49c3-8892-5219a14e3e5d,0e2fa033-e45a-4976-9463-7727926de6d7,coder-01,2,2026-02-14 20:09:36.826,shell_run,21,f
77e36b98-1ef1-4815-bd24-1e5d35ff8372,9680d2b1-17d1-48e6-9bf1-a2d7da3fe2c0,coder-02,24,2026-02-14 20:09:42.065,file_write,11,f
870a7409-2dd9-4c2a-8a20-b34041e51844,5ac446fd-6841-4884-9f7b-f24333b3cee2,qa-01,14,2026-02-14 20:09:42.071,file_write,17,f
52efadc4-e379-4dca-9124-ba76bb90b322,f401a6ad-3987-45bb-81b4-9ef0a75945f4,coder-01,4,2026-02-14 20:09:42.078,file_write,24,f
5554e16e-0d78-4bdc-8e5a-6fb4a9550521,0e2fa033-e45a-4976-9463-7727926de6d7,coder-01,3,2026-02-14 20:09:42.084,file_write,29,f
d09ea3c1-a9f1-4b89-8f0a-11328eb10f75,9680d2b1-17d1-48e6-9bf1-a2d7da3fe2c0,coder-02,25,2026-02-14 20:09:53.381,file_read,10,f
2daadb58-f22a-4abf-8269-de48ec6a1bbb,5ac446fd-6841-4884-9f7b-f24333b3cee2,qa-01,15,2026-02-14 20:09:53.393,file_read,22,f
fd281ead-f7cb-4ab6-b17c-30e9d1738230,f401a6ad-3987-45bb-81b4-9ef0a75945f4,coder-01,5,2026-02-14 20:09:53.399,file_read,29,f
4f3aee18-fcdd-4d49-9a3b-c5327712f38e,0e2fa033-e45a-4976-9463-7727926de6d7,coder-01,4,2026-02-14 20:09:53.406,file_read,35,f
7f2b474f-466a-44db-ad16-2d7dc7e32aab,0e2fa033-e45a-4976-9463-7727926de6d7,coder-01,5,2026-02-14 20:10:04.141,"the action to take, only one name of [file_read, file_write, file_edit, file_list, shell_run, code_search, find_file], just the name, exactly as it's written.",,f
65b6e861-1425-458c-a633-c38add5c218a,0e2fa033-e45a-4976-9463-7727926de6d7,coder-01,9,2026-02-14 20:10:13.929,file_write,39,f
0f21ec2c-9de7-4b8e-b951-f34a5678b137,6a54c2b9-14df-4485-bf7a-1ade22d7b311,coder-01,1,2026-02-14 20:10:13.935,file_write,45,f
4d97ef90-96e3-46cf-9a1d-0e77ce3a75e9,9680d2b1-17d1-48e6-9bf1-a2d7da3fe2c0,coder-02,27,2026-02-14 20:10:16.473,shell_run,0,f
e62e2f98-3324-42da-9a42-26bf4fddec73,5ac446fd-6841-4884-9f7b-f24333b3cee2,qa-01,17,2026-02-14 20:10:16.484,shell_run,11,f
dc180be6-d01f-4e80-a6f4-60673e61ebc0,f401a6ad-3987-45bb-81b4-9ef0a75945f4,coder-01,7,2026-02-14 20:10:16.49,shell_run,17,f
05cbddf9-d481-4e78-8e90-2a2f359c00fb,0e2fa033-e45a-4976-9463-7727926de6d7,coder-01,10,2026-02-14 20:10:16.495,shell_run,22,f
6bd90d9a-bdea-4f57-aeb8-22aa5e1a7bfd,6a54c2b9-14df-4485-bf7a-1ade22d7b311,coder-01,2,2026-02-14 20:10:16.501,shell_run,28,f
3da6a2b9-3646-44e4-8930-c849b3ace837,9680d2b1-17d1-48e6-9bf1-a2d7da3fe2c0,coder-02,28,2026-02-14 20:10:19.474,file_read,15,f
fd18506c-8df9-4529-aa2a-a61dba3114b8,5ac446fd-6841-4884-9f7b-f24333b3cee2,qa-01,18,2026-02-14 20:10:19.485,file_read,26,f
4147f8a3-85c4-4ce3-8c71-7e106650b6a1,f401a6ad-3987-45bb-81b4-9ef0a75945f4,coder-01,8,2026-02-14 20:10:19.491,file_read,33,f
ac11d5d5-97ee-4474-aa66-77f7b9822feb,0e2fa033-e45a-4976-9463-7727926de6d7,coder-01,11,2026-02-14 20:10:19.498,file_read,40,f
f7549b26-f917-4ba8-8ab3-88818fc42410,6a54c2b9-14df-4485-bf7a-1ade22d7b311,coder-01,3,2026-02-14 20:10:19.505,file_read,47,f
91b02402-8140-4d5e-9fe4-39e8252bb7a5,6a54c2b9-14df-4485-bf7a-1ade22d7b311,coder-01,4,2026-02-14 20:10:24.063,"the action to take, only one name of [file_read, file_write, file_edit, file_list, shell_run, code_search, find_file], just the name, exactly as it's written.",,f
ab165ed6-1869-4b81-b9b3-69c1f9723bc2,6a54c2b9-14df-4485-bf7a-1ade22d7b311,coder-01,5,2026-02-14 20:10:24.072,unknown,,f
1b9ac95b-b80a-4343-916c-f1e0a4c3288c,9680d2b1-17d1-48e6-9bf1-a2d7da3fe2c0,coder-02,29,2026-02-14 20:10:32.372,file_write,7,f
a194e27f-1196-4f4a-99c2-7cff1e0ba32f,5ac446fd-6841-4884-9f7b-f24333b3cee2,qa-01,19,2026-02-14 20:10:32.382,file_write,17,f
cad4c843-4e95-4dea-853b-0dbc1a09d425,f401a6ad-3987-45bb-81b4-9ef0a75945f4,coder-01,9,2026-02-14 20:10:32.388,file_write,23,f
adbfca78-10c1-41dc-8fca-f43a96dc80fa,0e2fa033-e45a-4976-9463-7727926de6d7,coder-01,12,2026-02-14 20:10:32.394,file_write,29,f
df2e537c-dbc6-4355-a195-a1a80f2203cc,6a54c2b9-14df-4485-bf7a-1ade22d7b311,coder-01,6,2026-02-14 20:10:32.399,file_write,34,f
6d55d91a-9190-49ce-b18d-0f1b11daa755,3ee8d3a0-5220-4658-b0cb-3bb26b9b14b9,coder-01,1,2026-02-14 20:10:32.405,file_write,40,f
3c36323d-a2bf-4ac4-a337-845e061785d0,9680d2b1-17d1-48e6-9bf1-a2d7da3fe2c0,coder-02,30,2026-02-14 20:10:35.004,shell_run,0,f
eb8e2d48-4616-485b-9e7e-2ad9f8aac917,5ac446fd-6841-4884-9f7b-f24333b3cee2,qa-01,20,2026-02-14 20:10:35.014,shell_run,10,f
5b5d2186-3b76-4f7b-beea-15b09d5d50fb,f401a6ad-3987-45bb-81b4-9ef0a75945f4,coder-01,10,2026-02-14 20:10:35.02,shell_run,16,f
e5b43174-0be2-48b8-909e-b21260bec66f,0e2fa033-e45a-4976-9463-7727926de6d7,coder-01,13,2026-02-14 20:10:35.026,shell_run,22,f
96e22cd0-e0df-4b8e-a585-b557a76878dd,6a54c2b9-14df-4485-bf7a-1ade22d7b311,coder-01,7,2026-02-14 20:10:35.032,shell_run,28,f
0e1f667e-1569-40a1-9fe3-5b1284b047f7,3ee8d3a0-5220-4658-b0cb-3bb26b9b14b9,coder-01,2,2026-02-14 20:10:35.037,shell_run,33,f
8f01272c-ffd6-4f8a-b2f5-b36aded9b73e,9680d2b1-17d1-48e6-9bf1-a2d7da3fe2c0,coder-02,31,2026-02-14 20:10:38.282,file_edit,10,f
ecf2df44-bf20-4228-a241-4006d27a0099,f401a6ad-3987-45bb-81b4-9ef0a75945f4,coder-01,11,2026-02-14 20:10:38.288,file_edit,15,f
97ae332d-bf97-4acf-a1a5-5984d15bbc69,0e2fa033-e45a-4976-9463-7727926de6d7,coder-01,14,2026-02-14 20:10:38.294,file_edit,21,f
57c9f521-a170-4dac-a3b3-3e6a8b2899e3,6a54c2b9-14df-4485-bf7a-1ade22d7b311,coder-01,8,2026-02-14 20:10:38.299,file_edit,27,f
7b66fac3-ef24-4fd4-b0d9-64984d5b8483,3ee8d3a0-5220-4658-b0cb-3bb26b9b14b9,coder-01,3,2026-02-14 20:10:38.306,file_edit,34,f
fd40985f-9fd6-499c-9693-01b578201e3a,9680d2b1-17d1-48e6-9bf1-a2d7da3fe2c0,coder-02,32,2026-02-14 20:10:41.951,shell_run,0,f
713a03fd-2379-40d0-b52f-d5a624195383,5ac446fd-6841-4884-9f7b-f24333b3cee2,qa-01,21,2026-02-14 20:10:41.962,shell_run,11,f
ddd4899d-50e7-4efa-9778-33d7da406a81,f401a6ad-3987-45bb-81b4-9ef0a75945f4,coder-01,12,2026-02-14 20:10:41.968,shell_run,17,f
c4197cd7-6da9-4dca-a810-533a0635fdda,0e2fa033-e45a-4976-9463-7727926de6d7,coder-01,15,2026-02-14 20:10:41.974,shell_run,23,f
efe5c675-480e-42cc-bce7-be5b657b265b,6a54c2b9-14df-4485-bf7a-1ade22d7b311,coder-01,9,2026-02-14 20:10:41.979,shell_run,29,f
f42158cb-a6d0-4e7c-abec-5d472af0ed02,3ee8d3a0-5220-4658-b0cb-3bb26b9b14b9,coder-01,4,2026-02-14 20:10:41.985,shell_run,34,f
c99d3ca5-018c-4fa2-98dc-931b8bba2ddb,9680d2b1-17d1-48e6-9bf1-a2d7da3fe2c0,coder-02,33,2026-02-14 20:10:45.454,file_edit,11,f
3aa14acb-26f2-4fe3-983d-db48440b2925,f401a6ad-3987-45bb-81b4-9ef0a75945f4,coder-01,13,2026-02-14 20:10:45.459,file_edit,17,f
7734e12a-a5d1-4835-bc34-1423d483dc21,0e2fa033-e45a-4976-9463-7727926de6d7,coder-01,16,2026-02-14 20:10:45.465,file_edit,23,f
2bbaf404-fc02-4ad0-8023-290befc95f33,6a54c2b9-14df-4485-bf7a-1ade22d7b311,coder-01,10,2026-02-14 20:10:45.47,file_edit,28,f
54069025-52db-4bf7-9336-3b9fb8cdb3f9,3ee8d3a0-5220-4658-b0cb-3bb26b9b14b9,coder-01,5,2026-02-14 20:10:45.474,file_edit,32,f
8c7cd3c4-3bc7-40a9-b5bb-26e757b5b6fc,9680d2b1-17d1-48e6-9bf1-a2d7da3fe2c0,coder-02,34,2026-02-14 20:10:48.928,file_write,7,f
e7bdba52-1e11-49bf-a949-370da12bb141,5ac446fd-6841-4884-9f7b-f24333b3cee2,qa-01,22,2026-02-14 20:10:48.937,file_write,17,f
a1c74f0d-fec2-40ba-87cb-81ad2be38193,f401a6ad-3987-45bb-81b4-9ef0a75945f4,coder-01,14,2026-02-14 20:10:48.943,file_write,22,f
464dbba1-995b-450a-a80f-d6517c3a5eea,0e2fa033-e45a-4976-9463-7727926de6d7,coder-01,17,2026-02-14 20:10:48.948,file_write,28,f
a049f69d-097e-4f89-85a3-a556bb64af3c,6a54c2b9-14df-4485-bf7a-1ade22d7b311,coder-01,11,2026-02-14 20:10:48.954,file_write,33,f
beae9d0d-0ba8-4b67-9b90-3282fa048357,3ee8d3a0-5220-4658-b0cb-3bb26b9b14b9,coder-01,6,2026-02-14 20:10:48.96,file_write,39,f
89d01703-e744-4359-af0f-db262fa73bd5,9680d2b1-17d1-48e6-9bf1-a2d7da3fe2c0,coder-02,35,2026-02-14 20:10:53.174,shell_run,32,f
121d4d44-79b6-41cc-8c14-ea56f538e040,f401a6ad-3987-45bb-81b4-9ef0a75945f4,coder-01,25,2026-02-14 20:12:41.246,file_read,21,f
75db5758-6e6b-4c65-a12c-c05aa58c584a,5ac446fd-6841-4884-9f7b-f24333b3cee2,qa-01,23,2026-02-14 20:10:53.184,shell_run,43,f
5db70b3b-131f-47ff-b5c2-9fe8432284b1,f401a6ad-3987-45bb-81b4-9ef0a75945f4,coder-01,15,2026-02-14 20:10:53.192,shell_run,50,f
f3cab137-c4f7-4a9a-b25e-4bfabf85d66a,0e2fa033-e45a-4976-9463-7727926de6d7,coder-01,18,2026-02-14 20:10:53.198,shell_run,56,f
8a2d138d-332b-47ee-be0d-2f5619b64633,6a54c2b9-14df-4485-bf7a-1ade22d7b311,coder-01,12,2026-02-14 20:10:53.205,shell_run,64,f
24d23e50-ceeb-48fb-b4db-baeece8abc4a,3ee8d3a0-5220-4658-b0cb-3bb26b9b14b9,coder-01,7,2026-02-14 20:10:53.21,shell_run,69,f
5f554bb7-d62a-4f94-b2bd-7827218bb22e,9680d2b1-17d1-48e6-9bf1-a2d7da3fe2c0,coder-02,36,2026-02-14 20:10:59.052,shell_run,464,f
9a46023c-6184-4f36-9720-b40e730a5608,5ac446fd-6841-4884-9f7b-f24333b3cee2,qa-01,24,2026-02-14 20:10:59.063,shell_run,476,f
7f007877-77c0-47b9-bd4c-5ffd80457651,f401a6ad-3987-45bb-81b4-9ef0a75945f4,coder-01,16,2026-02-14 20:10:59.069,shell_run,483,f
e119d691-0d07-489f-9cd1-d1ecd1b56057,9680d2b1-17d1-48e6-9bf1-a2d7da3fe2c0,coder-02,39,2026-02-14 20:11:33.913,shell_run,0,f
73f664e2-1a99-4336-b909-ee6c3eaf7171,5ac446fd-6841-4884-9f7b-f24333b3cee2,qa-01,27,2026-02-14 20:11:33.923,shell_run,11,f
c5d9d5c0-c825-400a-b4f7-e0f2d8097d4c,0e2fa033-e45a-4976-9463-7727926de6d7,coder-01,19,2026-02-14 20:10:59.076,shell_run,489,f
6a4e891f-1400-4cf8-885a-6942e9361341,6a54c2b9-14df-4485-bf7a-1ade22d7b311,coder-01,13,2026-02-14 20:10:59.082,shell_run,495,f
f94de4ab-1754-4534-be9c-6ac4d470f471,3ee8d3a0-5220-4658-b0cb-3bb26b9b14b9,coder-01,8,2026-02-14 20:10:59.088,shell_run,501,f
7501e6d4-d53f-41bf-87aa-c02311fdcc1f,9680d2b1-17d1-48e6-9bf1-a2d7da3fe2c0,coder-02,37,2026-02-14 20:11:03.738,shell_run,0,f
10052ac6-f4cb-4f62-a09f-880d240a7eea,5ac446fd-6841-4884-9f7b-f24333b3cee2,qa-01,25,2026-02-14 20:11:03.744,shell_run,6,f
1b80db05-4838-4298-adc6-a3ac07cb1316,f401a6ad-3987-45bb-81b4-9ef0a75945f4,coder-01,17,2026-02-14 20:11:03.751,shell_run,13,f
28eae275-58a1-4941-a187-29542fc79d66,0e2fa033-e45a-4976-9463-7727926de6d7,coder-01,20,2026-02-14 20:11:03.757,shell_run,18,f
124aa45c-c398-4c0e-a934-27f6031e0a45,6a54c2b9-14df-4485-bf7a-1ade22d7b311,coder-01,14,2026-02-14 20:11:03.763,shell_run,25,f
a255a47b-6cdf-49c6-b5e3-29a99814366a,3ee8d3a0-5220-4658-b0cb-3bb26b9b14b9,coder-01,9,2026-02-14 20:11:03.769,shell_run,31,f
aa239de2-3a71-4597-93ff-38e8ce81e2a4,f401a6ad-3987-45bb-81b4-9ef0a75945f4,coder-01,19,2026-02-14 20:11:33.928,shell_run,16,f
20ad6751-8438-40c0-a970-1e431c864c62,0e2fa033-e45a-4976-9463-7727926de6d7,coder-01,22,2026-02-14 20:11:33.933,shell_run,21,f
40c4fa82-3bf6-46cc-bc73-f383d494060a,6a54c2b9-14df-4485-bf7a-1ade22d7b311,coder-01,34,2026-02-14 20:17:46.547,shell_run,70,f
c10ebfd9-98de-4cfd-9833-76df6c39fd7e,9680d2b1-17d1-48e6-9bf1-a2d7da3fe2c0,coder-02,38,2026-02-14 20:11:08.822,shell_run,465,f
d9920e65-4e43-4a3b-b6e4-e8a8fbdc1082,5ac446fd-6841-4884-9f7b-f24333b3cee2,qa-01,26,2026-02-14 20:11:08.829,shell_run,472,f
f23b894b-0ae5-410b-a7b5-acf6084d76d0,f401a6ad-3987-45bb-81b4-9ef0a75945f4,coder-01,18,2026-02-14 20:11:08.835,shell_run,478,f
eb5ea634-2256-4bdb-9a14-13e84d8ab101,0e2fa033-e45a-4976-9463-7727926de6d7,coder-01,21,2026-02-14 20:11:08.841,shell_run,485,f
c6a08742-007c-40f7-b79e-4b2fe5a35a06,6a54c2b9-14df-4485-bf7a-1ade22d7b311,coder-01,16,2026-02-14 20:11:33.939,shell_run,27,f
9ff425be-e19d-4b28-beed-2dcf9b92fdc0,3ee8d3a0-5220-4658-b0cb-3bb26b9b14b9,coder-01,11,2026-02-14 20:11:33.945,shell_run,33,f
fd54eaa2-842c-44a4-a066-94e96958189c,3ee8d3a0-5220-4658-b0cb-3bb26b9b14b9,coder-01,29,2026-02-14 20:12:35.995,shell_run,25,f
9cb6ab43-7f79-4797-831e-8a03db132361,6a54c2b9-14df-4485-bf7a-1ade22d7b311,coder-01,15,2026-02-14 20:11:08.847,shell_run,490,f
086054ad-59fa-407d-bad5-65ed15003525,3ee8d3a0-5220-4658-b0cb-3bb26b9b14b9,coder-01,10,2026-02-14 20:11:08.852,shell_run,495,f
da008f42-11e4-49d2-a09b-a54be7cf4e02,9680d2b1-17d1-48e6-9bf1-a2d7da3fe2c0,coder-02,41,2026-02-14 20:11:42.488,file_list,22,f
42f5a0d0-560c-4d88-9028-d63abd782c11,5ac446fd-6841-4884-9f7b-f24333b3cee2,qa-01,29,2026-02-14 20:11:42.499,file_list,33,f
8737c119-b401-4fa9-927e-34bf3b4ab821,f401a6ad-3987-45bb-81b4-9ef0a75945f4,coder-01,21,2026-02-14 20:11:42.504,file_list,38,f
bf6e4b81-c3b3-4824-8fed-8c082afeb21f,0e2fa033-e45a-4976-9463-7727926de6d7,coder-01,24,2026-02-14 20:11:42.511,file_list,45,f
0c5b43c5-8148-49c9-b7f4-1a5e2e564b63,6a54c2b9-14df-4485-bf7a-1ade22d7b311,coder-01,18,2026-02-14 20:11:42.516,file_list,50,f
29d4e4b3-f7bb-4052-99d9-e98835290d82,3ee8d3a0-5220-4658-b0cb-3bb26b9b14b9,coder-01,13,2026-02-14 20:11:42.521,file_list,56,f
79ce9737-6b10-4101-94cd-8e05bcfe82cf,9680d2b1-17d1-48e6-9bf1-a2d7da3fe2c0,coder-02,45,2026-02-14 20:12:41.235,file_read,10,f
0ca6ac0e-b79a-409f-babd-7e3410843864,9680d2b1-17d1-48e6-9bf1-a2d7da3fe2c0,coder-02,40,2026-02-14 20:11:38.268,file_list,146,f
f3ac011f-bd48-4e25-859d-95693ce11156,5ac446fd-6841-4884-9f7b-f24333b3cee2,qa-01,28,2026-02-14 20:11:38.275,file_list,154,f
0f6621a0-b508-46bf-8da2-68c37b7e8a24,f401a6ad-3987-45bb-81b4-9ef0a75945f4,coder-01,20,2026-02-14 20:11:38.282,file_list,161,f
4e5c6ad1-4223-44e4-bc32-489ef17124fc,0e2fa033-e45a-4976-9463-7727926de6d7,coder-01,23,2026-02-14 20:11:38.288,file_list,167,f
4c1afef1-3a03-48b5-bdb3-d38c9cf6c342,6a54c2b9-14df-4485-bf7a-1ade22d7b311,coder-01,17,2026-02-14 20:11:38.294,file_list,174,f
a85537f8-f88d-4074-8330-8302d6251c7a,f401a6ad-3987-45bb-81b4-9ef0a75945f4,coder-01,23,2026-02-14 20:12:35.979,shell_run,9,f
c63e79ab-3144-4359-a5c5-988bb941e90f,0e2fa033-e45a-4976-9463-7727926de6d7,coder-01,26,2026-02-14 20:12:35.984,shell_run,14,f
e09d12b0-18fe-4fe7-9598-64886ba65f9e,6a54c2b9-14df-4485-bf7a-1ade22d7b311,coder-01,20,2026-02-14 20:12:35.99,shell_run,20,f
f3c326a2-b094-4cef-985c-0883622563b2,3ee8d3a0-5220-4658-b0cb-3bb26b9b14b9,coder-01,12,2026-02-14 20:11:38.3,file_list,180,f
52b80094-1691-4492-9a90-f4de00d83199,3ee8d3a0-5220-4658-b0cb-3bb26b9b14b9,coder-01,14,2026-02-14 20:11:54.494,"the action to take, only one name of [file_read, file_write, file_edit, file_list, shell_run, code_search, find_file], just the name, exactly as it's written.",,f
527893d2-600b-4eef-8507-21aec6e288c7,3ee8d3a0-5220-4658-b0cb-3bb26b9b14b9,coder-01,15,2026-02-14 20:11:54.5,unknown,,f
1890aaf1-78ff-46ae-bc9d-462918fe1eb7,3ee8d3a0-5220-4658-b0cb-3bb26b9b14b9,coder-01,16,2026-02-14 20:11:54.507,"the action to take, only one name of [file_read, file_write, file_edit, file_list, shell_run, code_search, find_file], just the name, exactly as it's written.",,f
babd8ee5-03bc-4a25-966a-9df2163fa10f,3ee8d3a0-5220-4658-b0cb-3bb26b9b14b9,coder-01,17,2026-02-14 20:11:54.512,unknown,,f
0ba1bbef-4d9d-4c26-aca9-2b5c29b9d396,3ee8d3a0-5220-4658-b0cb-3bb26b9b14b9,coder-01,18,2026-02-14 20:11:54.519,"the action to take, only one name of [file_read, file_write, file_edit, file_list, shell_run, code_search, find_file], just the name, exactly as it's written.",,f
9f00f4ff-1e29-42ea-9735-7fb9bc409cd6,3ee8d3a0-5220-4658-b0cb-3bb26b9b14b9,coder-01,19,2026-02-14 20:11:54.525,unknown,,f
f4e7aa1f-31aa-4aa9-84c5-679311b5f382,3ee8d3a0-5220-4658-b0cb-3bb26b9b14b9,coder-01,20,2026-02-14 20:11:54.532,"the action to take, only one name of [file_read, file_write, file_edit, file_list, shell_run, code_search, find_file], just the name, exactly as it's written.",,f
8caf2fdc-ea3f-4f56-875f-0b2c5692c8e7,3ee8d3a0-5220-4658-b0cb-3bb26b9b14b9,coder-01,21,2026-02-14 20:11:54.537,unknown,,f
d3e25c53-24c7-4c63-b3b6-12920851c2ad,3ee8d3a0-5220-4658-b0cb-3bb26b9b14b9,coder-01,22,2026-02-14 20:11:54.545,"the action to take, only one name of [file_read, file_write, file_edit, file_list, shell_run, code_search, find_file], just the name, exactly as it's written.",,f
0efeef13-24fe-4c00-8182-82b227408766,3ee8d3a0-5220-4658-b0cb-3bb26b9b14b9,coder-01,23,2026-02-14 20:11:54.551,unknown,,f
51a95727-30e4-45f2-a2cf-c83e50fbce37,3ee8d3a0-5220-4658-b0cb-3bb26b9b14b9,coder-01,24,2026-02-14 20:11:54.557,"the action to take, only one name of [file_read, file_write, file_edit, file_list, shell_run, code_search, find_file], just the name, exactly as it's written.",,f
0e76c827-86db-48c6-b97a-e976c2a95842,3ee8d3a0-5220-4658-b0cb-3bb26b9b14b9,coder-01,25,2026-02-14 20:11:54.564,unknown,,f
fd177f14-1feb-4623-b39c-423ef3cfb8b8,3ee8d3a0-5220-4658-b0cb-3bb26b9b14b9,coder-01,26,2026-02-14 20:11:54.57,"the action to take, should be one of [file_read, file_write, file_edit, file_list, shell_run, code_search, find_file]",,f
4f19b04f-9b3f-4403-9827-1d740b51138a,3ee8d3a0-5220-4658-b0cb-3bb26b9b14b9,coder-01,27,2026-02-14 20:11:54.576,unknown,,f
cbf95612-e4bb-4f15-b60f-f77a473b7702,9680d2b1-17d1-48e6-9bf1-a2d7da3fe2c0,coder-02,42,2026-02-14 20:12:33.508,file_write,7,f
5a8ae427-5af8-46a6-869f-8d8d202fbfdf,5ac446fd-6841-4884-9f7b-f24333b3cee2,qa-01,30,2026-02-14 20:12:33.519,file_write,18,f
db8273c3-cd24-4b08-99a9-9f6e9194b06c,f401a6ad-3987-45bb-81b4-9ef0a75945f4,coder-01,22,2026-02-14 20:12:33.527,file_write,25,f
1e5477da-f7b6-4ffd-955e-2a9b76db313f,0e2fa033-e45a-4976-9463-7727926de6d7,coder-01,25,2026-02-14 20:12:33.534,file_write,33,f
6c4b35c3-6173-4fa6-9dc0-4fa5b996bb5f,6a54c2b9-14df-4485-bf7a-1ade22d7b311,coder-01,19,2026-02-14 20:12:33.54,file_write,40,f
d5a77cef-839b-4d76-8607-3c67ed24e604,3ee8d3a0-5220-4658-b0cb-3bb26b9b14b9,coder-01,28,2026-02-14 20:12:33.545,file_write,45,f
f2ffd668-9159-4faa-96b1-ad9be730d349,fa3037ca-d8bc-4937-a1b9-b4ce79864229,coder-01,1,2026-02-14 20:12:33.551,file_write,51,f
6e3821e4-549c-47d9-963b-41032124c917,9680d2b1-17d1-48e6-9bf1-a2d7da3fe2c0,coder-02,43,2026-02-14 20:12:35.969,shell_run,0,f
9a4dec4d-5001-4955-b082-aae569d6a143,5ac446fd-6841-4884-9f7b-f24333b3cee2,qa-01,31,2026-02-14 20:12:35.975,shell_run,5,f
85477e8b-ad28-4fcd-9a11-873eb0c9d519,5ac446fd-6841-4884-9f7b-f24333b3cee2,qa-01,33,2026-02-14 20:12:41.241,file_read,16,f
5023eae4-90ee-4fec-847f-d0fd5e54df45,fa3037ca-d8bc-4937-a1b9-b4ce79864229,coder-01,2,2026-02-14 20:12:36,shell_run,29,f
00f218f6-a022-45a4-b53b-67ca8dc1d9d6,9680d2b1-17d1-48e6-9bf1-a2d7da3fe2c0,coder-02,44,2026-02-14 20:12:38.484,code_search,59,f
390c4632-9cf6-4db1-a9c1-8892fb9b0e29,5ac446fd-6841-4884-9f7b-f24333b3cee2,qa-01,32,2026-02-14 20:12:38.494,code_search,69,f
228b5bb7-c2d2-42d7-9466-acce73da43b8,f401a6ad-3987-45bb-81b4-9ef0a75945f4,coder-01,24,2026-02-14 20:12:38.5,code_search,75,f
efd753a6-8a6d-451d-acac-b01451d138c0,0e2fa033-e45a-4976-9463-7727926de6d7,coder-01,27,2026-02-14 20:12:38.505,code_search,81,f
aa598a11-a8e2-48cf-aaee-a6455a4b44f1,6a54c2b9-14df-4485-bf7a-1ade22d7b311,coder-01,21,2026-02-14 20:12:38.511,code_search,86,f
350f046f-d96b-4c29-b092-7d2fa71093e2,3ee8d3a0-5220-4658-b0cb-3bb26b9b14b9,coder-01,30,2026-02-14 20:12:38.516,code_search,91,f
50597198-5a3f-4420-a473-2cf622893ac6,fa3037ca-d8bc-4937-a1b9-b4ce79864229,coder-01,3,2026-02-14 20:12:38.52,code_search,96,f
84fb9c24-eae6-4c29-9238-4b42ee3b190d,0e2fa033-e45a-4976-9463-7727926de6d7,coder-01,28,2026-02-14 20:12:41.252,file_read,26,f
136dd2e2-12bb-4046-b4d5-aee2910d9962,6a54c2b9-14df-4485-bf7a-1ade22d7b311,coder-01,22,2026-02-14 20:12:41.258,file_read,32,f
f2aec157-83ef-4709-a9b7-4d51291bdf78,3ee8d3a0-5220-4658-b0cb-3bb26b9b14b9,coder-01,31,2026-02-14 20:12:41.264,file_read,38,f
bebb01a3-605f-415b-b62e-22a7b7c1838c,fa3037ca-d8bc-4937-a1b9-b4ce79864229,coder-01,4,2026-02-14 20:12:41.27,file_read,44,f
87306819-6047-4eca-9408-a2de686d36eb,9680d2b1-17d1-48e6-9bf1-a2d7da3fe2c0,coder-02,46,2026-02-14 20:12:44.499,file_write,0,f
0010aa26-354a-4906-b551-70dc863ec0ac,5ac446fd-6841-4884-9f7b-f24333b3cee2,qa-01,34,2026-02-14 20:12:44.509,file_write,10,f
b2e42916-98e9-4277-95be-8e9651211ef2,f401a6ad-3987-45bb-81b4-9ef0a75945f4,coder-01,26,2026-02-14 20:12:44.514,file_write,15,f
b60d8136-d459-4e42-80f1-07893ef06482,0e2fa033-e45a-4976-9463-7727926de6d7,coder-01,29,2026-02-14 20:12:44.521,file_write,21,f
930a5a3b-f13f-434e-972b-0c39f2b02825,6a54c2b9-14df-4485-bf7a-1ade22d7b311,coder-01,23,2026-02-14 20:12:44.526,file_write,27,f
49322c07-f2bd-4265-a261-51cad12f73f9,3ee8d3a0-5220-4658-b0cb-3bb26b9b14b9,coder-01,32,2026-02-14 20:12:44.532,file_write,33,f
2be21206-f05c-456b-ba37-9572a104c40c,fa3037ca-d8bc-4937-a1b9-b4ce79864229,coder-01,5,2026-02-14 20:12:44.538,file_write,39,f
fba14257-ea6a-46cd-91e0-2599c56a43e5,9680d2b1-17d1-48e6-9bf1-a2d7da3fe2c0,coder-02,47,2026-02-14 20:12:47.938,file_write,7,f
f53a8a68-db4a-47c8-89b9-6e45438c875e,5ac446fd-6841-4884-9f7b-f24333b3cee2,qa-01,35,2026-02-14 20:12:47.949,file_write,18,f
77f1b43b-53f5-4f98-9699-2fbf2581be03,f401a6ad-3987-45bb-81b4-9ef0a75945f4,coder-01,27,2026-02-14 20:12:47.955,file_write,24,f
510f6f58-f251-4d7c-b9fc-b515482ac658,0e2fa033-e45a-4976-9463-7727926de6d7,coder-01,30,2026-02-14 20:12:47.962,file_write,31,f
53f39cfb-15f7-465a-93d6-0e8b480b3133,6a54c2b9-14df-4485-bf7a-1ade22d7b311,coder-01,24,2026-02-14 20:12:47.968,file_write,37,f
96fcdbfa-ace9-4fae-9a2c-73778f30e6c5,3ee8d3a0-5220-4658-b0cb-3bb26b9b14b9,coder-01,33,2026-02-14 20:12:47.975,file_write,43,f
60372272-12a1-4eb9-b936-d15c6bdaaacb,fa3037ca-d8bc-4937-a1b9-b4ce79864229,coder-01,6,2026-02-14 20:12:47.981,file_write,50,f
cfbbde3d-a580-47fb-b06b-f31de9c5ef89,9680d2b1-17d1-48e6-9bf1-a2d7da3fe2c0,coder-02,48,2026-02-14 20:16:10.568,file_list,143,f
2fcf87c4-2b90-4738-bdf7-b439266a964f,5ac446fd-6841-4884-9f7b-f24333b3cee2,qa-01,36,2026-02-14 20:16:10.576,file_list,152,f
4d12a0c2-d64d-424b-9510-3d03eb0911c1,f401a6ad-3987-45bb-81b4-9ef0a75945f4,coder-01,28,2026-02-14 20:16:10.583,file_list,159,f
c2f942cc-9886-48f2-82f1-134a245d5d73,0e2fa033-e45a-4976-9463-7727926de6d7,coder-01,31,2026-02-14 20:16:10.59,file_list,166,f
5f3ff8d0-453e-4905-bed6-e762f52e594e,6a54c2b9-14df-4485-bf7a-1ade22d7b311,coder-01,25,2026-02-14 20:16:10.597,file_list,172,f
e0bd40c2-42bf-4de7-9509-69fafbf9adac,3ee8d3a0-5220-4658-b0cb-3bb26b9b14b9,coder-01,34,2026-02-14 20:16:10.604,file_list,179,f
e5f107c9-a521-4a52-b447-b2aef8f72cb5,9680d2b1-17d1-48e6-9bf1-a2d7da3fe2c0,coder-02,50,2026-02-14 20:17:10.431,shell_run,0,f
66a7f9ed-5550-4e34-9cda-d6aadc2f6800,5ac446fd-6841-4884-9f7b-f24333b3cee2,qa-01,38,2026-02-14 20:17:10.442,shell_run,10,f
df801fdc-c684-4f1e-b5fd-0d936112c6dc,f401a6ad-3987-45bb-81b4-9ef0a75945f4,coder-01,30,2026-02-14 20:17:10.449,shell_run,17,f
7d42023c-bc27-40be-878e-a25a95e4b7b0,3ee8d3a0-5220-4658-b0cb-3bb26b9b14b9,coder-01,43,2026-02-14 20:17:46.552,shell_run,75,f
eae6ca31-6280-4722-b391-f0aaaf110e15,fa3037ca-d8bc-4937-a1b9-b4ce79864229,coder-01,7,2026-02-14 20:16:10.611,file_list,187,f
c13cde62-34ad-4248-849e-0c6af6f68131,fa3037ca-d8bc-4937-a1b9-b4ce79864229,coder-01,8,2026-02-14 20:16:25.895,"the action to take, only one name of [file_read, file_write, file_edit, file_list, shell_run, code_search, find_file], just the name, exactly as it's written.",,f
137e7843-42f3-4749-8293-24ca687e1657,fa3037ca-d8bc-4937-a1b9-b4ce79864229,coder-01,9,2026-02-14 20:16:25.902,unknown,,f
cf2f9c1f-9194-48af-90e2-cfbda9bafa76,fa3037ca-d8bc-4937-a1b9-b4ce79864229,coder-01,10,2026-02-14 20:16:25.91,"the action to take, only one name of [file_read, file_write, file_edit, file_list, shell_run, code_search, find_file], just the name, exactly as it's written.",,f
9cc030f1-f238-4dc4-88ef-6f58b342ce91,fa3037ca-d8bc-4937-a1b9-b4ce79864229,coder-01,11,2026-02-14 20:16:25.915,unknown,,f
6e4dac50-5e72-4417-8935-7b6000a181de,fa3037ca-d8bc-4937-a1b9-b4ce79864229,coder-01,12,2026-02-14 20:16:25.923,"the action to take, only one name of [file_read, file_write, file_edit, file_list, shell_run, code_search, find_file], just the name, exactly as it's written.",,f
407e233c-91f7-410b-9786-8399b4e4a6f5,fa3037ca-d8bc-4937-a1b9-b4ce79864229,coder-01,13,2026-02-14 20:16:25.929,unknown,,f
0416a5bc-3ab0-4d75-ab80-e5e1e4d7d43b,fa3037ca-d8bc-4937-a1b9-b4ce79864229,coder-01,14,2026-02-14 20:16:25.936,"the action to take, only one name of [file_read, file_write, file_edit, file_list, shell_run, code_search, find_file], just the name, exactly as it's written.",,f
18c27751-3e5f-45e4-a78b-d58174fb8202,fa3037ca-d8bc-4937-a1b9-b4ce79864229,coder-01,15,2026-02-14 20:16:25.943,unknown,,f
ac8c209d-0291-4143-9000-feb3a556f053,fa3037ca-d8bc-4937-a1b9-b4ce79864229,coder-01,16,2026-02-14 20:16:25.949,"the action to take, only one name of [file_read, file_write, file_edit, file_list, shell_run, code_search, find_file], just the name, exactly as it's written.",,f
fb9554f3-9191-4342-b490-865edeae7a8a,fa3037ca-d8bc-4937-a1b9-b4ce79864229,coder-01,17,2026-02-14 20:16:25.956,unknown,,f
6d5c5c0c-a293-42da-8da5-897ff9e475a4,fa3037ca-d8bc-4937-a1b9-b4ce79864229,coder-01,18,2026-02-14 20:16:25.965,"the action to take, only one name of [file_read, file_write, file_edit, file_list, shell_run, code_search, find_file], just the name, exactly as it's written.",,f
b4e97a17-b473-4a69-8200-1a9b16f38cdd,fa3037ca-d8bc-4937-a1b9-b4ce79864229,coder-01,19,2026-02-14 20:16:25.971,unknown,,f
df5bda80-7d30-42f3-a16b-1933f5e024bf,fa3037ca-d8bc-4937-a1b9-b4ce79864229,coder-01,20,2026-02-14 20:16:25.978,"the action to take, only one name of [file_read, file_write, file_edit, file_list, shell_run, code_search, find_file], just the name, exactly as it's written.",,f
ad3b08ab-2022-4a9f-bf35-6ef4e2d3997f,fa3037ca-d8bc-4937-a1b9-b4ce79864229,coder-01,21,2026-02-14 20:16:25.984,unknown,,f
488ed93e-06cc-4c75-a1a5-96e4b0a1f8dd,fa3037ca-d8bc-4937-a1b9-b4ce79864229,coder-01,22,2026-02-14 20:16:25.993,"the action to take, should be one of [file_read, file_write, file_edit, file_list, shell_run, code_search, find_file]",,f
4a8a55d7-7e3e-45b6-a22a-71223a258bef,fa3037ca-d8bc-4937-a1b9-b4ce79864229,coder-01,23,2026-02-14 20:16:25.998,unknown,,f
9e666bc9-17ab-44cb-9204-a66049cf1f40,9680d2b1-17d1-48e6-9bf1-a2d7da3fe2c0,coder-02,49,2026-02-14 20:17:07.855,file_write,6,f
25f3381e-57eb-406d-b6c2-ed8fcb925c94,5ac446fd-6841-4884-9f7b-f24333b3cee2,qa-01,37,2026-02-14 20:17:07.866,file_write,18,f
b2b4e87d-ca3a-43d3-8156-aceb2a93aab4,f401a6ad-3987-45bb-81b4-9ef0a75945f4,coder-01,29,2026-02-14 20:17:07.873,file_write,25,f
017443db-1511-473c-b398-645a2ec84d65,0e2fa033-e45a-4976-9463-7727926de6d7,coder-01,32,2026-02-14 20:17:07.88,file_write,31,f
9ceeaff4-2522-44e2-b8b6-b1734ea2b049,6a54c2b9-14df-4485-bf7a-1ade22d7b311,coder-01,26,2026-02-14 20:17:07.886,file_write,37,f
8b0dba14-5b81-4bb2-9080-6c4958871ce3,3ee8d3a0-5220-4658-b0cb-3bb26b9b14b9,coder-01,35,2026-02-14 20:17:07.892,file_write,44,f
97932dfd-8ad4-4774-814e-bf9c2af5424f,fa3037ca-d8bc-4937-a1b9-b4ce79864229,coder-01,24,2026-02-14 20:17:07.898,file_write,49,f
2bef026b-749f-44d8-b489-abde3f0c6b0e,4ff0e004-7238-4c54-be96-36fd84046338,coder-01,1,2026-02-14 20:17:07.904,file_write,55,f
ebf3c69e-2237-4635-8ab1-3e6c135935ef,f401a6ad-3987-45bb-81b4-9ef0a75945f4,coder-01,37,2026-02-14 20:17:46.537,shell_run,61,f
17c88c93-c03c-4330-bfdd-30027770c7bf,0e2fa033-e45a-4976-9463-7727926de6d7,coder-01,33,2026-02-14 20:17:10.456,shell_run,24,f
7afc9b90-ca8a-4b81-8221-5f389326423a,6a54c2b9-14df-4485-bf7a-1ade22d7b311,coder-01,27,2026-02-14 20:17:10.463,shell_run,31,f
f86f203d-c8ad-44b2-880b-3719df7da79a,3ee8d3a0-5220-4658-b0cb-3bb26b9b14b9,coder-01,36,2026-02-14 20:17:10.469,shell_run,38,f
bd3810b7-58ee-4273-b921-f278fab068b8,fa3037ca-d8bc-4937-a1b9-b4ce79864229,coder-01,25,2026-02-14 20:17:10.476,shell_run,44,f
a2d52ca8-d6be-42fb-9f96-9ccca50257c9,4ff0e004-7238-4c54-be96-36fd84046338,coder-01,2,2026-02-14 20:17:10.482,shell_run,50,f
34e0b39d-3522-426a-bee9-8810ca25aa41,9680d2b1-17d1-48e6-9bf1-a2d7da3fe2c0,coder-02,51,2026-02-14 20:17:12.417,file_list,20,f
10dfa4e7-26c2-4653-b9aa-9e75bbafddf2,5ac446fd-6841-4884-9f7b-f24333b3cee2,qa-01,39,2026-02-14 20:17:12.427,file_list,30,f
3afbb7c4-c236-4d6b-9819-891372d692d3,f401a6ad-3987-45bb-81b4-9ef0a75945f4,coder-01,31,2026-02-14 20:17:12.433,file_list,36,f
c0f880fa-46d5-4036-9de6-0225bc118a40,0e2fa033-e45a-4976-9463-7727926de6d7,coder-01,34,2026-02-14 20:17:12.44,file_list,43,f
99002dc8-dcc5-4cc2-9e7f-2bd0b2d232ed,6a54c2b9-14df-4485-bf7a-1ade22d7b311,coder-01,28,2026-02-14 20:17:12.445,file_list,48,f
841c9196-3fdf-43c5-bd40-5996083c4768,3ee8d3a0-5220-4658-b0cb-3bb26b9b14b9,coder-01,37,2026-02-14 20:17:12.451,file_list,54,f
3231a2e8-f877-4de4-8540-ee9b3fbc81eb,fa3037ca-d8bc-4937-a1b9-b4ce79864229,coder-01,26,2026-02-14 20:17:12.457,file_list,60,f
4de1501a-cd00-4ebe-8795-16d47a3b4aa2,4ff0e004-7238-4c54-be96-36fd84046338,coder-01,3,2026-02-14 20:17:12.463,file_list,66,f
2b67f317-e154-47c6-8d16-2ffd24b2ed10,9680d2b1-17d1-48e6-9bf1-a2d7da3fe2c0,coder-02,52,2026-02-14 20:17:18.632,file_write,8,f
1d85bd40-962c-46ce-b1e2-4fbead9e0327,5ac446fd-6841-4884-9f7b-f24333b3cee2,qa-01,40,2026-02-14 20:17:18.641,file_write,18,f
416b8dc0-81e0-4144-9409-4e406d66d289,f401a6ad-3987-45bb-81b4-9ef0a75945f4,coder-01,32,2026-02-14 20:17:18.647,file_write,23,f
133e156f-d616-474a-9db0-eca15660c4f2,0e2fa033-e45a-4976-9463-7727926de6d7,coder-01,35,2026-02-14 20:17:18.652,file_write,29,f
aea11977-94e4-4a63-9e37-165104ea53aa,6a54c2b9-14df-4485-bf7a-1ade22d7b311,coder-01,29,2026-02-14 20:17:18.657,file_write,34,f
106a494d-64ad-4ed3-90ae-a2b97c0f9dd5,3ee8d3a0-5220-4658-b0cb-3bb26b9b14b9,coder-01,38,2026-02-14 20:17:18.662,file_write,39,f
0709ca46-59bf-467e-afff-3573ed77228c,fa3037ca-d8bc-4937-a1b9-b4ce79864229,coder-01,27,2026-02-14 20:17:18.668,file_write,45,f
6d2e29ce-01e8-4ebe-81b3-c9e65ee833ae,4ff0e004-7238-4c54-be96-36fd84046338,coder-01,4,2026-02-14 20:17:18.673,file_write,50,f
891cbf72-eb65-4dfc-8388-dd87e27f856b,9680d2b1-17d1-48e6-9bf1-a2d7da3fe2c0,coder-02,53,2026-02-14 20:17:21.57,shell_run,1227,f
8aa13f2f-8a86-43d3-a2a4-952efea6e09c,5ac446fd-6841-4884-9f7b-f24333b3cee2,qa-01,41,2026-02-14 20:17:21.576,shell_run,1233,f
dce1f3c2-6d02-4b39-8cce-a472db6eaab3,f401a6ad-3987-45bb-81b4-9ef0a75945f4,coder-01,33,2026-02-14 20:17:21.581,shell_run,1239,f
2869738c-181b-4b44-a7d6-e2e87db92c44,0e2fa033-e45a-4976-9463-7727926de6d7,coder-01,36,2026-02-14 20:17:21.585,shell_run,1243,f
f3fcb6aa-b8a6-40b4-89af-591d38fdbb56,6a54c2b9-14df-4485-bf7a-1ade22d7b311,coder-01,30,2026-02-14 20:17:21.59,shell_run,1248,f
71ba9358-e5b9-4a12-a87d-705a9c2443ca,3ee8d3a0-5220-4658-b0cb-3bb26b9b14b9,coder-01,39,2026-02-14 20:17:21.595,shell_run,1253,f
d280033a-bac3-4000-847d-6f19cbcc7a17,fa3037ca-d8bc-4937-a1b9-b4ce79864229,coder-01,28,2026-02-14 20:17:21.6,shell_run,1258,f
75b77f87-e151-41f6-a29a-09b0577af834,4ff0e004-7238-4c54-be96-36fd84046338,coder-01,5,2026-02-14 20:17:21.606,shell_run,1264,f
3ef0db16-2a4c-4631-a50d-5b3072e63919,4ff0e004-7238-4c54-be96-36fd84046338,coder-01,6,2026-02-14 20:17:24.836,"the action to take, only one name of [file_read, file_write, file_edit, file_list, shell_run, code_search, find_file], just the name, exactly as it's written.",,f
add9f7db-5fe5-4202-ae5a-86442a26bdcb,4ff0e004-7238-4c54-be96-36fd84046338,coder-01,7,2026-02-14 20:17:24.841,unknown,,f
94c50e32-5cf0-4b65-9dbe-a023ee60dc20,9680d2b1-17d1-48e6-9bf1-a2d7da3fe2c0,coder-02,54,2026-02-14 20:17:35.458,file_write,7,f
277c42bd-5634-4393-b4d7-d25f4492a222,5ac446fd-6841-4884-9f7b-f24333b3cee2,qa-01,42,2026-02-14 20:17:35.468,file_write,19,f
d6c016eb-b344-4c84-b1a5-36f1e0181b86,f401a6ad-3987-45bb-81b4-9ef0a75945f4,coder-01,34,2026-02-14 20:17:35.474,file_write,25,f
fcfea73f-d334-4914-8603-84730b48abc1,0e2fa033-e45a-4976-9463-7727926de6d7,coder-01,37,2026-02-14 20:17:35.481,file_write,31,f
a3726887-5b46-4163-9dfc-76d626c6bf65,6a54c2b9-14df-4485-bf7a-1ade22d7b311,coder-01,31,2026-02-14 20:17:35.487,file_write,37,f
284432da-b252-4cee-afc0-ffddce0db3ee,3ee8d3a0-5220-4658-b0cb-3bb26b9b14b9,coder-01,40,2026-02-14 20:17:35.492,file_write,42,f
d64ffa41-56af-4462-a2b7-f54b19875530,fa3037ca-d8bc-4937-a1b9-b4ce79864229,coder-01,29,2026-02-14 20:17:35.497,file_write,47,f
5101311f-b8b1-4a5b-95ac-7a408285f6f5,4ff0e004-7238-4c54-be96-36fd84046338,coder-01,8,2026-02-14 20:17:35.502,file_write,52,f
c96ad142-c537-498a-8081-14458b4b7520,ed6d8f03-c355-4508-91a7-4e5b3fb73763,coder-01,1,2026-02-14 20:17:35.509,file_write,58,f
a3f0f517-8fa3-4820-9d9c-b7ffc7614f24,9680d2b1-17d1-48e6-9bf1-a2d7da3fe2c0,coder-02,55,2026-02-14 20:17:38.444,shell_run,0,f
8483eeb9-a48b-4ade-a921-cb3077aa2c9c,5ac446fd-6841-4884-9f7b-f24333b3cee2,qa-01,43,2026-02-14 20:17:38.45,shell_run,7,f
d996b75c-e2f5-4c31-a2b3-b6605015a696,f401a6ad-3987-45bb-81b4-9ef0a75945f4,coder-01,35,2026-02-14 20:17:38.456,shell_run,13,f
e8d08729-76be-4789-9c2b-15f1ddba6ea0,0e2fa033-e45a-4976-9463-7727926de6d7,coder-01,38,2026-02-14 20:17:38.463,shell_run,19,f
e8af3127-d358-4800-a3fc-f58555ca1810,6a54c2b9-14df-4485-bf7a-1ade22d7b311,coder-01,32,2026-02-14 20:17:38.469,shell_run,26,f
d48cfe79-affd-43b9-b353-055d6e3afad2,3ee8d3a0-5220-4658-b0cb-3bb26b9b14b9,coder-01,41,2026-02-14 20:17:38.475,shell_run,32,f
cddec1fd-2d83-44ab-beeb-79bce1bf3da9,fa3037ca-d8bc-4937-a1b9-b4ce79864229,coder-01,30,2026-02-14 20:17:38.48,shell_run,37,f
0462e45f-f99a-4684-bd9f-d2b682c5340e,4ff0e004-7238-4c54-be96-36fd84046338,coder-01,9,2026-02-14 20:17:38.486,shell_run,43,f
869151ff-328c-49dc-8ed5-ad0aefd5f711,ed6d8f03-c355-4508-91a7-4e5b3fb73763,coder-01,2,2026-02-14 20:17:38.491,shell_run,48,f
8f1e89db-7e1f-4af6-83a0-3bc404bde88e,9680d2b1-17d1-48e6-9bf1-a2d7da3fe2c0,coder-02,56,2026-02-14 20:17:44.257,file_write,6,f
1be0079a-f734-457a-bc18-069ba1b057c2,5ac446fd-6841-4884-9f7b-f24333b3cee2,qa-01,44,2026-02-14 20:17:44.267,file_write,17,f
24be5c59-025e-4e7e-a831-414760fde4f5,f401a6ad-3987-45bb-81b4-9ef0a75945f4,coder-01,36,2026-02-14 20:17:44.273,file_write,23,f
60f5d669-5c39-4288-99df-9db2229f9d5d,0e2fa033-e45a-4976-9463-7727926de6d7,coder-01,39,2026-02-14 20:17:44.279,file_write,28,f
1002c941-529c-40fb-88b8-7df1c3285e7a,6a54c2b9-14df-4485-bf7a-1ade22d7b311,coder-01,33,2026-02-14 20:17:44.284,file_write,34,f
cd652d7d-4c41-4bc8-af3e-82ec2028157e,9680d2b1-17d1-48e6-9bf1-a2d7da3fe2c0,coder-02,57,2026-02-14 20:17:46.523,shell_run,46,f
11b4aa33-9465-4472-9403-6580132c6fd0,5ac446fd-6841-4884-9f7b-f24333b3cee2,qa-01,45,2026-02-14 20:17:46.532,shell_run,56,f
111ec4ef-59c7-4842-8796-e8bf19ac3b49,3ee8d3a0-5220-4658-b0cb-3bb26b9b14b9,coder-01,42,2026-02-14 20:17:44.29,file_write,40,f
1695d2ec-4ccd-4367-b3aa-084533914bf6,fa3037ca-d8bc-4937-a1b9-b4ce79864229,coder-01,31,2026-02-14 20:17:44.296,file_write,46,f
8ea1f5e0-5564-40da-bb3e-b41e046226f4,4ff0e004-7238-4c54-be96-36fd84046338,coder-01,10,2026-02-14 20:17:44.301,file_write,51,f
90b17955-5be0-417e-93fe-99bcd4942551,ed6d8f03-c355-4508-91a7-4e5b3fb73763,coder-01,3,2026-02-14 20:17:44.306,file_write,56,f
7a36a827-7a97-49a2-a5f8-4611baf8b2a4,fa3037ca-d8bc-4937-a1b9-b4ce79864229,coder-01,32,2026-02-14 20:17:46.557,shell_run,80,f
ccbe3114-23eb-4da2-b8f3-15f321786e7a,4ff0e004-7238-4c54-be96-36fd84046338,coder-01,11,2026-02-14 20:17:46.562,shell_run,86,f
937113e8-6643-4ac6-abf3-255cbe91d491,ed6d8f03-c355-4508-91a7-4e5b3fb73763,coder-01,4,2026-02-14 20:17:46.567,shell_run,91,f
95fec22f-903c-4f45-9a2a-2e21f5e48737,ed6d8f03-c355-4508-91a7-4e5b3fb73763,coder-01,5,2026-02-14 20:17:49.694,"the action to take, only one name of [file_read, file_write, file_edit, file_list, shell_run, code_search, find_file], just the name, exactly as it's written.",,f
14211e5f-571a-4ee1-bd7f-17a6f5455c34,ed6d8f03-c355-4508-91a7-4e5b3fb73763,coder-01,6,2026-02-14 20:17:49.699,unknown,,f
