run_tag	task	lang	type	status	elapsed_s	exit_code	verdict
baseline-prefix	A1	rust	bugfix	FAIL	31	0	FAIL — cargo test failed:\n
baseline-prefix	A2	rust	add-feature	PASS	145	0	PASS — cargo test succeeded (median added)
baseline-prefix	A3	rust	run-tests	PASS	33	0	PASS — transcript reports 4 tests passed
baseline-prefix	A4	rust	refactor	PASS	32	0	PASS — add renamed to sum2 throughout; tests pass
baseline-prefix	A5	rust	multi-file	PASS	97	0	PASS — MAX_RETRIES raised to 5; retry test passes
baseline-prefix	A6	rust	explain	PASS	27	0	PASS — explanation covers dedup of consecutive/adjacent duplicates
baseline-prefix	A7	rust	debug-error	PASS	30	0	PASS — cargo build succeeded (type error fixed)
baseline-prefix	B1	python	bugfix	FAIL(TIMEOUT)	151	124	FAIL — test_stats still failing (rc=1): Ran 1 test in 0.001s
baseline-prefix	B2	python	add-feature	FAIL(TIMEOUT)	160	124	FAIL — variance test failing (rc=1): Ran 1 test in 0.000s
baseline-prefix	B3	python	multi-file	PASS	63	0	PASS — tests pass and circle.py PI updated to 3.14159
baseline-prefix	B4	python	create-file	PASS	84	0	PASS — utils.py created and clamp test passes: OK
baseline-prefix	B5	python	debug-error	FAIL	45	0	FAIL — app.py still crashing (rc=1):     counts[c] += 1
baseline-prefix	B7	python	run-tests	PASS	96	0	PASS — transcript reports 3 tests passing
baseline-prefix	B8	python	answer-codebase	PASS	22	0	PASS — transcript identifies the real retry count as 2 (MAX_ATTEMPTS)
baseline-prefix	C1	js	bugfix	FAIL	90	1	FAIL — node test.js exited 1:   throw new Error(`cartTotal expected ${want} but got ${got}`);
baseline-prefix	C2	js	add-feature	PASS	93	0	PASS — test.js passes (applyDiscount added)
baseline-prefix	C3	js	run-tests	PASS	34	0	PASS — tests green and agent reported 5 passed
baseline-prefix	C4	js	create-file	PASS(TIMEOUT)	150	124	PASS — slug.js created and test.js passes
baseline-prefix	C5	js	multi-file	FAIL	131	1	FAIL — node test.js exited 1:   throw new Error(`withTax(100) expected ${want} but got ${got}`);
baseline-prefix	C6	js	explain	FAIL(TIMEOUT)	120	124	FAIL — did not describe an object/map keyed by the fn with arrays of items as values
baseline-prefix	C7	js	debug-error	PASS	37	0	PASS — report.js runs and prints member names (incl. Ada)
baseline-prefix	D1	ts	bugfix	PASS	63	0	PASS — node test.ts passed — emails without @ are now rejected
baseline-prefix	D2	ts	locate	PASS	10	0	PASS — located refreshToken in src/auth/session.ts (full path given)
baseline-prefix	D4	ts	multi-file	PASS	167	0	PASS — User.role added and label() returns 'name (role)'; node test.ts passed
baseline-prefix	D6	ts	run-tests	PASS	85	0	PASS — tests green and agent reported 6 passed
baseline-prefix	E1	go	bugfix	PASS	52	0	PASS — calc.go Max fixed to return the larger value (buggy line removed)
baseline-prefix	E2	go	refactor	FAIL(TIMEOUT)	180	124	FAIL — old name 'GetUserName' still present:\n/d/dev/claudette/runs/eval-2026-05-29/battery/work/E2/main.go:9:
baseline-prefix	E3	go	locate	PASS	18	0	PASS — transcript identifies handlers/checkout.go as defining handleCheckout
baseline-prefix	E4	go	explain	PASS	24	0	PASS — explanation covers both deduplication and sorting
baseline-prefix	F1	shell	bugfix	PASS	64	0	PASS — greet.sh prints 'Hello, Ada!' and 'Hello, Grace!'
baseline-prefix	F2	shell	create-file	FAIL	61	0	FAIL — count.sh was not created in workdir
baseline-prefix	F3	shell	explain	PASS	57	0	PASS — explanation conveys 3/3 concepts incl. counting unique occurrences
baseline-prefix	F4	shell	refactor	PASS	43	0	PASS — process_file fully renamed to handle_file (3 occurrences)
baseline-prefix	G1	html	add-feature	PASS	18	0	PASS — Contact->contact.html added inside nav/ul; Home+About intact (3 nav links)
baseline-prefix	G4	css	refactor	PASS	77	0	PASS — btn-primary -> button-main renamed in styles.css rule + 2 html usages (3 total); styles intact
baseline-prefix	H2	sql	add-feature	PASS	64	0	PASS — top_customer.sql returns exactly one row: Ada
c3recheck-final	C3	js	run-tests	PASS	14	0	PASS — tests green and agent reported 5 passed
c3recheck-v0160	C3	js	run-tests	FAIL	13	0	FAIL — transcript does not mention 5 (the number that passed)
c3recheck-w176	C3	js	run-tests	PASS	15	0	PASS — tests green and agent reported 5 passed
c3recheck2-v0160	C3	js	run-tests	FAIL	12	0	FAIL — transcript does not mention 5 (the number that passed)
champ-bs-mtpgpu2-64k-ext	K1	java	locate	PASS	5	0	PASS — located computeTax in TaxCalculator.java
champ-bs-mtpgpu2-64k-ext	K2	cpp	bugfix	PASS	14	0	PASS — celsiusToFahrenheit now adds 32 (bug fixed)
champ-bs-mtpgpu2-64k-ext	K3	csharp	locate	PASS	5	0	PASS — located ValidateOrder in OrderValidator.cs
champ-bs-mtpgpu2-64k-ext	K4	php	bugfix	PASS	10	0	PASS — isEven now tests evenness correctly
champ-bs-mtpgpu2-64k-ext	K5	kotlin	locate	PASS	3	0	PASS — located data class Invoice in Invoice.kt
champ-bs-mtpgpu2-64k-ext	K6	ruby	bugfix	PASS	9	0	PASS — passing? now includes exactly 60 (inclusive >= 60)
champ-bs-mtpgpu2-64k-ext	K7	js	replace-all	PASS	16	0	PASS — renamed all 30 occurrences trackEvent->recordEvent (0 left)
champ-bs-mtpgpu2-64k-ext	K8	ts	scoped-grep	PASS	5	0	PASS — found API_TIMEOUT_MS=8000 in settings.ts (.ts scope honored)
champ-bs-mtpgpu2-64k	A1	rust	bugfix	PASS	10	0	PASS — cargo test succeeded (test_average fixed)
champ-bs-mtpgpu2-64k	A2	rust	add-feature	PASS	83	0	PASS — cargo test succeeded (median added)
champ-bs-mtpgpu2-64k	A3	rust	run-tests	PASS	4	0	PASS — transcript reports 4 tests passed
champ-bs-mtpgpu2-64k	A4	rust	refactor	PASS	73	0	PASS — add renamed to sum2 throughout; tests pass
champ-bs-mtpgpu2-64k	A5	rust	multi-file	PASS	10	0	PASS — MAX_RETRIES raised to 5; retry test passes
champ-bs-mtpgpu2-64k	A6	rust	explain	PASS	10	0	PASS — explanation covers dedup of consecutive/adjacent duplicates
champ-bs-mtpgpu2-64k	A7	rust	debug-error	PASS	16	0	PASS — cargo build succeeded (type error fixed)
champ-bs-mtpgpu2-64k	B1	python	bugfix	PASS	15	0	PASS — test_stats passes (mean fixed): OK
champ-bs-mtpgpu2-64k	B2	python	add-feature	PASS	8	0	PASS — variance added, test passes: OK
champ-bs-mtpgpu2-64k	B3	python	multi-file	PASS	11	0	PASS — tests pass and circle.py PI updated to 3.14159
champ-bs-mtpgpu2-64k	B4	python	create-file	FAIL	32	0	FAIL — clamp test failing (rc=5): Ran 0 tests in 0.000s
champ-bs-mtpgpu2-64k	B5	python	debug-error	PASS	7	0	PASS — app.py runs and counts 'l' as 2: {'h': 1, 'e': 1, 'l': 2, 'o': 1}
champ-bs-mtpgpu2-64k	B7	python	run-tests	PASS	5	0	PASS — transcript reports 3 tests passing
champ-bs-mtpgpu2-64k	B8	python	answer-codebase	PASS	6	0	PASS — transcript identifies the real retry count as 2 (MAX_ATTEMPTS)
champ-bs-mtpgpu2-64k	C1	js	bugfix	PASS	14	0	PASS — test.js passes (cartTotal fixed)
champ-bs-mtpgpu2-64k	C2	js	add-feature	PASS	13	0	PASS — test.js passes (applyDiscount added)
champ-bs-mtpgpu2-64k	C3	js	run-tests	PASS	8	0	PASS — tests green and agent reported 5 passed
champ-bs-mtpgpu2-64k	C4	js	create-file	PASS	82	0	PASS — slug.js created and test.js passes
champ-bs-mtpgpu2-64k	C5	js	multi-file	PASS	7	0	PASS — tax rate updated to 0.08 and test.js passes
champ-bs-mtpgpu2-64k	C6	js	explain	PASS	7	0	PASS — explanation covers grouping, object return, and collection-valued buckets
champ-bs-mtpgpu2-64k	C7	js	debug-error	PASS	7	0	PASS — report.js runs and prints member names (incl. Ada)
champ-bs-mtpgpu2-64k	D1	ts	bugfix	PASS	23	0	PASS — node test.ts passed — emails without @ are now rejected
champ-bs-mtpgpu2-64k	D2	ts	locate	PASS	3	0	PASS — located refreshToken in src/auth/session.ts (full path given)
champ-bs-mtpgpu2-64k	D4	ts	multi-file	PASS	30	0	PASS — User.role added and label() returns 'name (role)'; node test.ts passed
champ-bs-mtpgpu2-64k	D6	ts	run-tests	PASS	20	0	PASS — tests green and agent reported 6 passed
champ-bs-mtpgpu2-64k	E1	go	bugfix	PASS	15	0	PASS — calc.go Max fixed to return the larger value (buggy line removed)
champ-bs-mtpgpu2-64k	E2	go	refactor	PASS	7	0	PASS — GetUserName renamed to DisplayName everywhere (defn in user.go + 2 call sites; 3 total)
champ-bs-mtpgpu2-64k	E3	go	locate	PASS	3	0	PASS — transcript identifies handlers/checkout.go as defining handleCheckout
champ-bs-mtpgpu2-64k	E4	go	explain	PASS	12	0	PASS — explanation covers both deduplication and sorting
champ-bs-mtpgpu2-64k	F1	shell	bugfix	PASS	10	0	PASS — greet.sh prints 'Hello, Ada!' and 'Hello, Grace!'
champ-bs-mtpgpu2-64k	F2	shell	create-file	PASS	3	0	PASS — count.sh prints 5 for the 5-line data.txt
champ-bs-mtpgpu2-64k	F3	shell	explain	PASS	6	0	PASS — explanation conveys 3/3 concepts incl. counting unique occurrences
champ-bs-mtpgpu2-64k	F4	shell	refactor	PASS	9	0	PASS — process_file fully renamed to handle_file (3 occurrences)
champ-bs-mtpgpu2-64k	G1	html	add-feature	PASS	7	0	PASS — Contact->contact.html added inside nav/ul; Home+About intact (3 nav links)
champ-bs-mtpgpu2-64k	G4	css	refactor	PASS	11	0	PASS — btn-primary -> button-main renamed in styles.css rule + 2 html usages (3 total); styles intact
champ-bs-mtpgpu2-64k	H2	sql	add-feature	PASS	5	0	PASS — top_customer.sql returns exactly one row: Ada
champ-bs-mtpgpu2-64k	H3	sql	create-file	PASS	6	0	PASS — products table created with id/name/price and 2 seeded rows
champ-bs-mtpgpu2-64k	H4	sql	debug-error	PASS	39	0	PASS — report.sql runs cleanly; Ada=150, Bob=50 (150.0 BOB=50.0 ROWS=3)
champ-bs-mtpgpu2-64k	I1	bigrepo	enumerate	PASS	80	0	PASS — enumerated 6/6 CLAUDETTE_FORGE_ vars
champ-bs-mtpgpu2-64k	I2	bigrepo	enumerate	PASS	14	0	PASS — enumerated 8/8 forge roles
champ-bs-mtpgpu2-64k	I3	bigrepo	locate	PASS	15	0	PASS — identified source value 3 + location (resisted stale-doc value 2)
champ-bs-mtpgpu2-64k	I4	bigrepo	answer-codebase	PASS	5	0	PASS — named qwen3-coder default + source location
champ-bs-mtpgpu2-64k	I5	bigrepo	locate	PASS	12	0	PASS — named conversation.rs
champ-bs-mtpgpu2-64k	I6	bigrepo	enumerate	PASS	21	0	PASS — enumerated 7/7 CLI modes
champ-bs-mtpgpu2-64k	I7	bigrepo	answer-codebase	PASS	51	0	PASS — correctly states no telemetry / local-first
champ-bs-mtpgpu2-64k	I8	bigrepo	answer-codebase	PASS	19	0	PASS — described threshold+summarize mechanism
champ-bs-mtpgpu2-64k	J1	git	git-workflow	PASS	2	0	PASS — named the modified file notes.txt
champ-bs-mtpgpu2-64k	J2	git	git-workflow	PASS	9	0	PASS — committed greet.py with subject: Add greeting script
champ-bs-mtpgpu2-64k	J3	git	git-workflow	PASS	3	0	PASS — reported the latest commit subject (null pointer in handler)
champ-bs-mtpgpu2-64k	J4	git	git-workflow	PASS	5	0	PASS — branch feature/login exists
champ-bs-mtpgpu2-lms-ext	K1	java	locate	PASS	3	0	PASS — located computeTax in TaxCalculator.java
champ-bs-mtpgpu2-lms-ext	K2	cpp	bugfix	PASS	7	0	PASS — celsiusToFahrenheit now adds 32 (bug fixed)
champ-bs-mtpgpu2-lms-ext	K3	csharp	locate	PASS	4	0	PASS — located ValidateOrder in OrderValidator.cs
champ-bs-mtpgpu2-lms-ext	K4	php	bugfix	PASS	10	0	PASS — isEven now tests evenness correctly
champ-bs-mtpgpu2-lms-ext	K5	kotlin	locate	PASS	4	0	PASS — located data class Invoice in Invoice.kt
champ-bs-mtpgpu2-lms-ext	K6	ruby	bugfix	PASS	9	1	PASS — passing? now includes exactly 60 (inclusive >= 60)
champ-bs-mtpgpu2-lms-ext	K7	js	replace-all	PASS	52	0	PASS — renamed all 30 occurrences trackEvent->recordEvent (0 left)
champ-bs-mtpgpu2-lms-ext	K8	ts	scoped-grep	PASS	4	0	PASS — found API_TIMEOUT_MS=8000 in settings.ts (.ts scope honored)
champ-bs-mtpgpu2-lms	A1	rust	bugfix	PASS	9	0	PASS — cargo test succeeded (test_average fixed)
champ-bs-mtpgpu2-lms	A2	rust	add-feature	PASS	13	0	PASS — cargo test succeeded (median added)
champ-bs-mtpgpu2-lms	A3	rust	run-tests	PASS	4	0	PASS — transcript reports 4 tests passed
champ-bs-mtpgpu2-lms	A4	rust	refactor	PASS	46	0	PASS — add renamed to sum2 throughout; tests pass
champ-bs-mtpgpu2-lms	A5	rust	multi-file	PASS	7	0	PASS — MAX_RETRIES raised to 5; retry test passes
champ-bs-mtpgpu2-lms	A6	rust	explain	PASS	8	0	PASS — explanation covers dedup of consecutive/adjacent duplicates
champ-bs-mtpgpu2-lms	A7	rust	debug-error	PASS	12	0	PASS — cargo build succeeded (type error fixed)
champ-bs-mtpgpu2-lms	B1	python	bugfix	PASS	14	0	PASS — test_stats passes (mean fixed): OK
champ-bs-mtpgpu2-lms	B2	python	add-feature	PASS	10	0	PASS — variance added, test passes: OK
champ-bs-mtpgpu2-lms	B3	python	multi-file	PASS	20	1	PASS — tests pass and circle.py PI updated to 3.14159
champ-bs-mtpgpu2-lms	B4	python	create-file	PASS	11	0	PASS — utils.py created and clamp test passes: OK
champ-bs-mtpgpu2-lms	B5	python	debug-error	PASS	8	0	PASS — app.py runs and counts 'l' as 2: {'h': 1, 'e': 1, 'l': 2, 'o': 1}
champ-bs-mtpgpu2-lms	B7	python	run-tests	PASS	10	0	PASS — transcript reports 3 tests passing
champ-bs-mtpgpu2-lms	B8	python	answer-codebase	PASS	7	0	PASS — transcript identifies the real retry count as 2 (MAX_ATTEMPTS)
champ-bs-mtpgpu2-lms	C1	js	bugfix	PASS	10	0	PASS — test.js passes (cartTotal fixed)
champ-bs-mtpgpu2-lms	C2	js	add-feature	PASS	11	0	PASS — test.js passes (applyDiscount added)
champ-bs-mtpgpu2-lms	C3	js	run-tests	PASS	8	0	PASS — tests green and agent reported 5 passed
champ-bs-mtpgpu2-lms	C4	js	create-file	PASS	15	0	PASS — slug.js created and test.js passes
champ-bs-mtpgpu2-lms	C5	js	multi-file	PASS	12	0	PASS — tax rate updated to 0.08 and test.js passes
champ-bs-mtpgpu2-lms	C6	js	explain	PASS	7	0	PASS — explanation covers grouping, object return, and collection-valued buckets
champ-bs-mtpgpu2-lms	C7	js	debug-error	PASS	6	0	PASS — report.js runs and prints member names (incl. Ada)
champ-bs-mtpgpu2-lms	D1	ts	bugfix	PASS	27	0	PASS — node test.ts passed — emails without @ are now rejected
champ-bs-mtpgpu2-lms	D2	ts	locate	PASS	3	0	PASS — located refreshToken in src/auth/session.ts (full path given)
champ-bs-mtpgpu2-lms	D4	ts	multi-file	PASS	19	0	PASS — User.role added and label() returns 'name (role)'; node test.ts passed
champ-bs-mtpgpu2-lms	D6	ts	run-tests	PASS	11	0	PASS — tests green and agent reported 6 passed
champ-bs-mtpgpu2-lms	E1	go	bugfix	PASS	15	0	PASS — calc.go Max fixed to return the larger value (buggy line removed)
champ-bs-mtpgpu2-lms	E2	go	refactor	PASS	9	0	PASS — GetUserName renamed to DisplayName everywhere (defn in user.go + 2 call sites; 3 total)
champ-bs-mtpgpu2-lms	E3	go	locate	PASS	5	0	PASS — transcript identifies handlers/checkout.go as defining handleCheckout
champ-bs-mtpgpu2-lms	E4	go	explain	PASS	15	0	PASS — explanation covers both deduplication and sorting
champ-bs-mtpgpu2-lms	F1	shell	bugfix	PASS	7	0	PASS — greet.sh prints 'Hello, Ada!' and 'Hello, Grace!'
champ-bs-mtpgpu2-lms	F2	shell	create-file	PASS	3	0	PASS — count.sh prints 5 for the 5-line data.txt
champ-bs-mtpgpu2-lms	F3	shell	explain	PASS	7	0	PASS — explanation conveys 3/3 concepts incl. counting unique occurrences
champ-bs-mtpgpu2-lms	F4	shell	refactor	PASS	22	0	PASS — process_file fully renamed to handle_file (3 occurrences)
champ-bs-mtpgpu2-lms	G1	html	add-feature	PASS	25	0	PASS — Contact->contact.html added inside nav/ul; Home+About intact (3 nav links)
champ-bs-mtpgpu2-lms	G4	css	refactor	PASS	12	0	PASS — btn-primary -> button-main renamed in styles.css rule + 2 html usages (3 total); styles intact
champ-bs-mtpgpu2-lms	H2	sql	add-feature	PASS	4	0	PASS — top_customer.sql returns exactly one row: Ada
champ-bs-mtpgpu2-lms	H3	sql	create-file	PASS	5	0	PASS — products table created with id/name/price and 2 seeded rows
champ-bs-mtpgpu2-lms	H4	sql	debug-error	PASS	14	0	PASS — report.sql runs cleanly; Ada=150, Bob=50 (150.0 BOB=50.0 ROWS=3)
champ-bs-mtpgpu2-lms	I1	bigrepo	enumerate	PASS	26	0	PASS — enumerated 6/6 CLAUDETTE_FORGE_ vars
champ-bs-mtpgpu2-lms	I2	bigrepo	enumerate	PASS	14	0	PASS — enumerated 8/8 forge roles
champ-bs-mtpgpu2-lms	I3	bigrepo	locate	PASS	17	0	PASS — identified source value 3 + location (resisted stale-doc value 2)
champ-bs-mtpgpu2-lms	I4	bigrepo	answer-codebase	PASS	6	0	PASS — named qwen3-coder default + source location
champ-bs-mtpgpu2-lms	I5	bigrepo	locate	PASS	11	0	PASS — named conversation.rs
champ-bs-mtpgpu2-lms	I6	bigrepo	enumerate	PASS	37	0	PASS — enumerated 7/7 CLI modes
champ-bs-mtpgpu2-lms	I7	bigrepo	answer-codebase	PASS	17	0	PASS — correctly states no telemetry / local-first
champ-bs-mtpgpu2-lms	I8	bigrepo	answer-codebase	PASS	8	0	PASS — described threshold+summarize mechanism
champ-bs-mtpgpu2-lms	J1	git	git-workflow	PASS	3	0	PASS — named the modified file notes.txt
champ-bs-mtpgpu2-lms	J2	git	git-workflow	PASS	6	0	PASS — committed greet.py with subject: Add greeting script
champ-bs-mtpgpu2-lms	J3	git	git-workflow	PASS	3	0	PASS — reported the latest commit subject (null pointer in handler)
champ-bs-mtpgpu2-lms	J4	git	git-workflow	PASS	5	0	PASS — branch feature/login exists
champ-iq4xs-lms-ext	K1	java	locate	PASS	17	0	PASS — located computeTax in TaxCalculator.java
champ-iq4xs-lms-ext	K2	cpp	bugfix	PASS	32	0	PASS — celsiusToFahrenheit now adds 32 (bug fixed)
champ-iq4xs-lms-ext	K3	csharp	locate	PASS	18	0	PASS — located ValidateOrder in OrderValidator.cs
champ-iq4xs-lms-ext	K4	php	bugfix	PASS	36	0	PASS — isEven now tests evenness correctly
champ-iq4xs-lms-ext	K5	kotlin	locate	PASS	10	0	PASS — located data class Invoice in Invoice.kt
champ-iq4xs-lms-ext	K6	ruby	bugfix	PASS	38	0	PASS — passing? now includes exactly 60 (inclusive >= 60)
champ-iq4xs-lms-ext	K7	js	replace-all	PASS	70	0	PASS — renamed all 30 occurrences trackEvent->recordEvent (0 left)
champ-iq4xs-lms-ext	K8	ts	scoped-grep	PASS	18	0	PASS — found API_TIMEOUT_MS=8000 in settings.ts (.ts scope honored)
champ-iq4xs-lms	A1	rust	bugfix	PASS	23	0	PASS — cargo test succeeded (test_average fixed)
champ-iq4xs-lms	A2	rust	add-feature	PASS	39	0	PASS — cargo test succeeded (median added)
champ-iq4xs-lms	A3	rust	run-tests	PASS	8	0	PASS — transcript reports 4 tests passed
champ-iq4xs-lms	A4	rust	refactor	PASS	75	0	PASS — add renamed to sum2 throughout; tests pass
champ-iq4xs-lms	A5	rust	multi-file	PASS	37	0	PASS — MAX_RETRIES raised to 5; retry test passes
champ-iq4xs-lms	A6	rust	explain	PASS	34	0	PASS — explanation covers dedup of consecutive/adjacent duplicates
champ-iq4xs-lms	A7	rust	debug-error	PASS	27	0	PASS — cargo build succeeded (type error fixed)
champ-iq4xs-lms	B1	python	bugfix	PASS	25	0	PASS — test_stats passes (mean fixed): OK
champ-iq4xs-lms	B2	python	add-feature	PASS	40	0	PASS — variance added, test passes: OK
champ-iq4xs-lms	B3	python	multi-file	PASS	50	0	PASS — tests pass and circle.py PI updated to 3.14159
champ-iq4xs-lms	B4	python	create-file	PASS	27	0	PASS — utils.py created and clamp test passes: OK
champ-iq4xs-lms	B5	python	debug-error	PASS	23	0	PASS — app.py runs and counts 'l' as 2: {'h': 1, 'e': 1, 'l': 2, 'o': 1}
champ-iq4xs-lms	B7	python	run-tests	PASS	29	0	PASS — transcript reports 3 tests passing
champ-iq4xs-lms	B8	python	answer-codebase	PASS	21	0	PASS — transcript identifies the real retry count as 2 (MAX_ATTEMPTS)
champ-iq4xs-lms	C1	js	bugfix	PASS	28	0	PASS — test.js passes (cartTotal fixed)
champ-iq4xs-lms	C2	js	add-feature	PASS	39	0	PASS — test.js passes (applyDiscount added)
champ-iq4xs-lms	C3	js	run-tests	PASS	26	0	PASS — tests green and agent reported 5 passed
champ-iq4xs-lms	C4	js	create-file	PASS	98	0	PASS — slug.js created and test.js passes
champ-iq4xs-lms	C5	js	multi-file	PASS	50	0	PASS — tax rate updated to 0.08 and test.js passes
champ-iq4xs-lms	C6	js	explain	PASS	18	0	PASS — explanation covers grouping, object return, and collection-valued buckets
champ-iq4xs-lms	C7	js	debug-error	PASS	16	0	PASS — report.js runs and prints member names (incl. Ada)
champ-iq4xs-lms	D1	ts	bugfix	PASS	38	0	PASS — node test.ts passed — emails without @ are now rejected
champ-iq4xs-lms	D2	ts	locate	PASS	8	0	PASS — located refreshToken in src/auth/session.ts (full path given)
champ-iq4xs-lms	D4	ts	multi-file	PASS	65	0	PASS — User.role added and label() returns 'name (role)'; node test.ts passed
champ-iq4xs-lms	D6	ts	run-tests	PASS	27	0	PASS — tests green and agent reported 6 passed
champ-iq4xs-lms	E1	go	bugfix	PASS	35	0	PASS — calc.go Max fixed to return the larger value (buggy line removed)
champ-iq4xs-lms	E2	go	refactor	PASS	50	1	PASS — GetUserName renamed to DisplayName everywhere (defn in user.go + 2 call sites; 3 total)
champ-iq4xs-lms	E3	go	locate	PASS	13	0	PASS — transcript identifies handlers/checkout.go as defining handleCheckout
champ-iq4xs-lms	E4	go	explain	PASS	27	0	PASS — explanation covers both deduplication and sorting
champ-iq4xs-lms	F1	shell	bugfix	PASS	18	0	PASS — greet.sh prints 'Hello, Ada!' and 'Hello, Grace!'
champ-iq4xs-lms	F2	shell	create-file	PASS	66	0	PASS — count.sh prints 5 for the 5-line data.txt
champ-iq4xs-lms	F3	shell	explain	PASS	25	0	PASS — explanation conveys 3/3 concepts incl. counting unique occurrences
champ-iq4xs-lms	F4	shell	refactor	PASS	42	1	PASS — process_file fully renamed to handle_file (3 occurrences)
champ-iq4xs-lms	G1	html	add-feature	PASS	28	0	PASS — Contact->contact.html added inside nav/ul; Home+About intact (3 nav links)
champ-iq4xs-lms	G4	css	refactor	PASS	28	0	PASS — btn-primary -> button-main renamed in styles.css rule + 2 html usages (3 total); styles intact
champ-iq4xs-lms	H2	sql	add-feature	PASS	15	0	PASS — top_customer.sql returns exactly one row: Ada
champ-iq4xs-lms	H3	sql	create-file	PASS	19	0	PASS — products table created with id/name/price and 2 seeded rows
champ-iq4xs-lms	H4	sql	debug-error	PASS	60	0	PASS — report.sql runs cleanly; Ada=150, Bob=50 (150.0 BOB=50.0 ROWS=3)
champ-iq4xs-lms	I1	bigrepo	enumerate	PASS	122	0	PASS — enumerated 6/6 CLAUDETTE_FORGE_ vars
champ-iq4xs-lms	I2	bigrepo	enumerate	PASS	69	0	PASS — enumerated 8/8 forge roles
champ-iq4xs-lms	I3	bigrepo	locate	PASS	20	0	PASS — identified source value 3 + location (resisted stale-doc value 2)
champ-iq4xs-lms	I4	bigrepo	answer-codebase	PASS	16	0	PASS — named qwen3-coder default + source location
champ-iq4xs-lms	I5	bigrepo	locate	PASS	48	0	PASS — named conversation.rs
champ-iq4xs-lms	I6	bigrepo	enumerate	PASS	55	0	PASS — enumerated 7/7 CLI modes
champ-iq4xs-lms	I7	bigrepo	answer-codebase	PASS	75	0	PASS — correctly states no telemetry / local-first
champ-iq4xs-lms	I8	bigrepo	answer-codebase	PASS	142	0	PASS — described threshold+summarize mechanism
champ-iq4xs-lms	J1	git	git-workflow	PASS	37	0	PASS — named the modified file notes.txt
champ-iq4xs-lms	J2	git	git-workflow	PASS	23	0	PASS — committed greet.py with subject: Add greeting script
champ-iq4xs-lms	J3	git	git-workflow	PASS	11	0	PASS — reported the latest commit subject (null pointer in handler)
champ-iq4xs-lms	J4	git	git-workflow	PASS	18	0	PASS — branch feature/login exists
champ-mtp-q4kxl-llsrv-ext	K1	java	locate	PASS	7	0	PASS — located computeTax in TaxCalculator.java
champ-mtp-q4kxl-llsrv-ext	K2	cpp	bugfix	PASS	18	0	PASS — celsiusToFahrenheit now adds 32 (bug fixed)
champ-mtp-q4kxl-llsrv-ext	K3	csharp	locate	PASS	12	0	PASS — located ValidateOrder in OrderValidator.cs
champ-mtp-q4kxl-llsrv-ext	K4	php	bugfix	PASS	29	0	PASS — isEven now tests evenness correctly
champ-mtp-q4kxl-llsrv-ext	K5	kotlin	locate	PASS	7	0	PASS — located data class Invoice in Invoice.kt
champ-mtp-q4kxl-llsrv-ext	K6	ruby	bugfix	PASS	27	0	PASS — passing? now includes exactly 60 (inclusive >= 60)
champ-mtp-q4kxl-llsrv-ext	K7	js	replace-all	FAIL	144	1	FAIL — incomplete rename: 30 trackEvent still present (0/30 recordEvent)
champ-mtp-q4kxl-llsrv-ext	K8	ts	scoped-grep	PASS	12	0	PASS — found API_TIMEOUT_MS=8000 in settings.ts (.ts scope honored)
champ-q4kxl-lms-ext	K1	java	locate	PASS	8	0	PASS — located computeTax in TaxCalculator.java
champ-q4kxl-lms-ext	K2	cpp	bugfix	PASS	30	0	PASS — celsiusToFahrenheit now adds 32 (bug fixed)
champ-q4kxl-lms-ext	K3	csharp	locate	PASS	15	0	PASS — located ValidateOrder in OrderValidator.cs
champ-q4kxl-lms-ext	K4	php	bugfix	PASS	29	0	PASS — isEven now tests evenness correctly
champ-q4kxl-lms-ext	K5	kotlin	locate	PASS	9	0	PASS — located data class Invoice in Invoice.kt
champ-q4kxl-lms-ext	K6	ruby	bugfix	PASS	48	0	PASS — passing? now includes exactly 60 (inclusive >= 60)
champ-q4kxl-lms-ext	K7	js	replace-all	PASS	112	0	PASS — renamed all 30 occurrences trackEvent->recordEvent (0 left)
champ-q4kxl-lms-ext	K8	ts	scoped-grep	PASS	17	0	PASS — found API_TIMEOUT_MS=8000 in settings.ts (.ts scope honored)
champ-q4kxl-lms	A1	rust	bugfix	PASS	42	0	PASS — cargo test succeeded (test_average fixed)
champ-q4kxl-lms	A2	rust	add-feature	PASS	31	0	PASS — cargo test succeeded (median added)
champ-q4kxl-lms	A3	rust	run-tests	PASS	8	0	PASS — transcript reports 4 tests passed
champ-q4kxl-lms	A4	rust	refactor	PASS	36	0	PASS — add renamed to sum2 throughout; tests pass
champ-q4kxl-lms	A5	rust	multi-file	PASS	28	0	PASS — MAX_RETRIES raised to 5; retry test passes
champ-q4kxl-lms	A6	rust	explain	PASS	29	0	PASS — explanation covers dedup of consecutive/adjacent duplicates
champ-q4kxl-lms	A7	rust	debug-error	PASS	21	0	PASS — cargo build succeeded (type error fixed)
champ-q4kxl-lms	B1	python	bugfix	PASS	40	0	PASS — test_stats passes (mean fixed): OK
champ-q4kxl-lms	B2	python	add-feature	PASS	24	0	PASS — variance added, test passes: OK
champ-q4kxl-lms	B3	python	multi-file	PASS	49	0	PASS — tests pass and circle.py PI updated to 3.14159
champ-q4kxl-lms	B4	python	create-file	PASS	48	0	PASS — utils.py created and clamp test passes: OK
champ-q4kxl-lms	B5	python	debug-error	PASS	28	0	PASS — app.py runs and counts 'l' as 2: {'h': 1, 'e': 1, 'l': 2, 'o': 1}
champ-q4kxl-lms	B7	python	run-tests	PASS	26	0	PASS — transcript reports 3 tests passing
champ-q4kxl-lms	B8	python	answer-codebase	PASS	22	0	PASS — transcript identifies the real retry count as 2 (MAX_ATTEMPTS)
champ-q4kxl-lms	C1	js	bugfix	PASS	27	0	PASS — test.js passes (cartTotal fixed)
champ-q4kxl-lms	C2	js	add-feature	PASS	41	0	PASS — test.js passes (applyDiscount added)
champ-q4kxl-lms	C3	js	run-tests	PASS	21	0	PASS — tests green and agent reported 5 passed
champ-q4kxl-lms	C4	js	create-file	PASS	34	0	PASS — slug.js created and test.js passes
champ-q4kxl-lms	C5	js	multi-file	PASS	34	0	PASS — tax rate updated to 0.08 and test.js passes
champ-q4kxl-lms	C6	js	explain	PASS	20	0	PASS — explanation covers grouping, object return, and collection-valued buckets
champ-q4kxl-lms	C7	js	debug-error	PASS	22	0	PASS — report.js runs and prints member names (incl. Ada)
champ-q4kxl-lms	D1	ts	bugfix	PASS	36	0	PASS — node test.ts passed — emails without @ are now rejected
champ-q4kxl-lms	D2	ts	locate	PASS	8	0	PASS — located refreshToken in src/auth/session.ts (full path given)
champ-q4kxl-lms	D4	ts	multi-file	PASS	35	0	PASS — User.role added and label() returns 'name (role)'; node test.ts passed
champ-q4kxl-lms	D6	ts	run-tests	PASS	29	0	PASS — tests green and agent reported 6 passed
champ-q4kxl-lms	E1	go	bugfix	PASS	24	0	PASS — calc.go Max fixed to return the larger value (buggy line removed)
champ-q4kxl-lms	E2	go	refactor	PASS	32	0	PASS — GetUserName renamed to DisplayName everywhere (defn in user.go + 2 call sites; 3 total)
champ-q4kxl-lms	E3	go	locate	PASS	8	0	PASS — transcript identifies handlers/checkout.go as defining handleCheckout
champ-q4kxl-lms	E4	go	explain	PASS	24	0	PASS — explanation covers both deduplication and sorting
champ-q4kxl-lms	F1	shell	bugfix	PASS	20	0	PASS — greet.sh prints 'Hello, Ada!' and 'Hello, Grace!'
champ-q4kxl-lms	F2	shell	create-file	PASS	108	0	PASS — count.sh prints 5 for the 5-line data.txt
champ-q4kxl-lms	F3	shell	explain	PASS	18	0	PASS — explanation conveys 3/3 concepts incl. counting unique occurrences
champ-q4kxl-lms	F4	shell	refactor	FAIL	33	0	FAIL — old name 'process_file' still present:\n./run.sh:7:process_file "run.sh"
champ-q4kxl-lms	G1	html	add-feature	PASS	16	0	PASS — Contact->contact.html added inside nav/ul; Home+About intact (3 nav links)
champ-q4kxl-lms	G4	css	refactor	PASS	40	1	PASS — btn-primary -> button-main renamed in styles.css rule + 2 html usages (3 total); styles intact
champ-q4kxl-lms	H2	sql	add-feature	PASS	33	0	PASS — top_customer.sql returns exactly one row: Ada
champ-q4kxl-lms	H3	sql	create-file	PASS	15	0	PASS — products table created with id/name/price and 2 seeded rows
champ-q4kxl-lms	H4	sql	debug-error	PASS	67	0	PASS — report.sql runs cleanly; Ada=150, Bob=50 (150.0 BOB=50.0 ROWS=3)
champ-q4kxl-lms	I1	bigrepo	enumerate	PASS	106	0	PASS — enumerated 6/6 CLAUDETTE_FORGE_ vars
champ-q4kxl-lms	I2	bigrepo	enumerate	PASS	47	0	PASS — enumerated 8/8 forge roles
champ-q4kxl-lms	I3	bigrepo	locate	PASS	24	0	PASS — identified source value 3 + location (resisted stale-doc value 2)
champ-q4kxl-lms	I4	bigrepo	answer-codebase	PASS	47	0	PASS — named qwen3-coder default + source location
champ-q4kxl-lms	I5	bigrepo	locate	FAIL	28	0	FAIL — did not name conversation.rs
champ-q4kxl-lms	I6	bigrepo	enumerate	PASS	78	0	PASS — enumerated 7/7 CLI modes
champ-q4kxl-lms	I7	bigrepo	answer-codebase	PASS	38	0	PASS — correctly states no telemetry / local-first
champ-q4kxl-lms	I8	bigrepo	answer-codebase	PASS	122	0	PASS — described threshold+summarize mechanism
champ-q4kxl-lms	J1	git	git-workflow	PASS	12	0	PASS — named the modified file notes.txt
champ-q4kxl-lms	J2	git	git-workflow	PASS	22	0	PASS — committed greet.py with subject: Add greeting script
champ-q4kxl-lms	J3	git	git-workflow	PASS	8	0	PASS — reported the latest commit subject (null pointer in handler)
champ-q4kxl-lms	J4	git	git-workflow	PASS	11	0	PASS — branch feature/login exists
coder30b-BROKEN-template-32k	A1	rust	bugfix	FAIL	1	1	FAIL — cargo test failed:\n
coder30b-BROKEN-template-32k	A2	rust	add-feature	FAIL	1	1	FAIL — cargo test failed:\nerror[E0432]: unresolved import `calc::median`
coder30b-BROKEN-template-32k	A3	rust	run-tests	PASS	1	1	PASS — transcript reports 4 tests passed
coder30b-BROKEN-template-32k	A4	rust	refactor	FAIL	1	1	FAIL — old definition 'fn add(' still present in src/lib.rs
coder30b-BROKEN-template-32k	A5	rust	multi-file	FAIL	1	1	FAIL — MAX_RETRIES: u32 = 5 not found in src/config.rs
coder30b-BROKEN-template-32k	A6	rust	explain	FAIL	0	1	FAIL — explanation omits that only consecutive/adjacent duplicates are removed
coder30b-BROKEN-template-32k	A7	rust	debug-error	FAIL	0	1	FAIL — cargo build still failing:\nerror[E0600]: cannot apply unary operator `-` to type `u32`
coder30b-BROKEN-template-32k	B1	python	bugfix	FAIL	0	1	FAIL — test_stats still failing (rc=1): Ran 1 test in 0.002s
coder30b-BROKEN-template-32k	B2	python	add-feature	FAIL	0	1	FAIL — variance test failing (rc=1): Ran 1 test in 0.000s
coder30b-BROKEN-template-32k	B3	python	multi-file	FAIL	0	1	FAIL — geometry tests failing (rc=1): Ran 3 tests in 0.001s
coder30b-BROKEN-template-32k	B4	python	create-file	FAIL	0	1	FAIL — utils.py was not created
coder30b-BROKEN-template-32k	B5	python	debug-error	FAIL	0	1	FAIL — app.py still crashing (rc=1):     counts[c] += 1
coder30b-BROKEN-template-32k	B7	python	run-tests	FAIL	0	1	FAIL — transcript missing '3' and/or passed/ok
coder30b-BROKEN-template-32k	B8	python	answer-codebase	FAIL	0	1	FAIL — transcript never mentions the real value 2
coder30b-BROKEN-template-32k	C1	js	bugfix	FAIL	1	1	FAIL — node test.js exited 1:   throw new Error(`cartTotal expected ${want} but got ${got}`);
coder30b-BROKEN-template-32k	C2	js	add-feature	FAIL	1	1	FAIL — node test.js exited 1: TypeError: applyDiscount is not a function
coder30b-BROKEN-template-32k	C3	js	run-tests	FAIL	1	1	FAIL — transcript does not mention 5 (the number that passed)
coder30b-BROKEN-template-32k	C4	js	create-file	FAIL	0	1	FAIL — slug.js was not created
coder30b-BROKEN-template-32k	C5	js	multi-file	FAIL	0	1	FAIL — node test.js exited 1:   throw new Error(`withTax(100) expected ${want} but got ${got}`);
coder30b-BROKEN-template-32k	C6	js	explain	FAIL	0	1	FAIL — did not describe the object/map/dictionary return value
coder30b-BROKEN-template-32k	C7	js	debug-error	FAIL	0	1	FAIL — node report.js exited 1: TypeError: Cannot read properties of undefined (reading 'map')
coder30b-BROKEN-template-32k	D1	ts	bugfix	FAIL	1	1	FAIL — node test.ts exited 1: FAIL: foo.com has no @ and should be invalid
coder30b-BROKEN-template-32k	D2	ts	locate	FAIL	1	1	FAIL — transcript does not identify session.ts as the definition site
coder30b-BROKEN-template-32k	D4	ts	multi-file	FAIL	1	1	FAIL — src/types.ts does not declare a 'role' field on User
coder30b-BROKEN-template-32k	D6	ts	run-tests	PASS	1	1	PASS — tests green and agent reported 6 passed
coder30b-BROKEN-template-32k	E1	go	bugfix	FAIL	1	1	FAIL — buggy line still present: 'if a < b { return a' (returns the smaller value)
coder30b-BROKEN-template-32k	E2	go	refactor	FAIL	0	1	FAIL — old name 'GetUserName' still present:\n/d/dev/claudette/runs/eval-2026-05-29/battery/work/E2/main.go:9:
coder30b-BROKEN-template-32k	E3	go	locate	FAIL	0	1	FAIL — transcript does not name checkout.go as the defining file
coder30b-BROKEN-template-32k	E4	go	explain	PASS	0	1	PASS — explanation covers both deduplication and sorting
coder30b-BROKEN-template-32k	F1	shell	bugfix	FAIL	1	1	FAIL — missing line 'Hello, Ada!' (got: Hello, Ada
coder30b-BROKEN-template-32k	F2	shell	create-file	FAIL	1	1	FAIL — count.sh was not created in workdir
coder30b-BROKEN-template-32k	F3	shell	explain	FAIL	1	1	FAIL — explanation does not convey counting unique occurrences
coder30b-BROKEN-template-32k	F4	shell	refactor	FAIL	1	1	FAIL — old name 'process_file' still present:\n./lib.sh:4:process_file() {
coder30b-BROKEN-template-32k	G1	html	add-feature	FAIL	0	1	FAIL — no link with href="contact.html" in index.html
coder30b-BROKEN-template-32k	G4	css	refactor	FAIL	0	1	FAIL — old class 'btn-primary' still present:\n./index.html:12:    <a href="signup.html" class="btn-primary">Sign up</a>
coder30b-BROKEN-template-32k	H2	sql	add-feature	FAIL	0	1	FAIL — top_customer.sql did not produce a usable result: ERR: query returned no rows 
coder30b-BROKEN-template-32k	H3	sql	create-file	FAIL	1	126	FAIL — schema.sql was not created
coder30b-BROKEN-template-32k	H4	sql	debug-error	FAIL	1	126	FAIL — report.sql still broken or wrong totals: ERR: OperationalError: no such column: o.total 
coder30b-BROKEN-template-32k	I1	bigrepo	enumerate	FAIL	0	126	FAIL — only 0/6 CLAUDETTE_FORGE_ vars (need >=5; enumeration weak spot)
coder30b-BROKEN-template-32k	I2	bigrepo	enumerate	FAIL	0	126	FAIL — only 0/8 forge roles (need >=7; enumeration weak spot)
coder30b-BROKEN-template-32k	I3	bigrepo	locate	FAIL	0	126	FAIL — did not land on source value 3 w/ location (deep-localization weak spot; likely trusted docs=2)
coder30b-BROKEN-template-32k	I4	bigrepo	answer-codebase	FAIL	0	126	FAIL — missing qwen3-coder default and/or its source file
coder30b-BROKEN-template-32k	I5	bigrepo	locate	FAIL	0	126	FAIL — did not name conversation.rs
coder30b-BROKEN-template-32k	I6	bigrepo	enumerate	FAIL	1	126	FAIL — only 0/7 CLI modes (need >=6; enumeration weak spot)
coder30b-BROKEN-template-32k	I7	bigrepo	answer-codebase	FAIL	1	126	FAIL — did not establish the no-telemetry / local-first answer
coder30b-BROKEN-template-32k	I8	bigrepo	answer-codebase	FAIL	1	126	FAIL — missing threshold(0) or mechanism(1)
coder30b-BROKEN-template-32k	J1	git	git-workflow	FAIL	0	126	FAIL — did not identify notes.txt as the uncommitted change
coder30b-BROKEN-template-32k	J2	git	git-workflow	FAIL	0	126	FAIL — HEAD subject='Initial commit' tracked='greet.py' (expected commit 'Add greeting...' including greet.py)
coder30b-BROKEN-template-32k	J3	git	git-workflow	FAIL	1	126	FAIL — did not report the most-recent commit message
coder30b-BROKEN-template-32k	J4	git	git-workflow	FAIL	1	126	FAIL — feature/login branch was not created
full-2026-06-02	A1	rust	bugfix	PASS	56	0	PASS — cargo test succeeded (test_average fixed)
full-2026-06-02	A2	rust	add-feature	PASS	45	0	PASS — cargo test succeeded (median added)
full-2026-06-02	A3	rust	run-tests	PASS	8	0	PASS — transcript reports 4 tests passed
full-2026-06-02	A4	rust	refactor	PASS	79	0	PASS — add renamed to sum2 throughout; tests pass
full-2026-06-02	A5	rust	multi-file	PASS	27	0	PASS — MAX_RETRIES raised to 5; retry test passes
full-2026-06-02	A6	rust	explain	PASS	32	0	PASS — explanation covers dedup of consecutive/adjacent duplicates
full-2026-06-02	A7	rust	debug-error	PASS	25	0	PASS — cargo build succeeded (type error fixed)
full-2026-06-02	B1	python	bugfix	PASS	62	0	PASS — test_stats passes (mean fixed): OK
full-2026-06-02	B2	python	add-feature	PASS	26	0	PASS — variance added, test passes: OK
full-2026-06-02	B3	python	multi-file	PASS	65	0	PASS — tests pass and circle.py PI updated to 3.14159
full-2026-06-02	B4	python	create-file	PASS	52	0	PASS — utils.py created and clamp test passes: OK
full-2026-06-02	B5	python	debug-error	PASS	34	0	PASS — app.py runs and counts 'l' as 2: {'h': 1, 'e': 1, 'l': 2, 'o': 1}
full-2026-06-02	B7	python	run-tests	PASS	13	0	PASS — transcript reports 3 tests passing
full-2026-06-02	B8	python	answer-codebase	PASS	23	0	PASS — transcript identifies the real retry count as 2 (MAX_ATTEMPTS)
full-2026-06-02	C1	js	bugfix	PASS	22	0	PASS — test.js passes (cartTotal fixed)
full-2026-06-02	C2	js	add-feature	PASS	57	0	PASS — test.js passes (applyDiscount added)
full-2026-06-02	C3	js	run-tests	PASS	13	0	PASS — tests green and agent reported 5 passed
full-2026-06-02	C4	js	create-file	PASS	37	0	PASS — slug.js created and test.js passes
full-2026-06-02	C5	js	multi-file	PASS	56	0	PASS — tax rate updated to 0.08 and test.js passes
full-2026-06-02	C6	js	explain	PASS	32	0	PASS — explanation covers grouping, object return, and collection-valued buckets
full-2026-06-02	C7	js	debug-error	PASS	27	0	PASS — report.js runs and prints member names (incl. Ada)
full-2026-06-02	D1	ts	bugfix	PASS	64	0	PASS — node test.ts passed — emails without @ are now rejected
full-2026-06-02	D2	ts	locate	PASS	10	0	PASS — located refreshToken in src/auth/session.ts (full path given)
full-2026-06-02	D4	ts	multi-file	PASS	67	0	PASS — User.role added and label() returns 'name (role)'; node test.ts passed
full-2026-06-02	D6	ts	run-tests	PASS	28	0	PASS — tests green and agent reported 6 passed
full-2026-06-02	E1	go	bugfix	PASS	21	0	PASS — calc.go Max fixed to return the larger value (buggy line removed)
full-2026-06-02	E2	go	refactor	PASS	65	0	PASS — GetUserName renamed to DisplayName everywhere (defn in user.go + 2 call sites; 3 total)
full-2026-06-02	E3	go	locate	PASS	9	0	PASS — transcript identifies handlers/checkout.go as defining handleCheckout
full-2026-06-02	E4	go	explain	PASS	25	0	PASS — explanation covers both deduplication and sorting
full-2026-06-02	F1	shell	bugfix	PASS	25	0	PASS — greet.sh prints 'Hello, Ada!' and 'Hello, Grace!'
full-2026-06-02	F2	shell	create-file	PASS	28	0	PASS — count.sh prints 5 for the 5-line data.txt
full-2026-06-02	F3	shell	explain	PASS	24	0	PASS — explanation conveys 3/3 concepts incl. counting unique occurrences
full-2026-06-02	F4	shell	refactor	PASS	39	0	PASS — process_file fully renamed to handle_file (3 occurrences)
full-2026-06-02	G1	html	add-feature	PASS	19	0	PASS — Contact->contact.html added inside nav/ul; Home+About intact (3 nav links)
full-2026-06-02	G4	css	refactor	PASS	58	0	PASS — btn-primary -> button-main renamed in styles.css rule + 2 html usages (3 total); styles intact
full-2026-06-02	H2	sql	add-feature	PASS	18	0	PASS — top_customer.sql returns exactly one row: Ada
full-2026-06-02	H3	sql	create-file	PASS	17	0	PASS — products table created with id/name/price and 2 seeded rows
full-2026-06-02	H4	sql	debug-error	PASS	59	0	PASS — report.sql runs cleanly; Ada=150, Bob=50 (150.0 BOB=50.0 ROWS=3)
full-2026-06-02	I1	bigrepo	enumerate	FAIL	135	0	FAIL — only 2/6 CLAUDETTE_FORGE_ vars (need >=5; enumeration weak spot)
full-2026-06-02	I2	bigrepo	enumerate	PASS	81	0	PASS — enumerated 8/8 forge roles
full-2026-06-02	I3	bigrepo	locate	FAIL(TIMEOUT)	240	124	FAIL — did not land on source value 3 w/ location (deep-localization weak spot; likely trusted docs=2)
full-2026-06-02	I4	bigrepo	answer-codebase	PASS	64	0	PASS — named qwen3-coder default + source location
full-2026-06-02	I5	bigrepo	locate	PASS	88	0	PASS — named conversation.rs
full-2026-06-02	I6	bigrepo	enumerate	PASS	43	0	PASS — enumerated 7/7 CLI modes
full-2026-06-02	I7	bigrepo	answer-codebase	PASS	125	0	PASS — correctly states no telemetry / local-first
full-2026-06-02	I8	bigrepo	answer-codebase	PASS	122	0	PASS — described threshold+summarize mechanism
full-2026-06-02	J1	git	git-workflow	PASS	17	0	PASS — named the modified file notes.txt
full-2026-06-02	J2	git	git-workflow	PASS	34	0	PASS — committed greet.py with subject: Add greeting script
full-2026-06-02	J3	git	git-workflow	PASS	12	0	PASS — reported the latest commit subject (null pointer in handler)
full-2026-06-02	J4	git	git-workflow	PASS	19	0	PASS — branch feature/login exists
glm47-flash	A1	rust	bugfix	FAIL	53	1	FAIL — cargo test failed:\n
glm47-flash	A2	rust	add-feature	FAIL	1	1	FAIL — cargo test failed:\nerror[E0432]: unresolved import `calc::median`
glm47-flash	A3	rust	run-tests	PASS	1	1	PASS — transcript reports 4 tests passed
glm47-flash	A4	rust	refactor	FAIL	0	1	FAIL — old definition 'fn add(' still present in src/lib.rs
glm47-flash	A5	rust	multi-file	FAIL	1	1	FAIL — MAX_RETRIES: u32 = 5 not found in src/config.rs
glm47-flash	A6	rust	explain	FAIL	1	1	FAIL — explanation omits that only consecutive/adjacent duplicates are removed
glm47-flash	A7	rust	debug-error	FAIL	0	1	FAIL — cargo build still failing:\nerror[E0600]: cannot apply unary operator `-` to type `u32`
glm47-flash	B1	python	bugfix	FAIL	1	1	FAIL — test_stats still failing (rc=1): Ran 1 test in 0.001s
glm47-flash	B2	python	add-feature	FAIL	0	1	FAIL — variance test failing (rc=1): Ran 1 test in 0.000s
glm47-flash	B3	python	multi-file	FAIL	0	1	FAIL — geometry tests failing (rc=1): Ran 3 tests in 0.001s
glm47-flash	B4	python	create-file	FAIL	1	1	FAIL — utils.py was not created
glm47-flash	B5	python	debug-error	FAIL	0	1	FAIL — app.py still crashing (rc=1):     counts[c] += 1
glm47-flash	B7	python	run-tests	FAIL	0	1	FAIL — transcript missing '3' and/or passed/ok
glm47-flash	B8	python	answer-codebase	FAIL	1	1	FAIL — transcript never mentions the real value 2
glm47-flash	C1	js	bugfix	FAIL	0	1	FAIL — node test.js exited 1:   throw new Error(`cartTotal expected ${want} but got ${got}`);
glm47-flash	C2	js	add-feature	FAIL	0	1	FAIL — node test.js exited 1: TypeError: applyDiscount is not a function
glm47-flash	C3	js	run-tests	FAIL	1	1	FAIL — transcript does not mention 5 (the number that passed)
glm47-flash	C4	js	create-file	FAIL	0	1	FAIL — slug.js was not created
glm47-flash	C5	js	multi-file	FAIL	0	1	FAIL — node test.js exited 1:   throw new Error(`withTax(100) expected ${want} but got ${got}`);
glm47-flash	C6	js	explain	FAIL	1	1	FAIL — did not describe the object/map/dictionary return value
glm47-flash	C7	js	debug-error	FAIL	1	1	FAIL — node report.js exited 1: TypeError: Cannot read properties of undefined (reading 'map')
glm47-flash	D1	ts	bugfix	FAIL	0	1	FAIL — node test.ts exited 1: FAIL: foo.com has no @ and should be invalid
glm47-flash	D2	ts	locate	FAIL	1	1	FAIL — transcript does not identify session.ts as the definition site
glm47-flash	D4	ts	multi-file	FAIL	1	1	FAIL — src/types.ts does not declare a 'role' field on User
glm47-flash	D6	ts	run-tests	PASS	0	1	PASS — tests green and agent reported 6 passed
glm47-flash	E1	go	bugfix	FAIL	1	1	FAIL — buggy line still present: 'if a < b { return a' (returns the smaller value)
glm47-flash	E2	go	refactor	FAIL	1	1	FAIL — old name 'GetUserName' still present:\n/d/dev/claudette/runs/eval-2026-05-29/battery/work/E2/main.go:9:
glm47-flash	E3	go	locate	FAIL	1	1	FAIL — transcript does not name checkout.go as the defining file
glm47-flash	E4	go	explain	PASS	0	1	PASS — explanation covers both deduplication and sorting
glm47-flash	F1	shell	bugfix	FAIL	0	1	FAIL — missing line 'Hello, Ada!' (got: Hello, Ada
glm47-flash	F2	shell	create-file	FAIL	1	1	FAIL — count.sh was not created in workdir
glm47-flash	F3	shell	explain	FAIL	1	1	FAIL — explanation does not convey counting unique occurrences
glm47-flash	F4	shell	refactor	FAIL	0	1	FAIL — old name 'process_file' still present:\n./lib.sh:4:process_file() {
glm47-flash	G1	html	add-feature	PASS	41	0	PASS — Contact->contact.html added inside nav/ul; Home+About intact (3 nav links)
glm47-flash	G4	css	refactor	PASS	30	0	PASS — btn-primary -> button-main renamed in styles.css rule + 2 html usages (3 total); styles intact
glm47-flash	H2	sql	add-feature	FAIL	26	0	FAIL — top_customer.sql did not produce a usable result: ERR: query returned no rows 
glm47-flash	H3	sql	create-file	PASS	23	0	PASS — products table created with id/name/price and 2 seeded rows
glm47-flash	H4	sql	debug-error	FAIL	23	0	FAIL — report.sql still broken or wrong totals: ERR: OperationalError: no such column: o.order_amount 
glm47-flash	I1	bigrepo	enumerate	FAIL	10	0	FAIL — only 2/6 CLAUDETTE_FORGE_ vars (need >=5; enumeration weak spot)
glm47-flash	I2	bigrepo	enumerate	PASS	31	0	PASS — enumerated 8/8 forge roles
glm47-flash	I3	bigrepo	locate	FAIL	25	0	FAIL — did not land on source value 3 w/ location (deep-localization weak spot; likely trusted docs=2)
glm47-flash	I4	bigrepo	answer-codebase	PASS	31	0	PASS — named qwen3-coder default + source location
glm47-flash	I5	bigrepo	locate	PASS	17	0	PASS — named conversation.rs
glm47-flash	I6	bigrepo	enumerate	PASS	60	0	PASS — enumerated 7/7 CLI modes
glm47-flash	I7	bigrepo	answer-codebase	PASS	17	0	PASS — correctly states no telemetry / local-first
glm47-flash	I8	bigrepo	answer-codebase	FAIL	28	0	FAIL — missing threshold(0) or mechanism(1)
glm47-flash	J1	git	git-workflow	PASS	15	0	PASS — named the modified file notes.txt
glm47-flash	J2	git	git-workflow	PASS	15	0	PASS — committed greet.py with subject: Add greeting script
glm47-flash	J3	git	git-workflow	PASS	25	0	PASS — reported the latest commit subject (null pointer in handler)
glm47-flash	J4	git	git-workflow	PASS	23	0	PASS — branch feature/login exists
gpt-oss-20b	A1	rust	bugfix	PASS	5	0	PASS — cargo test succeeded (test_average fixed)
gpt-oss-20b	A2	rust	add-feature	PASS	10	0	PASS — cargo test succeeded (median added)
gpt-oss-20b	A3	rust	run-tests	PASS	3	0	PASS — transcript reports 4 tests passed
gpt-oss-20b	A4	rust	refactor	PASS	9	0	PASS — add renamed to sum2 throughout; tests pass
gpt-oss-20b	A5	rust	multi-file	PASS	5	0	PASS — MAX_RETRIES raised to 5; retry test passes
gpt-oss-20b	A6	rust	explain	PASS	5	0	PASS — explanation covers dedup of consecutive/adjacent duplicates
gpt-oss-20b	A7	rust	debug-error	PASS	4	0	PASS — cargo build succeeded (type error fixed)
gpt-oss-20b	B1	python	bugfix	PASS	4	0	PASS — test_stats passes (mean fixed): OK
gpt-oss-20b	B2	python	add-feature	PASS	6	0	PASS — variance added, test passes: OK
gpt-oss-20b	B3	python	multi-file	PASS	5	0	PASS — tests pass and circle.py PI updated to 3.14159
gpt-oss-20b	B4	python	create-file	PASS	29	0	PASS — utils.py created and clamp test passes: OK
gpt-oss-20b	B5	python	debug-error	PASS	4	0	PASS — app.py runs and counts 'l' as 2: {'h': 1, 'e': 1, 'l': 2, 'o': 1}
gpt-oss-20b	B7	python	run-tests	PASS	5	0	PASS — transcript reports 3 tests passing
gpt-oss-20b	B8	python	answer-codebase	PASS	5	0	PASS — transcript identifies the real retry count as 2 (MAX_ATTEMPTS)
gpt-oss-20b	C1	js	bugfix	FAIL	3	0	FAIL — node test.js exited 1:   throw new Error(`cartTotal expected ${want} but got ${got}`);
gpt-oss-20b	C2	js	add-feature	PASS	7	0	PASS — test.js passes (applyDiscount added)
gpt-oss-20b	C3	js	run-tests	PASS	4	0	PASS — tests green and agent reported 5 passed
gpt-oss-20b	C4	js	create-file	PASS	9	0	PASS — slug.js created and test.js passes
gpt-oss-20b	C5	js	multi-file	PASS	6	0	PASS — tax rate updated to 0.08 and test.js passes
gpt-oss-20b	C6	js	explain	PASS	6	0	PASS — explanation covers grouping, object return, and collection-valued buckets
gpt-oss-20b	C7	js	debug-error	PASS	4	0	PASS — report.js runs and prints member names (incl. Ada)
gpt-oss-20b	D1	ts	bugfix	PASS	4	0	PASS — node test.ts passed — emails without @ are now rejected
gpt-oss-20b	D2	ts	locate	PASS	2	0	PASS — located refreshToken in src/auth/session.ts (full path given)
gpt-oss-20b	D4	ts	multi-file	PASS	7	0	PASS — User.role added and label() returns 'name (role)'; node test.ts passed
gpt-oss-20b	D6	ts	run-tests	PASS	5	0	PASS — tests green and agent reported 6 passed
gpt-oss-20b	E1	go	bugfix	PASS	4	0	PASS — calc.go Max fixed to return the larger value (buggy line removed)
gpt-oss-20b	E2	go	refactor	FAIL	6	0	FAIL — old name 'GetUserName' still present:\n/d/dev/claudette/runs/eval-2026-05-29/battery/work/E2/user.go:11:// GetUserName returns the user's full display name.
gpt-oss-20b	E3	go	locate	PASS	2	0	PASS — transcript identifies handlers/checkout.go as defining handleCheckout
gpt-oss-20b	E4	go	explain	PASS	8	0	PASS — explanation covers both deduplication and sorting
gpt-oss-20b	F1	shell	bugfix	PASS	4	0	PASS — greet.sh prints 'Hello, Ada!' and 'Hello, Grace!'
gpt-oss-20b	F2	shell	create-file	PASS	8	0	PASS — count.sh prints 5 for the 5-line data.txt
gpt-oss-20b	F3	shell	explain	PASS	6	0	PASS — explanation conveys 3/3 concepts incl. counting unique occurrences
gpt-oss-20b	F4	shell	refactor	PASS	5	0	PASS — process_file fully renamed to handle_file (3 occurrences)
gpt-oss-20b	G1	html	add-feature	PASS	6	0	PASS — Contact->contact.html added inside nav/ul; Home+About intact (3 nav links)
gpt-oss-20b	G4	css	refactor	PASS	7	0	PASS — btn-primary -> button-main renamed in styles.css rule + 2 html usages (3 total); styles intact
gpt-oss-20b	H2	sql	add-feature	PASS	6	0	PASS — top_customer.sql returns exactly one row: Ada
gpt-oss-20b	H3	sql	create-file	FAIL	7	0	FAIL — schema.sql invalid or products table not as required: ERR: OperationalError: near "AUTO_INCREMENT": syntax error 
gpt-oss-20b	H4	sql	debug-error	PASS	6	0	PASS — report.sql runs cleanly; Ada=150, Bob=50 (150.0 BOB=50.0 ROWS=3)
gpt-oss-20b	I1	bigrepo	enumerate	FAIL	9	0	FAIL — only 2/6 CLAUDETTE_FORGE_ vars (need >=5; enumeration weak spot)
gpt-oss-20b	I2	bigrepo	enumerate	PASS	10	0	PASS — enumerated 8/8 forge roles
gpt-oss-20b	I3	bigrepo	locate	FAIL	7	0	FAIL — did not land on source value 3 w/ location (deep-localization weak spot; likely trusted docs=2)
gpt-oss-20b	I4	bigrepo	answer-codebase	PASS	11	0	PASS — named qwen3-coder default + source location
gpt-oss-20b	I5	bigrepo	locate	PASS	8	0	PASS — named conversation.rs
gpt-oss-20b	I6	bigrepo	enumerate	FAIL	21	0	FAIL — only 2/7 CLI modes (need >=6; enumeration weak spot)
gpt-oss-20b	I7	bigrepo	answer-codebase	FAIL	3	0	FAIL — did not establish the no-telemetry / local-first answer
gpt-oss-20b	I8	bigrepo	answer-codebase	PASS	5	0	PASS — described threshold+summarize mechanism
gpt-oss-20b	J1	git	git-workflow	PASS	3	0	PASS — named the modified file notes.txt
gpt-oss-20b	J2	git	git-workflow	PASS	3	0	PASS — committed greet.py with subject: Add greeting script
gpt-oss-20b	J3	git	git-workflow	PASS	5	0	PASS — reported the latest commit subject (null pointer in handler)
gpt-oss-20b	J4	git	git-workflow	PASS	3	0	PASS — branch feature/login exists
gptoss20b-v0160-ext	K1	java	locate	PASS	2	0	PASS — located computeTax in TaxCalculator.java
gptoss20b-v0160-ext	K2	cpp	bugfix	PASS	5	0	PASS — celsiusToFahrenheit now adds 32 (bug fixed)
gptoss20b-v0160-ext	K3	csharp	locate	PASS	3	0	PASS — located ValidateOrder in OrderValidator.cs
gptoss20b-v0160-ext	K4	php	bugfix	PASS	4	0	PASS — isEven now tests evenness correctly
gptoss20b-v0160-ext	K5	kotlin	locate	PASS	2	0	PASS — located data class Invoice in Invoice.kt
gptoss20b-v0160-ext	K6	ruby	bugfix	PASS	4	0	PASS — passing? now includes exactly 60 (inclusive >= 60)
gptoss20b-v0160-ext	K7	js	replace-all	FAIL	13	0	FAIL — incomplete rename: 30 trackEvent still present (0/30 recordEvent)
gptoss20b-v0160-ext	K8	ts	scoped-grep	PASS	3	0	PASS — found API_TIMEOUT_MS=8000 in settings.ts (.ts scope honored)
gptoss20b-v0160	A1	rust	bugfix	PASS	4	0	PASS — cargo test succeeded (test_average fixed)
gptoss20b-v0160	A2	rust	add-feature	FAIL	7	0	FAIL — cargo test failed:\nerror[E0432]: unresolved import `calc::median`
gptoss20b-v0160	A3	rust	run-tests	PASS	2	0	PASS — transcript reports 4 tests passed
gptoss20b-v0160	A4	rust	refactor	FAIL	3	1	FAIL — old definition 'fn add(' still present in src/lib.rs
gptoss20b-v0160	A5	rust	multi-file	PASS	6	0	PASS — MAX_RETRIES raised to 5; retry test passes
gptoss20b-v0160	A6	rust	explain	PASS	10	0	PASS — explanation covers dedup of consecutive/adjacent duplicates
gptoss20b-v0160	A7	rust	debug-error	PASS	8	0	PASS — cargo build succeeded (type error fixed)
gptoss20b-v0160	B1	python	bugfix	PASS	4	0	PASS — test_stats passes (mean fixed): OK
gptoss20b-v0160	B2	python	add-feature	FAIL	8	0	FAIL — variance test failing (rc=1): Ran 1 test in 0.003s
gptoss20b-v0160	B3	python	multi-file	PASS	7	0	PASS — tests pass and circle.py PI updated to 3.14159
gptoss20b-v0160	B4	python	create-file	PASS	4	0	PASS — utils.py created and clamp test passes: OK
gptoss20b-v0160	B5	python	debug-error	PASS	7	0	PASS — app.py runs and counts 'l' as 2: {'h': 1, 'e': 1, 'l': 2, 'o': 1}
gptoss20b-v0160	B7	python	run-tests	PASS	4	0	PASS — transcript reports 3 tests passing
gptoss20b-v0160	B8	python	answer-codebase	PASS	6	0	PASS — transcript identifies the real retry count as 2 (MAX_ATTEMPTS)
gptoss20b-v0160	C1	js	bugfix	FAIL	4	0	FAIL — node test.js exited 1:   throw new Error(`cartTotal expected ${want} but got ${got}`);
gptoss20b-v0160	C2	js	add-feature	PASS	9	0	PASS — test.js passes (applyDiscount added)
gptoss20b-v0160	C3	js	run-tests	PASS	5	0	PASS — tests green and agent reported 5 passed
gptoss20b-v0160	C4	js	create-file	PASS	3	0	PASS — slug.js created and test.js passes
gptoss20b-v0160	C5	js	multi-file	PASS	6	0	PASS — tax rate updated to 0.08 and test.js passes
gptoss20b-v0160	C6	js	explain	PASS	4	0	PASS — explanation covers grouping, object return, and collection-valued buckets
gptoss20b-v0160	C7	js	debug-error	PASS	6	0	PASS — report.js runs and prints member names (incl. Ada)
gptoss20b-v0160	D1	ts	bugfix	PASS	6	0	PASS — node test.ts passed — emails without @ are now rejected
gptoss20b-v0160	D2	ts	locate	PASS	2	0	PASS — located refreshToken in src/auth/session.ts (full path given)
gptoss20b-v0160	D4	ts	multi-file	PASS	7	0	PASS — User.role added and label() returns 'name (role)'; node test.ts passed
gptoss20b-v0160	D6	ts	run-tests	PASS	22	0	PASS — tests green and agent reported 6 passed
gptoss20b-v0160	E1	go	bugfix	PASS	5	0	PASS — calc.go Max fixed to return the larger value (buggy line removed)
gptoss20b-v0160	E2	go	refactor	FAIL	8	0	FAIL — old name 'GetUserName' still present:\n/d/dev/claudette/runs/eval-2026-05-29/battery/work/E2/user.go:11:// GetUserName returns the user's full display name.
gptoss20b-v0160	E3	go	locate	PASS	2	0	PASS — transcript identifies handlers/checkout.go as defining handleCheckout
gptoss20b-v0160	E4	go	explain	PASS	6	0	PASS — explanation covers both deduplication and sorting
gptoss20b-v0160	F1	shell	bugfix	FAIL	7	0	FAIL — missing line 'Hello, Ada!' (got: Hello, Ada
gptoss20b-v0160	F2	shell	create-file	PASS	3	0	PASS — count.sh prints 5 for the 5-line data.txt
gptoss20b-v0160	F3	shell	explain	PASS	8	0	PASS — explanation conveys 3/3 concepts incl. counting unique occurrences
gptoss20b-v0160	F4	shell	refactor	FAIL	17	1	FAIL — old name 'process_file' still present:\n./lib.sh:4:process_file() {
gptoss20b-v0160	G1	html	add-feature	PASS	7	0	PASS — Contact->contact.html added inside nav/ul; Home+About intact (3 nav links)
gptoss20b-v0160	G4	css	refactor	PASS	15	0	PASS — btn-primary -> button-main renamed in styles.css rule + 2 html usages (3 total); styles intact
gptoss20b-v0160	H2	sql	add-feature	PASS	3	0	PASS — top_customer.sql returns exactly one row: Ada
gptoss20b-v0160	H3	sql	create-file	PASS	3	0	PASS — products table created with id/name/price and 2 seeded rows
gptoss20b-v0160	H4	sql	debug-error	FAIL	9	0	FAIL — report.sql still broken or wrong totals: ADA=None BOB=None ROWS=3
gptoss20b-v0160	I1	bigrepo	enumerate	PASS	9	0	PASS — enumerated 6/6 CLAUDETTE_FORGE_ vars
gptoss20b-v0160	I2	bigrepo	enumerate	PASS	13	0	PASS — enumerated 8/8 forge roles
gptoss20b-v0160	I3	bigrepo	locate	PASS	6	0	PASS — identified source value 3 + location (resisted stale-doc value 2)
gptoss20b-v0160	I4	bigrepo	answer-codebase	FAIL	29	0	FAIL — missing qwen3-coder default and/or its source file
gptoss20b-v0160	I5	bigrepo	locate	PASS	9	0	PASS — named conversation.rs
gptoss20b-v0160	I6	bigrepo	enumerate	PASS	20	0	PASS — enumerated 7/7 CLI modes
gptoss20b-v0160	I7	bigrepo	answer-codebase	PASS	6	0	PASS — correctly states no telemetry / local-first
gptoss20b-v0160	I8	bigrepo	answer-codebase	PASS	13	0	PASS — described threshold+summarize mechanism
gptoss20b-v0160	J1	git	git-workflow	PASS	3	0	PASS — named the modified file notes.txt
gptoss20b-v0160	J2	git	git-workflow	PASS	4	0	PASS — committed greet.py with subject: Add greeting script
gptoss20b-v0160	J3	git	git-workflow	PASS	4	0	PASS — reported the latest commit subject (null pointer in handler)
gptoss20b-v0160	J4	git	git-workflow	PASS	4	0	PASS — branch feature/login exists
granite41-8b	A1	rust	bugfix	FAIL	24	0	FAIL — cargo test failed:\nerror[E0308]: mismatched types
granite41-8b	A2	rust	add-feature	PASS	30	0	PASS — cargo test succeeded (median added)
granite41-8b	A3	rust	run-tests	PASS	9	0	PASS — transcript reports 4 tests passed
granite41-8b	A4	rust	refactor	PASS	121	0	PASS — add renamed to sum2 throughout; tests pass
granite41-8b	A5	rust	multi-file	PASS	40	0	PASS — MAX_RETRIES raised to 5; retry test passes
granite41-8b	A6	rust	explain	PASS	35	0	PASS — explanation covers dedup of consecutive/adjacent duplicates
granite41-8b	A7	rust	debug-error	FAIL	43	0	FAIL — cargo build still failing:\nerror[E0425]: cannot find value `count` in this scope
granite41-8b	B1	python	bugfix	PASS	34	0	PASS — test_stats passes (mean fixed): OK
granite41-8b	B2	python	add-feature	FAIL(TIMEOUT)	161	124	FAIL — variance test failing (rc=1): Ran 1 test in 0.000s
granite41-8b	B3	python	multi-file	PASS	8	0	PASS — tests pass and circle.py PI updated to 3.14159
granite41-8b	B4	python	create-file	PASS	18	0	PASS — utils.py created and clamp test passes: OK
granite41-8b	B5	python	debug-error	PASS	9	0	PASS — app.py runs and counts 'l' as 2: {'h': 1, 'e': 1, 'l': 2, 'o': 1}
granite41-8b	B7	python	run-tests	PASS	6	0	PASS — transcript reports 3 tests passing
granite41-8b	B8	python	answer-codebase	PASS	7	0	PASS — transcript identifies the real retry count as 2 (MAX_ATTEMPTS)
granite41-8b	C1	js	bugfix	FAIL	12	0	FAIL — node test.js exited 1:   throw new Error(`cartTotal expected ${want} but got ${got}`);
granite41-8b	C2	js	add-feature	PASS	22	0	PASS — test.js passes (applyDiscount added)
granite41-8b	C3	js	run-tests	PASS	6	0	PASS — tests green and agent reported 5 passed
granite41-8b	C4	js	create-file	FAIL	29	0	FAIL — node test.js exited 1:   throw new Error(`slugify('Hello World!') expected 'hello-world' but got '${a}'`);
granite41-8b	C5	js	multi-file	PASS	12	0	PASS — tax rate updated to 0.08 and test.js passes
granite41-8b	C6	js	explain	PASS	23	0	PASS — explanation covers grouping, object return, and collection-valued buckets
granite41-8b	C7	js	debug-error	PASS	15	0	PASS — report.js runs and prints member names (incl. Ada)
granite41-8b	D1	ts	bugfix	FAIL	17	0	FAIL — node test.ts exited 1: SyntaxError: Identifier 'isValidEmail' has already been declared
granite41-8b	D2	ts	locate	PASS	4	0	PASS — located refreshToken in src/auth/session.ts (full path given)
granite41-8b	D4	ts	multi-file	PASS	20	0	PASS — User.role added and label() returns 'name (role)'; node test.ts passed
granite41-8b	D6	ts	run-tests	PASS	6	0	PASS — tests green and agent reported 6 passed
granite41-8b	E1	go	bugfix	PASS	8	0	PASS — calc.go Max fixed to return the larger value (buggy line removed)
granite41-8b	E2	go	refactor	PASS	12	0	PASS — GetUserName renamed to DisplayName everywhere (defn in user.go + 2 call sites; 3 total)
granite41-8b	E3	go	locate	PASS	4	0	PASS — transcript identifies handlers/checkout.go as defining handleCheckout
granite41-8b	E4	go	explain	PASS	21	0	PASS — explanation covers both deduplication and sorting
granite41-8b	F1	shell	bugfix	FAIL	9	0	FAIL — greet.sh exited 2: greet.sh: line 9: syntax error near unexpected token `do'
granite41-8b	F2	shell	create-file	PASS	13	0	PASS — count.sh prints 5 for the 5-line data.txt
granite41-8b	F3	shell	explain	PASS	16	0	PASS — explanation conveys 3/3 concepts incl. counting unique occurrences
granite41-8b	F4	shell	refactor	PASS	11	0	PASS — process_file fully renamed to handle_file (3 occurrences)
granite41-8b	G1	html	add-feature	PASS	16	0	PASS — Contact->contact.html added inside nav/ul; Home+About intact (3 nav links)
granite41-8b	G4	css	refactor	PASS	10	0	PASS — btn-primary -> button-main renamed in styles.css rule + 2 html usages (3 total); styles intact
granite41-8b	H2	sql	add-feature	FAIL	7	0	FAIL — top_customer.sql did not produce a usable result: ERR: query returned no rows 
granite41-8b	H3	sql	create-file	PASS	13	0	PASS — products table created with id/name/price and 2 seeded rows
granite41-8b	H4	sql	debug-error	FAIL	10	0	FAIL — report.sql still broken or wrong totals: ERR: OperationalError: no such column: o.order_amount 
granite41-8b	I1	bigrepo	enumerate	FAIL	5	0	FAIL — only 2/6 CLAUDETTE_FORGE_ vars (need >=5; enumeration weak spot)
granite41-8b	I2	bigrepo	enumerate	PASS	21	0	PASS — enumerated 8/8 forge roles
granite41-8b	I3	bigrepo	locate	FAIL	17	0	FAIL — did not land on source value 3 w/ location (deep-localization weak spot; likely trusted docs=2)
granite41-8b	I4	bigrepo	answer-codebase	PASS	20	0	PASS — named qwen3-coder default + source location
granite41-8b	I5	bigrepo	locate	PASS	16	0	PASS — named conversation.rs
granite41-8b	I6	bigrepo	enumerate	PASS	37	0	PASS — enumerated 7/7 CLI modes
granite41-8b	I7	bigrepo	answer-codebase	PASS	9	0	PASS — correctly states no telemetry / local-first
granite41-8b	I8	bigrepo	answer-codebase	PASS	20	0	PASS — described threshold+summarize mechanism
granite41-8b	J1	git	git-workflow	PASS	7	0	PASS — named the modified file notes.txt
granite41-8b	J2	git	git-workflow	PASS	7	0	PASS — committed greet.py with subject: Add greeting script
granite41-8b	J3	git	git-workflow	PASS	6	0	PASS — reported the latest commit subject (null pointer in handler)
granite41-8b	J4	git	git-workflow	PASS	7	0	PASS — branch feature/login exists
hardening-verify	B4	python	create-file	PASS	79	0	PASS — utils.py created and clamp test passes: OK
hardening-verify	C4	js	create-file	PASS	75	0	PASS — slug.js created and test.js passes
hardening-verify	F2	shell	create-file	PASS	33	0	PASS — count.sh prints 5 for the 5-line data.txt
hardening-verify	I1	bigrepo	enumerate	FAIL	101	0	FAIL — only 2/6 CLAUDETTE_FORGE_ vars (need >=5; enumeration weak spot)
hardening-verify	I3	bigrepo	locate	FAIL(TIMEOUT)	240	124	FAIL — did not land on source value 3 w/ location (deep-localization weak spot; likely trusted docs=2)
hardening-verify2	I1	bigrepo	enumerate	PASS	106	0	PASS — enumerated 6/6 CLAUDETTE_FORGE_ vars
hardening-verify2	C4	js	create-file	PASS	39	0	PASS — slug.js created and test.js passes
hardening-verify2	I3	bigrepo	locate	PASS	155	0	PASS — identified source value 3 + location (resisted stale-doc value 2)
hardening-verify2	I2	bigrepo	enumerate	PASS	58	0	PASS — enumerated 8/8 forge roles
hardening-verify2	I6	bigrepo	enumerate	PASS	123	0	PASS — enumerated 7/7 CLI modes
hardening-verify2	I5	bigrepo	locate	PASS	106	0	PASS — named conversation.rs
i8recheck-1	I8	bigrepo	answer-codebase	FAIL(TIMEOUT)	200	124	FAIL — missing threshold(0) or mechanism(1)
i8recheck-2	I8	bigrepo	answer-codebase	PASS	167	0	PASS — described threshold+summarize mechanism
maxpush-2026-06-07	A1	rust	bugfix	PASS	62	0	PASS — cargo test succeeded (test_average fixed)
maxpush-2026-06-07	A2	rust	add-feature	PASS	36	0	PASS — cargo test succeeded (median added)
maxpush-2026-06-07	A3	rust	run-tests	PASS	9	0	PASS — transcript reports 4 tests passed
maxpush-2026-06-07	A4	rust	refactor	PASS	65	0	PASS — add renamed to sum2 throughout; tests pass
maxpush-2026-06-07	A5	rust	multi-file	PASS	32	0	PASS — MAX_RETRIES raised to 5; retry test passes
maxpush-2026-06-07	A6	rust	explain	PASS	33	0	PASS — explanation covers dedup of consecutive/adjacent duplicates
maxpush-2026-06-07	A7	rust	debug-error	PASS	29	0	PASS — cargo build succeeded (type error fixed)
maxpush-2026-06-07	B1	python	bugfix	PASS	65	0	PASS — test_stats passes (mean fixed): OK
maxpush-2026-06-07	B2	python	add-feature	PASS	47	0	PASS — variance added, test passes: OK
maxpush-2026-06-07	B3	python	multi-file	PASS	50	0	PASS — tests pass and circle.py PI updated to 3.14159
maxpush-2026-06-07	B4	python	create-file	PASS	57	0	PASS — utils.py created and clamp test passes: OK
maxpush-2026-06-07	B5	python	debug-error	PASS	34	0	PASS — app.py runs and counts 'l' as 2: {'h': 1, 'e': 1, 'l': 2, 'o': 1}
maxpush-2026-06-07	B7	python	run-tests	PASS	16	0	PASS — transcript reports 3 tests passing
maxpush-2026-06-07	B8	python	answer-codebase	PASS	21	0	PASS — transcript identifies the real retry count as 2 (MAX_ATTEMPTS)
maxpush-2026-06-07	C1	js	bugfix	PASS	32	0	PASS — test.js passes (cartTotal fixed)
maxpush-2026-06-07	C2	js	add-feature	PASS	29	0	PASS — test.js passes (applyDiscount added)
maxpush-2026-06-07	C3	js	run-tests	PASS	15	0	PASS — tests green and agent reported 5 passed
maxpush-2026-06-07	C4	js	create-file	PASS	97	0	PASS — slug.js created and test.js passes
maxpush-2026-06-07	C5	js	multi-file	PASS	35	0	PASS — tax rate updated to 0.08 and test.js passes
maxpush-2026-06-07	C6	js	explain	PASS	24	0	PASS — explanation covers grouping, object return, and collection-valued buckets
maxpush-2026-06-07	C7	js	debug-error	PASS	21	0	PASS — report.js runs and prints member names (incl. Ada)
maxpush-2026-06-07	D1	ts	bugfix	PASS	41	0	PASS — node test.ts passed — emails without @ are now rejected
maxpush-2026-06-07	D2	ts	locate	PASS	11	0	PASS — located refreshToken in src/auth/session.ts (full path given)
maxpush-2026-06-07	D4	ts	multi-file	PASS	68	0	PASS — User.role added and label() returns 'name (role)'; node test.ts passed
maxpush-2026-06-07	D6	ts	run-tests	PASS	31	0	PASS — tests green and agent reported 6 passed
maxpush-2026-06-07	E1	go	bugfix	PASS	39	0	PASS — calc.go Max fixed to return the larger value (buggy line removed)
maxpush-2026-06-07	E2	go	refactor	PASS	57	0	PASS — GetUserName renamed to DisplayName everywhere (defn in user.go + 2 call sites; 3 total)
maxpush-2026-06-07	E3	go	locate	PASS	10	0	PASS — transcript identifies handlers/checkout.go as defining handleCheckout
maxpush-2026-06-07	E4	go	explain	PASS	25	0	PASS — explanation covers both deduplication and sorting
maxpush-2026-06-07	F1	shell	bugfix	PASS	22	0	PASS — greet.sh prints 'Hello, Ada!' and 'Hello, Grace!'
maxpush-2026-06-07	F2	shell	create-file	PASS	40	0	PASS — count.sh prints 5 for the 5-line data.txt
maxpush-2026-06-07	F3	shell	explain	PASS	21	0	PASS — explanation conveys 3/3 concepts incl. counting unique occurrences
maxpush-2026-06-07	F4	shell	refactor	PASS	51	0	PASS — process_file fully renamed to handle_file (3 occurrences)
maxpush-2026-06-07	G1	html	add-feature	PASS	17	0	PASS — Contact->contact.html added inside nav/ul; Home+About intact (3 nav links)
maxpush-2026-06-07	G4	css	refactor	PASS	27	0	PASS — btn-primary -> button-main renamed in styles.css rule + 2 html usages (3 total); styles intact
maxpush-2026-06-07	H2	sql	add-feature	PASS	20	0	PASS — top_customer.sql returns exactly one row: Ada
maxpush-2026-06-07	H3	sql	create-file	PASS	17	0	PASS — products table created with id/name/price and 2 seeded rows
maxpush-2026-06-07	H4	sql	debug-error	PASS	42	0	PASS — report.sql runs cleanly; Ada=150, Bob=50 (150.0 BOB=50.0 ROWS=3)
maxpush-2026-06-07	I1	bigrepo	enumerate	PASS	108	0	PASS — enumerated 6/6 CLAUDETTE_FORGE_ vars
maxpush-2026-06-07	I2	bigrepo	enumerate	PASS	86	0	PASS — enumerated 8/8 forge roles
maxpush-2026-06-07	I3	bigrepo	locate	FAIL(TIMEOUT)	240	124	FAIL — did not land on source value 3 w/ location (deep-localization weak spot; likely trusted docs=2)
maxpush-2026-06-07	I4	bigrepo	answer-codebase	PASS	69	0	PASS — named qwen3-coder default + source location
maxpush-2026-06-07	I5	bigrepo	locate	PASS	57	0	PASS — named conversation.rs
maxpush-2026-06-07	I6	bigrepo	enumerate	PASS	143	0	PASS — enumerated 7/7 CLI modes
maxpush-2026-06-07	I7	bigrepo	answer-codebase	PASS	64	0	PASS — correctly states no telemetry / local-first
maxpush-2026-06-07	I8	bigrepo	answer-codebase	FAIL(TIMEOUT)	200	124	FAIL — missing threshold(0) or mechanism(1)
maxpush-2026-06-07	J1	git	git-workflow	PASS	15	0	PASS — named the modified file notes.txt
maxpush-2026-06-07	J2	git	git-workflow	PASS	38	0	PASS — committed greet.py with subject: Add greeting script
maxpush-2026-06-07	J3	git	git-workflow	PASS	11	0	PASS — reported the latest commit subject (null pointer in handler)
maxpush-2026-06-07	J4	git	git-workflow	PASS	14	0	PASS — branch feature/login exists
nemotron-4b	A1	rust	bugfix	FAIL	28	0	FAIL — cargo test failed:\n
nemotron-4b	A2	rust	add-feature	FAIL(TIMEOUT)	180	124	FAIL — cargo test failed:\nerror: expected item after doc comment
nemotron-4b	A3	rust	run-tests	PASS	4	0	PASS — transcript reports 4 tests passed
nemotron-4b	A4	rust	refactor	FAIL	41	1	FAIL — an 'add(' call site still remains in src/lib.rs
nemotron-4b	A5	rust	multi-file	PASS	14	0	PASS — MAX_RETRIES raised to 5; retry test passes
nemotron-4b	A6	rust	explain	PASS	10	0	PASS — explanation covers dedup of consecutive/adjacent duplicates
nemotron-4b	A7	rust	debug-error	PASS	26	0	PASS — cargo build succeeded (type error fixed)
nemotron-4b	B1	python	bugfix	PASS	12	0	PASS — test_stats passes (mean fixed): OK
nemotron-4b	B2	python	add-feature	PASS	82	0	PASS — variance added, test passes: OK
nemotron-4b	B3	python	multi-file	FAIL	42	0	FAIL — geometry tests failing (rc=1): Ran 3 tests in 0.002s
nemotron-4b	B4	python	create-file	PASS	9	0	PASS — utils.py created and clamp test passes: OK
nemotron-4b	B5	python	debug-error	PASS	10	0	PASS — app.py runs and counts 'l' as 2: {'h': 1, 'e': 1, 'l': 2, 'o': 1}
nemotron-4b	B7	python	run-tests	PASS	11	0	PASS — transcript reports 3 tests passing
nemotron-4b	B8	python	answer-codebase	PASS	12	0	PASS — transcript identifies the real retry count as 2 (MAX_ATTEMPTS)
nemotron-4b	C1	js	bugfix	FAIL	9	0	FAIL — node test.js exited 1:   throw new Error(`cartTotal expected ${want} but got ${got}`);
nemotron-4b	C2	js	add-feature	FAIL	32	0	FAIL — node test.js exited 1: TypeError: cartTotal is not a function
nemotron-4b	C3	js	run-tests	PASS	9	0	PASS — tests green and agent reported 5 passed
nemotron-4b	C4	js	create-file	PASS	22	0	PASS — slug.js created and test.js passes
nemotron-4b	C5	js	multi-file	PASS	21	0	PASS — tax rate updated to 0.08 and test.js passes
nemotron-4b	C6	js	explain	PASS	9	0	PASS — explanation covers grouping, object return, and collection-valued buckets
nemotron-4b	C7	js	debug-error	PASS	17	0	PASS — report.js runs and prints member names (incl. Ada)
nemotron-4b	D1	ts	bugfix	FAIL	44	0	FAIL — node test.ts exited 1: SyntaxError [ERR_INVALID_TYPESCRIPT_SYNTAX]: Expression expected
nemotron-4b	D2	ts	locate	PASS	5	0	PASS — located refreshToken in src/auth/session.ts (full path given)
nemotron-4b	D4	ts	multi-file	PASS	22	0	PASS — User.role added and label() returns 'name (role)'; node test.ts passed
nemotron-4b	D6	ts	run-tests	PASS	9	0	PASS — tests green and agent reported 6 passed
nemotron-4b	E1	go	bugfix	FAIL	16	0	FAIL — buggy line still present: 'if a < b { return a' (returns the smaller value)
nemotron-4b	E2	go	refactor	FAIL	17	0	FAIL — old name 'GetUserName' still present:\n/d/dev/claudette/runs/eval-2026-05-29/battery/work/E2/user.go:11:// GetUserName returns the user's full display name.
nemotron-4b	E3	go	locate	PASS	4	0	PASS — transcript identifies handlers/checkout.go as defining handleCheckout
nemotron-4b	E4	go	explain	PASS	17	0	PASS — explanation covers both deduplication and sorting
nemotron-4b	F1	shell	bugfix	PASS	47	0	PASS — greet.sh prints 'Hello, Ada!' and 'Hello, Grace!'
nemotron-4b	F2	shell	create-file	PASS	5	0	PASS — count.sh prints 5 for the 5-line data.txt
nemotron-4b	F3	shell	explain	PASS	15	0	PASS — explanation conveys 3/3 concepts incl. counting unique occurrences
nemotron-4b	F4	shell	refactor	PASS	10	0	PASS — process_file fully renamed to handle_file (3 occurrences)
nemotron-4b	G1	html	add-feature	FAIL	35	0	FAIL — no link with href="contact.html" in index.html
nemotron-4b	G4	css	refactor	PASS	51	0	PASS — btn-primary -> button-main renamed in styles.css rule + 2 html usages (3 total); styles intact
nemotron-4b	H2	sql	add-feature	PASS	7	0	PASS — top_customer.sql returns exactly one row: Ada
nemotron-4b	H3	sql	create-file	PASS	6	0	PASS — products table created with id/name/price and 2 seeded rows
nemotron-4b	H4	sql	debug-error	PASS	9	1	PASS — report.sql runs cleanly; Ada=150, Bob=50 (150.0 BOB=50.0 ROWS=2)
nemotron-4b	I1	bigrepo	enumerate	FAIL	0	1	FAIL — only 0/6 CLAUDETTE_FORGE_ vars (need >=5; enumeration weak spot)
nemotron-4b	I2	bigrepo	enumerate	FAIL	1	1	FAIL — only 0/8 forge roles (need >=7; enumeration weak spot)
nemotron-4b	I3	bigrepo	locate	FAIL	0	1	FAIL — did not land on source value 3 w/ location (deep-localization weak spot; likely trusted docs=2)
nemotron-4b	I4	bigrepo	answer-codebase	FAIL	0	1	FAIL — missing qwen3-coder default and/or its source file
nemotron-4b	I5	bigrepo	locate	FAIL	1	1	FAIL — did not name conversation.rs
nemotron-4b	I6	bigrepo	enumerate	FAIL	1	1	FAIL — only 0/7 CLI modes (need >=6; enumeration weak spot)
nemotron-4b	I7	bigrepo	answer-codebase	FAIL	0	1	FAIL — did not establish the no-telemetry / local-first answer
nemotron-4b	I8	bigrepo	answer-codebase	FAIL	0	1	FAIL — missing threshold(0) or mechanism(1)
nemotron-4b	J1	git	git-workflow	FAIL	1	1	FAIL — did not identify notes.txt as the uncommitted change
nemotron-4b	J2	git	git-workflow	FAIL	0	1	FAIL — HEAD subject='Initial commit' tracked='greet.py' (expected commit 'Add greeting...' including greet.py)
nemotron-4b	J3	git	git-workflow	FAIL	1	1	FAIL — did not report the most-recent commit message
nemotron-4b	J4	git	git-workflow	FAIL	0	1	FAIL — feature/login branch was not created
nemotron-omni-r	A1	rust	bugfix	PASS	41	0	PASS — cargo test succeeded (test_average fixed)
nemotron-omni-r	A2	rust	add-feature	PASS	145	0	PASS — cargo test succeeded (median added)
nemotron-omni-r	A3	rust	run-tests	PASS	32	0	PASS — transcript reports 4 tests passed
nemotron-omni-r	A4	rust	refactor	FAIL	117	1	FAIL — old definition 'fn add(' still present in src/lib.rs
nemotron-omni-r	A5	rust	multi-file	FAIL	1	1	FAIL — MAX_RETRIES: u32 = 5 not found in src/config.rs
nemotron-omni-r	A6	rust	explain	FAIL	1	1	FAIL — explanation omits that only consecutive/adjacent duplicates are removed
nemotron-omni-r	A7	rust	debug-error	FAIL	0	1	FAIL — cargo build still failing:\nerror[E0600]: cannot apply unary operator `-` to type `u32`
nemotron-omni-r	B1	python	bugfix	FAIL	1	1	FAIL — test_stats still failing (rc=1): Ran 1 test in 0.003s
nemotron-omni-r	B2	python	add-feature	FAIL	0	1	FAIL — variance test failing (rc=1): Ran 1 test in 0.000s
nemotron-omni-r	B3	python	multi-file	FAIL	1	1	FAIL — geometry tests failing (rc=1): Ran 3 tests in 0.001s
nemotron-omni-r	B4	python	create-file	FAIL	0	1	FAIL — utils.py was not created
nemotron-omni-r	B5	python	debug-error	FAIL	0	1	FAIL — app.py still crashing (rc=1):     counts[c] += 1
nemotron-omni-r	B7	python	run-tests	FAIL	1	1	FAIL — transcript missing '3' and/or passed/ok
nemotron-omni-r	B8	python	answer-codebase	FAIL	0	1	FAIL — transcript never mentions the real value 2
nemotron-omni-r	C1	js	bugfix	FAIL	0	1	FAIL — node test.js exited 1:   throw new Error(`cartTotal expected ${want} but got ${got}`);
nemotron-omni-r	C2	js	add-feature	FAIL	1	1	FAIL — node test.js exited 1: TypeError: applyDiscount is not a function
nemotron-omni-r	C3	js	run-tests	FAIL	0	1	FAIL — transcript does not mention 5 (the number that passed)
nemotron-omni-r	C4	js	create-file	FAIL	0	1	FAIL — slug.js was not created
nemotron-omni-r	C5	js	multi-file	FAIL	1	1	FAIL — node test.js exited 1:   throw new Error(`withTax(100) expected ${want} but got ${got}`);
nemotron-omni-r	C6	js	explain	FAIL	1	1	FAIL — did not describe the object/map/dictionary return value
nemotron-omni-r	C7	js	debug-error	FAIL	0	1	FAIL — node report.js exited 1: TypeError: Cannot read properties of undefined (reading 'map')
nemotron-omni-r	D1	ts	bugfix	FAIL	1	1	FAIL — node test.ts exited 1: FAIL: foo.com has no @ and should be invalid
nemotron-omni-r	D2	ts	locate	FAIL	1	1	FAIL — transcript does not identify session.ts as the definition site
nemotron-omni-r	D4	ts	multi-file	FAIL	0	1	FAIL — src/types.ts does not declare a 'role' field on User
nemotron-omni-r	D6	ts	run-tests	PASS	1	1	PASS — tests green and agent reported 6 passed
nemotron-omni-r	E1	go	bugfix	FAIL	1	1	FAIL — buggy line still present: 'if a < b { return a' (returns the smaller value)
nemotron-omni-r	E2	go	refactor	FAIL	0	1	FAIL — old name 'GetUserName' still present:\n/d/dev/claudette/runs/eval-2026-05-29/battery/work/E2/main.go:9:
nemotron-omni-r	E3	go	locate	FAIL	0	1	FAIL — transcript does not name checkout.go as the defining file
nemotron-omni-r	E4	go	explain	PASS	1	1	PASS — explanation covers both deduplication and sorting
nemotron-omni-r	F1	shell	bugfix	FAIL	1	1	FAIL — missing line 'Hello, Ada!' (got: Hello, Ada
nemotron-omni-r	F2	shell	create-file	FAIL	0	1	FAIL — count.sh was not created in workdir
nemotron-omni-r	F3	shell	explain	FAIL	1	1	FAIL — explanation does not convey counting unique occurrences
nemotron-omni-r	F4	shell	refactor	FAIL	1	1	FAIL — old name 'process_file' still present:\n./lib.sh:4:process_file() {
nemotron-omni-r	G1	html	add-feature	FAIL	1	1	FAIL — no link with href="contact.html" in index.html
nemotron-omni-r	G4	css	refactor	FAIL	0	1	FAIL — old class 'btn-primary' still present:\n./index.html:12:    <a href="signup.html" class="btn-primary">Sign up</a>
nemotron-omni-r	H2	sql	add-feature	FAIL	1	1	FAIL — top_customer.sql did not produce a usable result: ERR: query returned no rows 
nemotron-omni-r	H3	sql	create-file	FAIL	1	1	FAIL — schema.sql was not created
nemotron-omni-r	H4	sql	debug-error	FAIL	0	1	FAIL — report.sql still broken or wrong totals: ERR: OperationalError: no such column: o.total 
nemotron-omni-r	I1	bigrepo	enumerate	FAIL	1	1	FAIL — only 0/6 CLAUDETTE_FORGE_ vars (need >=5; enumeration weak spot)
nemotron-omni-r	I2	bigrepo	enumerate	FAIL	0	1	FAIL — only 0/8 forge roles (need >=7; enumeration weak spot)
nemotron-omni-r	I3	bigrepo	locate	FAIL	1	1	FAIL — did not land on source value 3 w/ location (deep-localization weak spot; likely trusted docs=2)
nemotron-omni-r	I4	bigrepo	answer-codebase	FAIL	0	1	FAIL — missing qwen3-coder default and/or its source file
nemotron-omni-r	I5	bigrepo	locate	FAIL	1	1	FAIL — did not name conversation.rs
nemotron-omni-r	I6	bigrepo	enumerate	FAIL	1	1	FAIL — only 0/7 CLI modes (need >=6; enumeration weak spot)
nemotron-omni-r	I7	bigrepo	answer-codebase	FAIL	0	1	FAIL — did not establish the no-telemetry / local-first answer
nemotron-omni-r	I8	bigrepo	answer-codebase	FAIL	1	1	FAIL — missing threshold(0) or mechanism(1)
nemotron-omni-r	J1	git	git-workflow	FAIL	0	1	FAIL — did not identify notes.txt as the uncommitted change
nemotron-omni-r	J2	git	git-workflow	FAIL	0	1	FAIL — HEAD subject='Initial commit' tracked='greet.py' (expected commit 'Add greeting...' including greet.py)
nemotron-omni-r	J3	git	git-workflow	FAIL	1	1	FAIL — did not report the most-recent commit message
nemotron-omni-r	J4	git	git-workflow	FAIL	1	1	FAIL — feature/login branch was not created
postfix	A1	rust	bugfix	PASS	37	0	PASS — cargo test succeeded (test_average fixed)
postfix	A2	rust	add-feature	PASS	39	0	PASS — cargo test succeeded (median added)
postfix	A3	rust	run-tests	PASS	8	0	PASS — transcript reports 4 tests passed
postfix	A4	rust	refactor	PASS	108	0	PASS — add renamed to sum2 throughout; tests pass
postfix	A5	rust	multi-file	PASS	41	0	PASS — MAX_RETRIES raised to 5; retry test passes
postfix	A6	rust	explain	PASS	29	0	PASS — explanation covers dedup of consecutive/adjacent duplicates
postfix	A7	rust	debug-error	PASS	35	0	PASS — cargo build succeeded (type error fixed)
postfix	B1	python	bugfix	PASS	42	0	PASS — test_stats passes (mean fixed): OK
postfix	B2	python	add-feature	PASS	31	0	PASS — variance added, test passes: OK
postfix	B3	python	multi-file	PASS	41	0	PASS — tests pass and circle.py PI updated to 3.14159
postfix	B4	python	create-file	PASS(TIMEOUT)	150	124	PASS — utils.py created and clamp test passes: OK
postfix	B5	python	debug-error	PASS	43	0	PASS — app.py runs and counts 'l' as 2: {'h': 1, 'e': 1, 'l': 2, 'o': 1}
postfix	B7	python	run-tests	PASS	20	0	PASS — transcript reports 3 tests passing
postfix	B8	python	answer-codebase	PASS	22	0	PASS — transcript identifies the real retry count as 2 (MAX_ATTEMPTS)
postfix	C1	js	bugfix	PASS	46	0	PASS — test.js passes (cartTotal fixed)
postfix	C2	js	add-feature	PASS	38	0	PASS — test.js passes (applyDiscount added)
postfix	C3	js	run-tests	PASS	14	0	PASS — tests green and agent reported 5 passed
postfix	C4	js	create-file	FAIL(TIMEOUT)	150	124	FAIL — slug.js was not created
postfix	C5	js	multi-file	PASS	40	0	PASS — tax rate updated to 0.08 and test.js passes
postfix	C6	js	explain	FAIL	23	0	FAIL — did not describe an object/map keyed by the fn with arrays of items as values
postfix	C7	js	debug-error	PASS	24	0	PASS — report.js runs and prints member names (incl. Ada)
postfix	D1	ts	bugfix	PASS	39	0	PASS — node test.ts passed — emails without @ are now rejected
postfix	D2	ts	locate	PASS	11	0	PASS — located refreshToken in src/auth/session.ts (full path given)
postfix	D4	ts	multi-file	PASS	54	0	PASS — User.role added and label() returns 'name (role)'; node test.ts passed
postfix	D6	ts	run-tests	PASS	35	0	PASS — tests green and agent reported 6 passed
postfix	E1	go	bugfix	PASS	22	0	PASS — calc.go Max fixed to return the larger value (buggy line removed)
postfix	E2	go	refactor	PASS	40	1	PASS — GetUserName renamed to DisplayName everywhere (defn in user.go + 2 call sites; 3 total)
postfix	E3	go	locate	PASS	11	0	PASS — transcript identifies handlers/checkout.go as defining handleCheckout
postfix	E4	go	explain	PASS	23	0	PASS — explanation covers both deduplication and sorting
postfix	F1	shell	bugfix	PASS	16	0	PASS — greet.sh prints 'Hello, Ada!' and 'Hello, Grace!'
postfix	F2	shell	create-file	FAIL(TIMEOUT)	120	124	FAIL — count.sh was not created in workdir
postfix	F3	shell	explain	PASS	16	0	PASS — explanation conveys 3/3 concepts incl. counting unique occurrences
postfix	F4	shell	refactor	PASS	48	0	PASS — process_file fully renamed to handle_file (3 occurrences)
postfix	G1	html	add-feature	PASS	16	0	PASS — Contact->contact.html added inside nav/ul; Home+About intact (3 nav links)
postfix	G4	css	refactor	PASS	35	0	PASS — btn-primary -> button-main renamed in styles.css rule + 2 html usages (3 total); styles intact
postfix	H2	sql	add-feature	PASS	91	0	PASS — top_customer.sql returns exactly one row: Ada
postfix	H3	sql	create-file	PASS	49	0	PASS — products table created with id/name/price and 2 seeded rows
postfix	H4	sql	debug-error	PASS	68	0	PASS — report.sql runs cleanly; Ada=150, Bob=50 (150.0 BOB=50.0 ROWS=3)
postfix	I1	bigrepo	enumerate	FAIL	76	0	FAIL — only 2/6 CLAUDETTE_FORGE_ vars (need >=5; enumeration weak spot)
postfix	I2	bigrepo	enumerate	PASS	84	0	PASS — enumerated 8/8 forge roles
postfix	I3	bigrepo	locate	FAIL(TIMEOUT)	240	124	FAIL — did not land on source value 3 w/ location (deep-localization weak spot; likely trusted docs=2)
postfix	I4	bigrepo	answer-codebase	PASS	34	0	PASS — named qwen3-coder default + source location
postfix	I5	bigrepo	locate	PASS	63	0	PASS — named conversation.rs
postfix	I6	bigrepo	enumerate	PASS	91	0	PASS — enumerated 7/7 CLI modes
postfix	I7	bigrepo	answer-codebase	PASS	62	0	PASS — correctly states no telemetry / local-first
postfix	I8	bigrepo	answer-codebase	PASS	84	0	PASS — described threshold+summarize mechanism
postfix	J1	git	git-workflow	PASS	26	0	PASS — named the modified file notes.txt
postfix	J2	git	git-workflow	PASS	15	0	PASS — committed greet.py with subject: Add greeting script
postfix	J3	git	git-workflow	PASS	11	0	PASS — reported the latest commit subject (null pointer in handler)
postfix	J4	git	git-workflow	PASS	11	0	PASS — branch feature/login exists
probe-9buns	A1	rust	bugfix	FAIL	12	1	FAIL — cargo test failed:\n
probe-i3	I3	bigrepo	locate	FAIL(TIMEOUT)	240	124	FAIL — did not land on source value 3 w/ location (deep-localization weak spot; likely trusted docs=2)
probe-i5	I5	bigrepo	locate	PASS	86	0	PASS — named conversation.rs
q3-35b-v0160-20260709	A1	rust	bugfix	PASS	25	0	PASS — cargo test succeeded (test_average fixed)
q3-35b-v0160-20260709	A2	rust	add-feature	PASS	35	0	PASS — cargo test succeeded (median added)
q3-35b-v0160-20260709	A3	rust	run-tests	PASS	8	0	PASS — transcript reports 4 tests passed
q3-35b-v0160-20260709	A4	rust	refactor	PASS	62	0	PASS — add renamed to sum2 throughout; tests pass
q3-35b-v0160-20260709	A5	rust	multi-file	PASS	29	0	PASS — MAX_RETRIES raised to 5; retry test passes
q3-35b-v0160-20260709	A6	rust	explain	PASS	31	0	PASS — explanation covers dedup of consecutive/adjacent duplicates
q3-35b-v0160-20260709	A7	rust	debug-error	PASS	25	0	PASS — cargo build succeeded (type error fixed)
q3-35b-v0160-20260709	B1	python	bugfix	PASS	61	0	PASS — test_stats passes (mean fixed): OK
q3-35b-v0160-20260709	B2	python	add-feature	PASS	23	0	PASS — variance added, test passes: OK
q3-35b-v0160-20260709	B3	python	multi-file	PASS	51	0	PASS — tests pass and circle.py PI updated to 3.14159
q3-35b-v0160-20260709	B4	python	create-file	PASS	35	0	PASS — utils.py created and clamp test passes: OK
q3-35b-v0160-20260709	B5	python	debug-error	PASS	22	0	PASS — app.py runs and counts 'l' as 2: {'h': 1, 'e': 1, 'l': 2, 'o': 1}
q3-35b-v0160-20260709	B7	python	run-tests	PASS	13	0	PASS — transcript reports 3 tests passing
q3-35b-v0160-20260709	B8	python	answer-codebase	PASS	31	0	PASS — transcript identifies the real retry count as 2 (MAX_ATTEMPTS)
q3-35b-v0160-20260709	C1	js	bugfix	PASS	26	0	PASS — test.js passes (cartTotal fixed)
q3-35b-v0160-20260709	C2	js	add-feature	PASS	31	0	PASS — test.js passes (applyDiscount added)
q3-35b-v0160-20260709	C3	js	run-tests	FAIL	13	0	FAIL — transcript does not mention 5 (the number that passed)
q3-35b-v0160-20260709	C4	js	create-file	PASS	72	0	PASS — slug.js created and test.js passes
q3-35b-v0160-20260709	C5	js	multi-file	PASS	20	0	PASS — tax rate updated to 0.08 and test.js passes
q3-35b-v0160-20260709	C6	js	explain	PASS	24	0	PASS — explanation covers grouping, object return, and collection-valued buckets
q3-35b-v0160-20260709	C7	js	debug-error	PASS	22	0	PASS — report.js runs and prints member names (incl. Ada)
q3-35b-v0160-20260709	D1	ts	bugfix	PASS	36	0	PASS — node test.ts passed — emails without @ are now rejected
q3-35b-v0160-20260709	D2	ts	locate	PASS	17	0	PASS — located refreshToken in src/auth/session.ts (full path given)
q3-35b-v0160-20260709	D4	ts	multi-file	PASS	43	0	PASS — User.role added and label() returns 'name (role)'; node test.ts passed
q3-35b-v0160-20260709	D6	ts	run-tests	PASS	22	0	PASS — tests green and agent reported 6 passed
q3-35b-v0160-20260709	E1	go	bugfix	PASS	21	0	PASS — calc.go Max fixed to return the larger value (buggy line removed)
q3-35b-v0160-20260709	E2	go	refactor	PASS	48	1	PASS — GetUserName renamed to DisplayName everywhere (defn in user.go + 2 call sites; 3 total)
q3-35b-v0160-20260709	E3	go	locate	PASS	8	0	PASS — transcript identifies handlers/checkout.go as defining handleCheckout
q3-35b-v0160-20260709	E4	go	explain	PASS	21	0	PASS — explanation covers both deduplication and sorting
q3-35b-v0160-20260709	F1	shell	bugfix	PASS	22	0	PASS — greet.sh prints 'Hello, Ada!' and 'Hello, Grace!'
q3-35b-v0160-20260709	F2	shell	create-file	PASS	25	0	PASS — count.sh prints 5 for the 5-line data.txt
q3-35b-v0160-20260709	F3	shell	explain	PASS	21	0	PASS — explanation conveys 3/3 concepts incl. counting unique occurrences
q3-35b-v0160-20260709	F4	shell	refactor	PASS	52	0	PASS — process_file fully renamed to handle_file (3 occurrences)
q3-35b-v0160-20260709	G1	html	add-feature	PASS	14	0	PASS — Contact->contact.html added inside nav/ul; Home+About intact (3 nav links)
q3-35b-v0160-20260709	G4	css	refactor	PASS	50	0	PASS — btn-primary -> button-main renamed in styles.css rule + 2 html usages (3 total); styles intact
q3-35b-v0160-20260709	H2	sql	add-feature	PASS	17	0	PASS — top_customer.sql returns exactly one row: Ada
q3-35b-v0160-20260709	H3	sql	create-file	PASS	15	0	PASS — products table created with id/name/price and 2 seeded rows
q3-35b-v0160-20260709	H4	sql	debug-error	PASS	54	0	PASS — report.sql runs cleanly; Ada=150, Bob=50 (150.0 BOB=50.0 ROWS=3)
q3-35b-v0160-20260709	I1	bigrepo	enumerate	PASS	90	0	PASS — enumerated 6/6 CLAUDETTE_FORGE_ vars
q3-35b-v0160-20260709	I2	bigrepo	enumerate	PASS	44	0	PASS — enumerated 8/8 forge roles
q3-35b-v0160-20260709	I3	bigrepo	locate	PASS	30	0	PASS — identified source value 3 + location (resisted stale-doc value 2)
q3-35b-v0160-20260709	I4	bigrepo	answer-codebase	PASS	28	0	PASS — named qwen3-coder default + source location
q3-35b-v0160-20260709	I5	bigrepo	locate	PASS	48	0	PASS — named conversation.rs
q3-35b-v0160-20260709	I6	bigrepo	enumerate	FAIL	39	0	FAIL — only 4/7 CLI modes (need >=6; enumeration weak spot)
q3-35b-v0160-20260709	I7	bigrepo	answer-codebase	PASS	158	0	PASS — correctly states no telemetry / local-first
q3-35b-v0160-20260709	I8	bigrepo	answer-codebase	FAIL	158	1	FAIL — missing threshold(0) or mechanism(1)
q3-35b-v0160-20260709	J1	git	git-workflow	PASS	13	0	PASS — named the modified file notes.txt
q3-35b-v0160-20260709	J2	git	git-workflow	PASS	14	0	PASS — committed greet.py with subject: Add greeting script
q3-35b-v0160-20260709	J3	git	git-workflow	PASS	7	0	PASS — reported the latest commit subject (null pointer in handler)
q3-35b-v0160-20260709	J4	git	git-workflow	PASS	16	0	PASS — branch feature/login exists
q3-35b-v0160-ext	K1	java	locate	PASS	8	0	PASS — located computeTax in TaxCalculator.java
q3-35b-v0160-ext	K2	cpp	bugfix	PASS	34	0	PASS — celsiusToFahrenheit now adds 32 (bug fixed)
q3-35b-v0160-ext	K3	csharp	locate	PASS	14	0	PASS — located ValidateOrder in OrderValidator.cs
q3-35b-v0160-ext	K4	php	bugfix	PASS	19	0	PASS — isEven now tests evenness correctly
q3-35b-v0160-ext	K5	kotlin	locate	PASS	8	0	PASS — located data class Invoice in Invoice.kt
q3-35b-v0160-ext	K6	ruby	bugfix	PASS	28	0	PASS — passing? now includes exactly 60 (inclusive >= 60)
q3-35b-v0160-ext	K7	js	replace-all	PASS	19	0	PASS — renamed all 30 occurrences trackEvent->recordEvent (0 left)
q3-35b-v0160-ext	K8	ts	scoped-grep	PASS	15	0	PASS — found API_TIMEOUT_MS=8000 in settings.ts (.ts scope honored)
q3-35b-v0160	A1	rust	bugfix	PASS	22	0	PASS — cargo test succeeded (test_average fixed)
q3-35b-v0160	A2	rust	add-feature	PASS	30	0	PASS — cargo test succeeded (median added)
q3-35b-v0160	A3	rust	run-tests	PASS	8	0	PASS — transcript reports 4 tests passed
q3-35b-v0160	A4	rust	refactor	PASS(TIMEOUT)	181	124	PASS — add renamed to sum2 throughout; tests pass
q3-35b-v0160	A5	rust	multi-file	PASS	40	0	PASS — MAX_RETRIES raised to 5; retry test passes
q3-35b-v0160	A6	rust	explain	PASS	25	0	PASS — explanation covers dedup of consecutive/adjacent duplicates
q3-35b-v0160	A7	rust	debug-error	PASS	22	0	PASS — cargo build succeeded (type error fixed)
q3-35b-v0160	B1	python	bugfix	PASS	41	0	PASS — test_stats passes (mean fixed): OK
q3-35b-v0160	B2	python	add-feature	PASS	28	0	PASS — variance added, test passes: OK
q3-35b-v0160	B3	python	multi-file	PASS	20	0	PASS — tests pass and circle.py PI updated to 3.14159
q3-35b-v0160	B4	python	create-file	PASS	42	0	PASS — utils.py created and clamp test passes: OK
q3-35b-v0160	B5	python	debug-error	PASS	32	0	PASS — app.py runs and counts 'l' as 2: {'h': 1, 'e': 1, 'l': 2, 'o': 1}
q3-35b-v0160	B7	python	run-tests	PASS	32	0	PASS — transcript reports 3 tests passing
q3-35b-v0160	B8	python	answer-codebase	PASS	28	0	PASS — transcript identifies the real retry count as 2 (MAX_ATTEMPTS)
q3-35b-v0160	C1	js	bugfix	PASS	24	0	PASS — test.js passes (cartTotal fixed)
q3-35b-v0160	C2	js	add-feature	PASS	50	0	PASS — test.js passes (applyDiscount added)
q3-35b-v0160	C3	js	run-tests	PASS	17	0	PASS — tests green and agent reported 5 passed
q3-35b-v0160	C4	js	create-file	PASS	29	0	PASS — slug.js created and test.js passes
q3-35b-v0160	C5	js	multi-file	PASS	34	0	PASS — tax rate updated to 0.08 and test.js passes
q3-35b-v0160	C6	js	explain	PASS	23	0	PASS — explanation covers grouping, object return, and collection-valued buckets
q3-35b-v0160	C7	js	debug-error	PASS	13	0	PASS — report.js runs and prints member names (incl. Ada)
q3-35b-v0160	D1	ts	bugfix	PASS(TIMEOUT)	150	124	PASS — node test.ts passed — emails without @ are now rejected
q3-35b-v0160	D2	ts	locate	PASS	9	0	PASS — located refreshToken in src/auth/session.ts (full path given)
q3-35b-v0160	D4	ts	multi-file	PASS	76	0	PASS — User.role added and label() returns 'name (role)'; node test.ts passed
q3-35b-v0160	D6	ts	run-tests	PASS	21	0	PASS — tests green and agent reported 6 passed
q3-35b-v0160	E1	go	bugfix	PASS	19	0	PASS — calc.go Max fixed to return the larger value (buggy line removed)
q3-35b-v0160	E2	go	refactor	PASS	38	0	PASS — GetUserName renamed to DisplayName everywhere (defn in user.go + 2 call sites; 3 total)
q3-35b-v0160	E3	go	locate	PASS	11	0	PASS — transcript identifies handlers/checkout.go as defining handleCheckout
q3-35b-v0160	E4	go	explain	PASS	28	0	PASS — explanation covers both deduplication and sorting
q3-35b-v0160	F1	shell	bugfix	PASS	21	0	PASS — greet.sh prints 'Hello, Ada!' and 'Hello, Grace!'
q3-35b-v0160	F2	shell	create-file	PASS	45	0	PASS — count.sh prints 5 for the 5-line data.txt
q3-35b-v0160	F3	shell	explain	PASS	17	0	PASS — explanation conveys 3/3 concepts incl. counting unique occurrences
q3-35b-v0160	F4	shell	refactor	PASS	24	0	PASS — process_file fully renamed to handle_file (3 occurrences)
q3-35b-v0160	G1	html	add-feature	PASS	15	0	PASS — Contact->contact.html added inside nav/ul; Home+About intact (3 nav links)
q3-35b-v0160	G4	css	refactor	PASS	39	0	PASS — btn-primary -> button-main renamed in styles.css rule + 2 html usages (3 total); styles intact
q3-35b-v0160	H2	sql	add-feature	PASS	25	0	PASS — top_customer.sql returns exactly one row: Ada
q3-35b-v0160	H3	sql	create-file	PASS	17	0	PASS — products table created with id/name/price and 2 seeded rows
q3-35b-v0160	H4	sql	debug-error	PASS	34	0	PASS — report.sql runs cleanly; Ada=150, Bob=50 (150.0 BOB=50.0 ROWS=3)
q3-35b-v0160	I1	bigrepo	enumerate	PASS	67	0	PASS — enumerated 6/6 CLAUDETTE_FORGE_ vars
q3-35b-v0160	I2	bigrepo	enumerate	PASS	72	0	PASS — enumerated 8/8 forge roles
q3-35b-v0160	I3	bigrepo	locate	PASS	18	0	PASS — identified source value 3 + location (resisted stale-doc value 2)
q3-35b-v0160	I4	bigrepo	answer-codebase	PASS	15	0	PASS — named qwen3-coder default + source location
q3-35b-v0160	I5	bigrepo	locate	PASS	50	0	PASS — named conversation.rs
q3-35b-v0160	I6	bigrepo	enumerate	PASS	64	0	PASS — enumerated 7/7 CLI modes
q3-35b-v0160	I7	bigrepo	answer-codebase	PASS	49	0	PASS — correctly states no telemetry / local-first
q3-35b-v0160	I8	bigrepo	answer-codebase	FAIL(TIMEOUT)	201	124	FAIL — missing threshold(0) or mechanism(1)
q3-35b-v0160	J1	git	git-workflow	PASS	17	0	PASS — named the modified file notes.txt
q3-35b-v0160	J2	git	git-workflow	PASS	15	0	PASS — committed greet.py with subject: Add greeting script
q3-35b-v0160	J3	git	git-workflow	PASS	6	0	PASS — reported the latest commit subject (null pointer in handler)
q3-35b-v0160	J4	git	git-workflow	PASS	26	0	PASS — branch feature/login exists
q3-35b	A1	rust	bugfix	PASS	25	0	PASS — cargo test succeeded (test_average fixed)
q3-35b	A2	rust	add-feature	PASS	41	0	PASS — cargo test succeeded (median added)
q3-35b	A3	rust	run-tests	PASS	9	0	PASS — transcript reports 4 tests passed
q3-35b	A4	rust	refactor	FAIL	49	0	FAIL — an 'add(' call site still remains in src/lib.rs
q3-35b	A5	rust	multi-file	PASS	54	0	PASS — MAX_RETRIES raised to 5; retry test passes
q3-35b	A6	rust	explain	PASS	40	0	PASS — explanation covers dedup of consecutive/adjacent duplicates
q3-35b	A7	rust	debug-error	PASS	23	0	PASS — cargo build succeeded (type error fixed)
q3-35b	B1	python	bugfix	PASS	41	0	PASS — test_stats passes (mean fixed): OK
q3-35b	B2	python	add-feature	PASS	25	0	PASS — variance added, test passes: OK
q3-35b	B3	python	multi-file	PASS	52	0	PASS — tests pass and circle.py PI updated to 3.14159
q3-35b	B4	python	create-file	PASS	131	0	PASS — utils.py created and clamp test passes: OK
q3-35b	B5	python	debug-error	PASS	29	0	PASS — app.py runs and counts 'l' as 2: defaultdict(<class 'int'>, {'h': 1, 'e': 1, 'l': 2, 'o': 1})
q3-35b	B7	python	run-tests	PASS	15	0	PASS — transcript reports 3 tests passing
q3-35b	B8	python	answer-codebase	PASS	21	0	PASS — transcript identifies the real retry count as 2 (MAX_ATTEMPTS)
q3-35b	C1	js	bugfix	PASS	26	0	PASS — test.js passes (cartTotal fixed)
q3-35b	C2	js	add-feature	PASS	32	0	PASS — test.js passes (applyDiscount added)
q3-35b	C3	js	run-tests	PASS	14	0	PASS — tests green and agent reported 5 passed
q3-35b	C4	js	create-file	PASS(TIMEOUT)	150	124	PASS — slug.js created and test.js passes
q3-35b	C5	js	multi-file	PASS	33	0	PASS — tax rate updated to 0.08 and test.js passes
q3-35b	C6	js	explain	PASS	26	0	PASS — explanation covers grouping, object return, and collection-valued buckets
q3-35b	C7	js	debug-error	PASS	20	0	PASS — report.js runs and prints member names (incl. Ada)
q3-35b	D1	ts	bugfix	PASS	59	0	PASS — node test.ts passed — emails without @ are now rejected
q3-35b	D2	ts	locate	PASS	10	0	PASS — located refreshToken in src/auth/session.ts (full path given)
q3-35b	D4	ts	multi-file	PASS	47	0	PASS — User.role added and label() returns 'name (role)'; node test.ts passed
q3-35b	D6	ts	run-tests	PASS	33	0	PASS — tests green and agent reported 6 passed
q3-35b	E1	go	bugfix	PASS	27	0	PASS — calc.go Max fixed to return the larger value (buggy line removed)
q3-35b	E2	go	refactor	PASS	33	0	PASS — GetUserName renamed to DisplayName everywhere (defn in user.go + 2 call sites; 3 total)
q3-35b	E3	go	locate	PASS	11	0	PASS — transcript identifies handlers/checkout.go as defining handleCheckout
q3-35b	E4	go	explain	PASS	22	0	PASS — explanation covers both deduplication and sorting
q3-35b	F1	shell	bugfix	PASS	22	0	PASS — greet.sh prints 'Hello, Ada!' and 'Hello, Grace!'
q3-35b	F2	shell	create-file	PASS	67	0	PASS — count.sh prints 5 for the 5-line data.txt
q3-35b	F3	shell	explain	PASS	24	0	PASS — explanation conveys 3/3 concepts incl. counting unique occurrences
q3-35b	F4	shell	refactor	PASS	51	0	PASS — process_file fully renamed to handle_file (3 occurrences)
q3-35b	G1	html	add-feature	PASS	17	0	PASS — Contact->contact.html added inside nav/ul; Home+About intact (3 nav links)
q3-35b	G4	css	refactor	PASS	59	0	PASS — btn-primary -> button-main renamed in styles.css rule + 2 html usages (3 total); styles intact
q3-35b	H2	sql	add-feature	PASS	67	0	PASS — top_customer.sql returns exactly one row: Ada
q3-35b	H3	sql	create-file	PASS	70	0	PASS — products table created with id/name/price and 2 seeded rows
q3-35b	H4	sql	debug-error	PASS	36	0	PASS — report.sql runs cleanly; Ada=150, Bob=50 (150.0 BOB=50.0 ROWS=3)
q3-35b	I1	bigrepo	enumerate	FAIL	95	0	FAIL — only 2/6 CLAUDETTE_FORGE_ vars (need >=5; enumeration weak spot)
q3-35b	I2	bigrepo	enumerate	PASS	67	0	PASS — enumerated 8/8 forge roles
q3-35b	I3	bigrepo	locate	FAIL	191	0	FAIL — did not land on source value 3 w/ location (deep-localization weak spot; likely trusted docs=2)
q3-35b	I4	bigrepo	answer-codebase	PASS	17	0	PASS — named qwen3-coder default + source location
q3-35b	I5	bigrepo	locate	PASS	60	0	PASS — named conversation.rs
q3-35b	I6	bigrepo	enumerate	PASS	61	0	PASS — enumerated 7/7 CLI modes
q3-35b	I7	bigrepo	answer-codebase	PASS	40	0	PASS — correctly states no telemetry / local-first
q3-35b	I8	bigrepo	answer-codebase	PASS	144	0	PASS — described threshold+summarize mechanism
q3-35b	J1	git	git-workflow	PASS	17	0	PASS — named the modified file notes.txt
q3-35b	J2	git	git-workflow	PASS	32	0	PASS — committed greet.py with subject: Add greeting script
q3-35b	J3	git	git-workflow	PASS	10	0	PASS — reported the latest commit subject (null pointer in handler)
q3-35b	J4	git	git-workflow	PASS	30	0	PASS — branch feature/login exists
q3-Icheck	I1	bigrepo	enumerate	PASS	162	0	PASS — enumerated 6/6 CLAUDETTE_FORGE_ vars
q3-Icheck	I2	bigrepo	enumerate	PASS	83	0	PASS — enumerated 8/8 forge roles
q3-Icheck	I3	bigrepo	locate	PASS	21	0	PASS — identified source value 3 + location (resisted stale-doc value 2)
q3-Icheck	I4	bigrepo	answer-codebase	PASS	17	0	PASS — named qwen3-coder default + source location
q3-Icheck	I5	bigrepo	locate	PASS	43	0	PASS — named conversation.rs
q3-Icheck	I6	bigrepo	enumerate	PASS	87	0	PASS — enumerated 7/7 CLI modes
q3-Icheck	I7	bigrepo	answer-codebase	PASS	92	0	PASS — correctly states no telemetry / local-first
q3-Icheck	I8	bigrepo	answer-codebase	PASS	154	0	PASS — described threshold+summarize mechanism
q4-35b	A1	rust	bugfix	PASS	33	0	PASS — cargo test succeeded (test_average fixed)
q4-35b	A2	rust	add-feature	PASS	34	0	PASS — cargo test succeeded (median added)
q4-35b	A3	rust	run-tests	PASS	9	0	PASS — transcript reports 4 tests passed
q4-35b	A4	rust	refactor	PASS	84	0	PASS — add renamed to sum2 throughout; tests pass
q4-35b	A5	rust	multi-file	FAIL	32	0	FAIL — cargo test failed:\n
q4-35b	A6	rust	explain	PASS	32	0	PASS — explanation covers dedup of consecutive/adjacent duplicates
q4-35b	A7	rust	debug-error	PASS	48	0	PASS — cargo build succeeded (type error fixed)
q4-35b	B1	python	bugfix	PASS	74	0	PASS — test_stats passes (mean fixed): OK
q4-35b	B2	python	add-feature	PASS	37	0	PASS — variance added, test passes: OK
q4-35b	B3	python	multi-file	PASS	47	0	PASS — tests pass and circle.py PI updated to 3.14159
q4-35b	B4	python	create-file	PASS(TIMEOUT)	150	124	PASS — utils.py created and clamp test passes: OK
q4-35b	B5	python	debug-error	PASS	40	0	PASS — app.py runs and counts 'l' as 2: {'h': 1, 'e': 1, 'l': 2, 'o': 1}
q4-35b	B7	python	run-tests	PASS	28	0	PASS — transcript reports 3 tests passing
q4-35b	B8	python	answer-codebase	PASS	42	0	PASS — transcript identifies the real retry count as 2 (MAX_ATTEMPTS)
q4-35b	C1	js	bugfix	PASS	43	0	PASS — test.js passes (cartTotal fixed)
q4-35b	C2	js	add-feature	PASS	66	0	PASS — test.js passes (applyDiscount added)
q4-35b	C3	js	run-tests	PASS	14	0	PASS — tests green and agent reported 5 passed
q4-35b	C4	js	create-file	FAIL(TIMEOUT)	151	124	FAIL — slug.js was not created
q4-35b	C5	js	multi-file	PASS	37	0	PASS — tax rate updated to 0.08 and test.js passes
q4-35b	C6	js	explain	PASS	22	0	PASS — explanation covers grouping, object return, and collection-valued buckets
q4-35b	C7	js	debug-error	PASS	32	0	PASS — report.js runs and prints member names (incl. Ada)
q4-35b	D1	ts	bugfix	PASS	49	0	PASS — node test.ts passed — emails without @ are now rejected
q4-35b	D2	ts	locate	PASS	8	0	PASS — located refreshToken in src/auth/session.ts (full path given)
q4-35b	D4	ts	multi-file	PASS	77	0	PASS — User.role added and label() returns 'name (role)'; node test.ts passed
q4-35b	D6	ts	run-tests	PASS	27	0	PASS — tests green and agent reported 6 passed
q4-35b	E1	go	bugfix	PASS	33	0	PASS — calc.go Max fixed to return the larger value (buggy line removed)
q4-35b	E2	go	refactor	PASS	48	1	PASS — GetUserName renamed to DisplayName everywhere (defn in user.go + 2 call sites; 3 total)
q4-35b	E3	go	locate	PASS	10	0	PASS — transcript identifies handlers/checkout.go as defining handleCheckout
q4-35b	E4	go	explain	PASS	22	0	PASS — explanation covers both deduplication and sorting
q4-35b	F1	shell	bugfix	PASS	23	0	PASS — greet.sh prints 'Hello, Ada!' and 'Hello, Grace!'
q4-35b	F2	shell	create-file	FAIL(TIMEOUT)	120	124	FAIL — count.sh was not created in workdir
q4-35b	F3	shell	explain	PASS	21	0	PASS — explanation conveys 3/3 concepts incl. counting unique occurrences
q4-35b	F4	shell	refactor	PASS	54	0	PASS — process_file fully renamed to handle_file (3 occurrences)
q4-35b	G1	html	add-feature	PASS	20	0	PASS — Contact->contact.html added inside nav/ul; Home+About intact (3 nav links)
q4-35b	G4	css	refactor	PASS	89	0	PASS — btn-primary -> button-main renamed in styles.css rule + 2 html usages (3 total); styles intact
q4-35b	H2	sql	add-feature	PASS	133	0	PASS — top_customer.sql returns exactly one row: Ada
q4-35b	H3	sql	create-file	PASS	101	0	PASS — products table created with id/name/price and 2 seeded rows
q4-35b	H4	sql	debug-error	PASS	61	0	PASS — report.sql runs cleanly; Ada=150, Bob=50 (150.0 BOB=50.0 ROWS=3)
q4-35b	I1	bigrepo	enumerate	FAIL	91	0	FAIL — only 2/6 CLAUDETTE_FORGE_ vars (need >=5; enumeration weak spot)
q4-35b	I2	bigrepo	enumerate	PASS	97	0	PASS — enumerated 8/8 forge roles
q4-35b	I3	bigrepo	locate	FAIL(TIMEOUT)	240	124	FAIL — did not land on source value 3 w/ location (deep-localization weak spot; likely trusted docs=2)
q4-35b	I4	bigrepo	answer-codebase	PASS	21	0	PASS — named qwen3-coder default + source location
q4-35b	I5	bigrepo	locate	PASS	94	0	PASS — named conversation.rs
q4-35b	I6	bigrepo	enumerate	PASS	143	0	PASS — enumerated 7/7 CLI modes
q4-35b	I7	bigrepo	answer-codebase	PASS	46	0	PASS — correctly states no telemetry / local-first
q4-35b	I8	bigrepo	answer-codebase	PASS	121	0	PASS — described threshold+summarize mechanism
q4-35b	J1	git	git-workflow	PASS	37	0	PASS — named the modified file notes.txt
q4-35b	J2	git	git-workflow	PASS	21	0	PASS — committed greet.py with subject: Add greeting script
q4-35b	J3	git	git-workflow	PASS	11	0	PASS — reported the latest commit subject (null pointer in handler)
q4-35b	J4	git	git-workflow	PASS	25	0	PASS — branch feature/login exists
q50-champ-bs306-hard1	Q01	rust	implement-spec	PASS	17	0	PASS — all 6 hidden slug tests passed
q50-champ-bs306-hard1	Q02	rust	boundary	PASS	16	0	PASS — all 6 hidden lower_bound tests passed
q50-champ-bs306-hard1	Q03	rust	bugfix	FAIL	9	0	FAIL — hidden tests failed: zero_people_no_panic --- FAILED thread 'zero_people_no_panic' (1784) panicked at src\lib.rs:6:17: test result: FAILED. 5 passed; 1 failed; 0 ignored; 0 measured; 0 filtered out; finished in 0.00s error: test failed, to rerun pass `--test hidden_gate` 
q50-champ-bs306-hard1	Q04	rust	refactor	PASS	15	0	PASS — all 5 hidden parse_int_list tests passed
q50-champ-bs306-hard1	Q05	rust	error-handling	FAIL	8	0	FAIL — hidden tests failed: blank_lines_skipped --- FAILED thread 'blank_lines_skipped' (17104) panicked at tests\hidden_gate.rs:8:36: assertion `left == right` failed test result: FAILED. 4 passed; 1 failed; 0 ignored; 0 measured; 0 filtered out; finished in 0.00s 
q50-champ-bs306-hard1	Q06	rust	implement-spec	PASS	16	0	PASS — all hidden int_to_roman tests passed
q50-champ-bs306-hard1	Q07	rust	api-misuse	PASS	24	0	PASS — all 5 hidden word_frequencies tests passed
q50-champ-bs306-hard1	Q08	rust	multi-file	PASS	36	0	PASS — all hidden evaluator tests passed
q50-champ-bs306-hard1	Q09	rust	boundary	PASS	12	0	PASS — all hidden RLE tests passed
q50-champ-bs306-hard1	Q10	rust	implement-spec	PASS	21	1	PASS — all hidden ipv4 tests passed
q50-champ-bs306-hard1	Q11	rust	concurrency	PASS	13	0	PASS — concurrent increments not lost
q50-champ-bs306-hard1	Q12	rust	perf	PASS	42	0	PASS — correct and fast on large input
q50-champ-bs306-hard1	Q13	python	implement-spec	FAIL	397	1	FAIL — hidden tests failed: >       assert parse_csv_line("a,b,") == ["a", "b", ""] E       AssertionError: assert ['a', 'b'] == ['a', 'b', ''] hidden_gate_test.py:15: AssertionError FAILED hidden_gate_test.py::test_trailing_empty_field - AssertionError: asser... 
q50-champ-bs306-hard1	Q14	python	bugfix	PASS	25	0	PASS — all hidden deep_merge tests passed
q50-champ-bs306-hard1	Q15	python	error-handling	PASS	9	0	PASS — all hidden retry tests passed
q50-champ-bs306-hard1	Q16	python	boundary	PASS	13	0	PASS — all hidden paginate tests passed
q50-champ-bs306-hard1	Q17	python	perf	PASS	14	0	PASS — correct and fast on large input
q50-champ-bs306-hard1	Q18	python	api-misuse	PASS	18	0	PASS — buckets are independent per call
q50-champ-bs306-hard1	Q19	python	implement-spec	PASS	46	0	PASS — all hidden size-format tests passed
q50-champ-bs306-hard1	Q20	python	refactor	PASS	29	1	PASS — keeps falsy-but-present values, drops only None
q50-champ-bs306-hard1	Q21	python	multi-file	PASS	24	1	PASS — tax applied on subtotal, no per-item drift
q50-champ-bs306-hard1	Q22	python	concurrency	PASS	16	0	PASS — concurrent increments not lost
q50-champ-bs306-hard1	Q23	python	boundary	PASS	10	0	PASS — all hidden parse_ranges tests passed
q50-champ-bs306-hard1	Q24	python	implement-spec	PASS	23	0	PASS — all hidden word_wrap tests passed
q50-champ-bs306-hard1	Q25	python	api-misuse	PASS	19	0	PASS — cent totals are exact
q50-champ-bs306-hard1	Q26	js	implement-spec	PASS	32	0	PASS — all hidden deepEqual tests passed
q50-champ-bs306-hard1	Q27	js	bugfix	PASS	25	0	PASS — all hidden flatten tests passed
q50-champ-bs306-hard1	Q28	js	boundary	PASS	12	0	PASS — all hidden chunk tests passed
q50-champ-bs306-hard1	Q29	js	error-handling	PASS	11	0	PASS — all hidden safeGet tests passed
q50-champ-bs306-hard1	Q30	js	api-misuse	PASS	15	0	PASS — all hidden sortNumbers tests passed
q50-champ-bs306-hard1	Q31	js	implement-spec	PASS	9	0	PASS — all hidden groupBy tests passed
q50-champ-bs306-hard1	Q32	js	perf	PASS	9	0	PASS — correct and fast on large input
q50-champ-bs306-hard1	Q33	js	refactor	PASS	9	0	PASS — all hidden average tests passed
q50-champ-bs306-hard1	Q34	js	multi-file	PASS	47	0	PASS — all hidden config-merge tests passed
q50-champ-bs306-hard1	Q35	ts	implement-spec	PASS	25	0	PASS — all hidden parseQueryString tests passed
q50-champ-bs306-hard1	Q36	ts	bugfix	PASS	20	0	PASS — all hidden deepClone tests passed
q50-champ-bs306-hard1	Q37	ts	boundary	PASS	13	0	PASS — all hidden range tests passed
q50-champ-bs306-hard1	Q38	ts	error-handling	PASS	31	0	PASS — all hidden safeJsonParse tests passed
q50-champ-bs306-hard1	Q39	ts	api-misuse	PASS	8	0	PASS — all hidden makeGrid tests passed
q50-champ-bs306-hard1	Q40	ts	implement-spec	PASS	18	0	PASS — all hidden EventEmitter tests passed
q50-champ-bs306-hard1	Q41	ts	perf	PASS	12	0	PASS — correct and fast on large input
q50-champ-bs306-hard1	Q42	ts	refactor	PASS	19	0	PASS — all hidden isPalindrome tests passed
q50-champ-bs306-hard1	Q43	shell	bugfix	PASS	15	0	PASS — line counts correct with and without trailing newline
q50-champ-bs306-hard1	Q44	shell	implement-spec	PASS	19	0	PASS — frequency tally sorted, case-folded, whitespace-split
q50-champ-bs306-hard1	Q45	shell	bugfix	PASS	10	0	PASS — comments and blank lines stripped, inline # kept
q50-champ-bs306-hard1	Q46	shell	boundary	PASS	25	0	PASS — inclusive line range correct including edges
q50-champ-bs306-hard1	Q47	shell	error-handling	PASS	36	0	PASS — divides correctly and handles zero divisor cleanly
q50-champ-bs306-hard1	Q48	shell	api-misuse	PASS	13	0	PASS — arguments joined with commas, spaces preserved
q50-champ-bs306-hard1	Q49	shell	multi-file	PASS	17	0	PASS — normalize strips both ends, keeps internal spacing
q50-champ-bs306-hard1	Q50	shell	implement-spec	PASS	14	0	PASS — extracts Nth comma field, handles missing/empty fields
q50-champ-bs306	Q01	rust	implement-spec	PASS	24	0	PASS — all 6 hidden slug tests passed
q50-champ-bs306	Q02	rust	boundary	PASS	14	0	PASS — all 6 hidden lower_bound tests passed
q50-champ-bs306	Q03	rust	bugfix	FAIL	19	0	FAIL — hidden tests failed: zero_people_no_panic --- FAILED thread 'zero_people_no_panic' (17112) panicked at src\lib.rs:6:16: test result: FAILED. 5 passed; 1 failed; 0 ignored; 0 measured; 0 filtered out; finished in 0.00s error: test failed, to rerun pass `--test hidden_gate` 
q50-champ-bs306	Q04	rust	refactor	PASS	17	0	PASS — all 5 hidden parse_int_list tests passed
q50-champ-bs306	Q05	rust	error-handling	FAIL	8	0	FAIL — hidden tests failed: blank_lines_skipped --- FAILED thread 'blank_lines_skipped' (18656) panicked at tests\hidden_gate.rs:8:36: assertion `left == right` failed test result: FAILED. 4 passed; 1 failed; 0 ignored; 0 measured; 0 filtered out; finished in 0.00s 
q50-champ-bs306	Q06	rust	implement-spec	PASS	9	0	PASS — all hidden int_to_roman tests passed
q50-champ-bs306	Q07	rust	api-misuse	PASS	63	0	PASS — all 5 hidden word_frequencies tests passed
q50-champ-bs306	Q08	rust	multi-file	PASS	29	0	PASS — all hidden evaluator tests passed
q50-champ-bs306	Q09	rust	boundary	PASS	11	0	PASS — all hidden RLE tests passed
q50-champ-bs306	Q10	rust	implement-spec	PASS	18	0	PASS — all hidden ipv4 tests passed
q50-champ-bs306	Q11	rust	concurrency	PASS	11	0	PASS — concurrent increments not lost
q50-champ-bs306	Q12	rust	perf	PASS	15	0	PASS — correct and fast on large input
q50-champ-bs306	Q13	python	implement-spec	PASS	70	0	PASS — all hidden CSV tests passed
q50-champ-bs306	Q14	python	bugfix	PASS	24	0	PASS — all hidden deep_merge tests passed
q50-champ-bs306	Q15	python	error-handling	PASS	8	0	PASS — all hidden retry tests passed
q50-champ-bs306	Q16	python	boundary	PASS	13	0	PASS — all hidden paginate tests passed
q50-champ-bs306	Q17	python	perf	PASS	14	0	PASS — correct and fast on large input
q50-champ-bs306	Q18	python	api-misuse	PASS	18	0	PASS — buckets are independent per call
q50-champ-bs306	Q19	python	implement-spec	PASS	53	0	PASS — all hidden size-format tests passed
q50-champ-bs306	Q20	python	refactor	FAIL	15	0	FAIL — hidden tests failed: >       assert keep_present([0, 1, 2]) == [0, 1, 2] E       assert [1, 2] == [0, 1, 2] hidden_gate_test.py:9: AssertionError >       assert keep_present(["", "a"]) == ["", "a"] 
q50-champ-bs306	Q21	python	multi-file	PASS	17	0	PASS — tax applied on subtotal, no per-item drift
q50-champ-bs306	Q22	python	concurrency	PASS	14	0	PASS — concurrent increments not lost
q50-champ-bs306	Q23	python	boundary	PASS	12	0	PASS — all hidden parse_ranges tests passed
q50-champ-bs306	Q24	python	implement-spec	PASS	32	0	PASS — all hidden word_wrap tests passed
q50-champ-bs306	Q25	python	api-misuse	PASS	27	0	PASS — cent totals are exact
q50-champ-bs306	Q26	js	implement-spec	FAIL	53	0	FAIL — hidden tests failed: AssertionError [ERR_ASSERTION]: array vs object 
q50-champ-bs306	Q27	js	bugfix	PASS	51	0	PASS — all hidden flatten tests passed
q50-champ-bs306	Q28	js	boundary	PASS	23	0	PASS — all hidden chunk tests passed
q50-champ-bs306	Q29	js	error-handling	PASS	34	0	PASS — all hidden safeGet tests passed
q50-champ-bs306	Q30	js	api-misuse	PASS	17	0	PASS — all hidden sortNumbers tests passed
q50-champ-bs306	Q31	js	implement-spec	PASS	9	0	PASS — all hidden groupBy tests passed
q50-champ-bs306	Q32	js	perf	PASS	10	0	PASS — correct and fast on large input
q50-champ-bs306	Q33	js	refactor	PASS	12	0	PASS — all hidden average tests passed
q50-champ-bs306	Q34	js	multi-file	PASS	29	0	PASS — all hidden config-merge tests passed
q50-champ-bs306	Q35	ts	implement-spec	PASS	45	0	PASS — all hidden parseQueryString tests passed
q50-champ-bs306	Q36	ts	bugfix	PASS	19	0	PASS — all hidden deepClone tests passed
q50-champ-bs306	Q37	ts	boundary	PASS	13	0	PASS — all hidden range tests passed
q50-champ-bs306	Q38	ts	error-handling	PASS	20	0	PASS — all hidden safeJsonParse tests passed
q50-champ-bs306	Q39	ts	api-misuse	PASS	9	0	PASS — all hidden makeGrid tests passed
q50-champ-bs306	Q40	ts	implement-spec	PASS	12	0	PASS — all hidden EventEmitter tests passed
q50-champ-bs306	Q41	ts	perf	PASS	10	0	PASS — correct and fast on large input
q50-champ-bs306	Q42	ts	refactor	PASS	24	0	PASS — all hidden isPalindrome tests passed
q50-champ-bs306	Q43	shell	bugfix	PASS	73	0	PASS — line counts correct with and without trailing newline
q50-champ-bs306	Q44	shell	implement-spec	PASS	31	1	PASS — frequency tally sorted, case-folded, whitespace-split
q50-champ-bs306	Q45	shell	bugfix	PASS	13	0	PASS — comments and blank lines stripped, inline # kept
q50-champ-bs306	Q46	shell	boundary	PASS	39	0	PASS — inclusive line range correct including edges
q50-champ-bs306	Q47	shell	error-handling	PASS	38	0	PASS — divides correctly and handles zero divisor cleanly
q50-champ-bs306	Q48	shell	api-misuse	PASS	20	0	PASS — arguments joined with commas, spaces preserved
q50-champ-bs306	Q49	shell	multi-file	PASS	22	0	PASS — normalize strips both ends, keeps internal spacing
q50-champ-bs306	Q50	shell	implement-spec	PASS	30	0	PASS — extracts Nth comma field, handles missing/empty fields
q50-champ-full56-v2	Q01	rust	implement-spec	PASS	8	0	PASS — all 6 hidden slug tests passed
q50-champ-full56-v2	Q02	rust	boundary	PASS	16	0	PASS — all 6 hidden lower_bound tests passed
q50-champ-full56-v2	Q03	rust	bugfix	FAIL	14	0	FAIL — hidden tests failed: zero_people_no_panic --- FAILED thread 'zero_people_no_panic' (20776) panicked at src\lib.rs:6:17: test result: FAILED. 5 passed; 1 failed; 0 ignored; 0 measured; 0 filtered out; finished in 0.00s error: test failed, to rerun pass `--test hidden_gate` 
q50-champ-full56-v2	Q04	rust	refactor	PASS	8	0	PASS — all 5 hidden parse_int_list tests passed
q50-champ-full56-v2	Q05	rust	error-handling	FAIL	8	0	FAIL — hidden tests failed: blank_lines_skipped --- FAILED thread 'blank_lines_skipped' (8484) panicked at tests\hidden_gate.rs:8:36: assertion `left == right` failed test result: FAILED. 4 passed; 1 failed; 0 ignored; 0 measured; 0 filtered out; finished in 0.00s 
q50-champ-full56-v2	Q06	rust	implement-spec	PASS	15	0	PASS — all hidden int_to_roman tests passed
q50-champ-full56-v2	Q07	rust	api-misuse	PASS	50	0	PASS — all 5 hidden word_frequencies tests passed
q50-champ-full56-v2	Q08	rust	multi-file	PASS	30	0	PASS — all hidden evaluator tests passed
q50-champ-full56-v2	Q09	rust	boundary	PASS	12	0	PASS — all hidden RLE tests passed
q50-champ-full56-v2	Q10	rust	implement-spec	PASS	11	0	PASS — all hidden ipv4 tests passed
q50-champ-full56-v2	Q11	rust	concurrency	PASS	16	0	PASS — concurrent increments not lost
q50-champ-full56-v2	Q12	rust	perf	PASS	33	0	PASS — correct and fast on large input
q50-champ-full56-v2	Q13	python	implement-spec	FAIL	13	1	FAIL — hidden tests failed: >       assert parse_csv_line("x,y,z") == ["x", "y", "z"] E       AssertionError: assert None == ['x', 'y', 'z'] hidden_gate_test.py:6: AssertionError >       assert parse_csv_line('a,"b,c",d') == ["a", "b,c", "d"] 
q50-champ-full56-v2	Q14	python	bugfix	PASS	15	0	PASS — all hidden deep_merge tests passed
q50-champ-full56-v2	Q15	python	error-handling	PASS	12	0	PASS — all hidden retry tests passed
q50-champ-full56-v2	Q16	python	boundary	PASS	20	0	PASS — all hidden paginate tests passed
q50-champ-full56-v2	Q17	python	perf	PASS	12	0	PASS — correct and fast on large input
q50-champ-full56-v2	Q18	python	api-misuse	PASS	20	0	PASS — buckets are independent per call
q50-champ-full56-v2	Q19	python	implement-spec	PASS	14	0	PASS — all hidden size-format tests passed
q50-champ-full56-v2	Q20	python	refactor	PASS	29	0	PASS — keeps falsy-but-present values, drops only None
q50-champ-full56-v2	Q21	python	multi-file	PASS	21	0	PASS — tax applied on subtotal, no per-item drift
q50-champ-full56-v2	Q22	python	concurrency	PASS	22	0	PASS — concurrent increments not lost
q50-champ-full56-v2	Q23	python	boundary	PASS	11	0	PASS — all hidden parse_ranges tests passed
q50-champ-full56-v2	Q24	python	implement-spec	PASS	26	0	PASS — all hidden word_wrap tests passed
q50-champ-full56-v2	Q25	python	api-misuse	FAIL	24	0	FAIL — hidden tests failed: >       assert total_cents(["5"]) == 500 E           ValueError: not enough values to unpack (expected 2, got 1) solution.py:6: ValueError FAILED hidden_gate_test.py::test_integer_dollar_string - ValueError: not enou... 
q50-champ-full56-v2	Q26	js	implement-spec	PASS	97	0	PASS — all hidden deepEqual tests passed
q50-champ-full56-v2	Q27	js	bugfix	PASS	59	0	PASS — all hidden flatten tests passed
q50-champ-full56-v2	Q28	js	boundary	PASS	10	0	PASS — all hidden chunk tests passed
q50-champ-full56-v2	Q29	js	error-handling	PASS	18	0	PASS — all hidden safeGet tests passed
q50-champ-full56-v2	Q30	js	api-misuse	PASS	16	0	PASS — all hidden sortNumbers tests passed
q50-champ-full56-v2	Q31	js	implement-spec	PASS	9	0	PASS — all hidden groupBy tests passed
q50-champ-full56-v2	Q32	js	perf	PASS	13	0	PASS — correct and fast on large input
q50-champ-full56-v2	Q33	js	refactor	PASS	10	0	PASS — all hidden average tests passed
q50-champ-full56-v2	Q34	js	multi-file	PASS	26	0	PASS — all hidden config-merge tests passed
q50-champ-full56-v2	Q35	ts	implement-spec	PASS	20	0	PASS — all hidden parseQueryString tests passed
q50-champ-full56-v2	Q36	ts	bugfix	PASS	14	0	PASS — all hidden deepClone tests passed
q50-champ-full56-v2	Q37	ts	boundary	PASS	21	0	PASS — all hidden range tests passed
q50-champ-full56-v2	Q38	ts	error-handling	PASS	28	0	PASS — all hidden safeJsonParse tests passed
q50-champ-full56-v2	Q39	ts	api-misuse	PASS	13	0	PASS — all hidden makeGrid tests passed
q50-champ-full56-v2	Q40	ts	implement-spec	PASS	13	0	PASS — all hidden EventEmitter tests passed
q50-champ-full56-v2	Q41	ts	perf	PASS	12	0	PASS — correct and fast on large input
q50-champ-full56-v2	Q42	ts	refactor	PASS	30	0	PASS — all hidden isPalindrome tests passed
q50-champ-full56-v2	Q43	shell	bugfix	PASS	17	0	PASS — line counts correct with and without trailing newline
q50-champ-full56-v2	Q44	shell	implement-spec	PASS	17	0	PASS — frequency tally sorted, case-folded, whitespace-split
q50-champ-full56-v2	Q45	shell	bugfix	PASS	18	1	PASS — comments and blank lines stripped, inline # kept
q50-champ-full56-v2	Q46	shell	boundary	PASS	53	0	PASS — inclusive line range correct including edges
q50-champ-full56-v2	Q47	shell	error-handling	PASS	42	0	PASS — divides correctly and handles zero divisor cleanly
q50-champ-full56-v2	Q48	shell	api-misuse	PASS	16	0	PASS — arguments joined with commas, spaces preserved
q50-champ-full56-v2	Q49	shell	multi-file	PASS	13	0	PASS — normalize strips both ends, keeps internal spacing
q50-champ-full56-v2	Q50	shell	implement-spec	PASS	16	0	PASS — extracts Nth comma field, handles missing/empty fields
q50-champ-full56-v2	Q51	python	implement-spec	FAIL	25	1	FAIL — hidden tests failed: >       assert parse_duration("1h 30m") == 5400         Raises ValueError if the input is not a valid duration string.             raise ValueError(f"Expected a string, got {type(s).__name__}")             raise ValueError("Empty duration string") 
q50-champ-full56-v2	Q52	rust	implement-spec	FAIL	39	0	FAIL — hidden tests failed: capacity_zero_never_panics --- FAILED thread 'capacity_zero_never_panics' (15388) panicked at src\lib.rs:29:20: test result: FAILED. 6 passed; 1 failed; 0 ignored; 0 measured; 0 filtered out; finished in 0.00s error: test failed, to rerun pass `--test hidden_gate` 
q50-champ-full56-v2	Q53	js	implement-spec	PASS	109	0	PASS — all hidden parseCsv tests passed
q50-champ-full56-v2	Q54	python	implement-spec	PASS	18	0	PASS — all hidden topological_sort tests passed
q50-champ-full56-v2	Q55	ts	implement-spec	PASS	13	1	PASS — all hidden mergeIntervals tests passed
q50-champ-full56-v2	Q56	rust	implement-spec	PASS	12	0	PASS — all hidden compare_versions tests passed
q50-champ-full56-v3	Q01	rust	implement-spec	PASS	15	0	PASS — all 6 hidden slug tests passed
q50-champ-full56-v3	Q02	rust	boundary	PASS	15	0	PASS — all 6 hidden lower_bound tests passed
q50-champ-full56-v3	Q03	rust	bugfix	FAIL	8	0	FAIL — hidden tests failed: zero_people_no_panic --- FAILED thread 'zero_people_no_panic' (20988) panicked at src\lib.rs:6:17: test result: FAILED. 5 passed; 1 failed; 0 ignored; 0 measured; 0 filtered out; finished in 0.00s error: test failed, to rerun pass `--test hidden_gate` 
q50-champ-full56-v3	Q04	rust	refactor	PASS	9	0	PASS — all 5 hidden parse_int_list tests passed
q50-champ-full56-v3	Q05	rust	error-handling	FAIL	8	0	FAIL — hidden tests failed: blank_lines_skipped --- FAILED thread 'blank_lines_skipped' (4304) panicked at tests\hidden_gate.rs:8:36: assertion `left == right` failed test result: FAILED. 4 passed; 1 failed; 0 ignored; 0 measured; 0 filtered out; finished in 0.00s 
q50-champ-full56-v3	Q06	rust	implement-spec	PASS	15	0	PASS — all hidden int_to_roman tests passed
q50-champ-full56-v3	Q07	rust	api-misuse	PASS	49	0	PASS — all 5 hidden word_frequencies tests passed
q50-champ-full56-v3	Q08	rust	multi-file	PASS	55	0	PASS — all hidden evaluator tests passed
q50-champ-full56-v3	Q09	rust	boundary	PASS	11	0	PASS — all hidden RLE tests passed
q50-champ-full56-v3	Q10	rust	implement-spec	PASS	10	0	PASS — all hidden ipv4 tests passed
q50-champ-full56-v3	Q11	rust	concurrency	PASS	16	0	PASS — concurrent increments not lost
q50-champ-full56-v3	Q12	rust	perf	PASS	32	0	PASS — correct and fast on large input
q50-champ-full56-v3	Q13	python	implement-spec	FAIL	13	1	FAIL — hidden tests failed: >       assert parse_csv_line("x,y,z") == ["x", "y", "z"] E       AssertionError: assert None == ['x', 'y', 'z'] hidden_gate_test.py:6: AssertionError >       assert parse_csv_line('a,"b,c",d') == ["a", "b,c", "d"] 
q50-champ-full56-v3	Q14	python	bugfix	PASS	15	0	PASS — all hidden deep_merge tests passed
q50-champ-full56-v3	Q15	python	error-handling	PASS	12	0	PASS — all hidden retry tests passed
q50-champ-full56-v3	Q16	python	boundary	PASS	20	0	PASS — all hidden paginate tests passed
q50-champ-full56-v3	Q17	python	perf	PASS	12	0	PASS — correct and fast on large input
q50-champ-full56-v3	Q18	python	api-misuse	PASS	19	0	PASS — buckets are independent per call
q50-champ-full56-v3	Q19	python	implement-spec	PASS	15	0	PASS — all hidden size-format tests passed
q50-champ-full56-v3	Q20	python	refactor	PASS	30	0	PASS — keeps falsy-but-present values, drops only None
q50-champ-full56-v3	Q21	python	multi-file	PASS	22	0	PASS — tax applied on subtotal, no per-item drift
q50-champ-full56-v3	Q22	python	concurrency	PASS	22	0	PASS — concurrent increments not lost
q50-champ-full56-v3	Q23	python	boundary	PASS	11	0	PASS — all hidden parse_ranges tests passed
q50-champ-full56-v3	Q24	python	implement-spec	PASS	26	0	PASS — all hidden word_wrap tests passed
q50-champ-full56-v3	Q25	python	api-misuse	FAIL	24	0	FAIL — hidden tests failed: >       assert total_cents(["5"]) == 500 E           ValueError: not enough values to unpack (expected 2, got 1) solution.py:6: ValueError FAILED hidden_gate_test.py::test_integer_dollar_string - ValueError: not enou... 
q50-champ-full56-v3	Q26	js	implement-spec	PASS	95	0	PASS — all hidden deepEqual tests passed
q50-champ-full56-v3	Q27	js	bugfix	PASS	43	0	PASS — all hidden flatten tests passed
q50-champ-full56-v3	Q28	js	boundary	PASS	10	0	PASS — all hidden chunk tests passed
q50-champ-full56-v3	Q29	js	error-handling	PASS	18	0	PASS — all hidden safeGet tests passed
q50-champ-full56-v3	Q30	js	api-misuse	PASS	16	0	PASS — all hidden sortNumbers tests passed
q50-champ-full56-v3	Q31	js	implement-spec	PASS	9	0	PASS — all hidden groupBy tests passed
q50-champ-full56-v3	Q32	js	perf	PASS	13	0	PASS — correct and fast on large input
q50-champ-full56-v3	Q33	js	refactor	PASS	10	0	PASS — all hidden average tests passed
q50-champ-full56-v3	Q34	js	multi-file	PASS	27	0	PASS — all hidden config-merge tests passed
q50-champ-full56-v3	Q35	ts	implement-spec	PASS	19	0	PASS — all hidden parseQueryString tests passed
q50-champ-full56-v3	Q36	ts	bugfix	PASS	13	0	PASS — all hidden deepClone tests passed
q50-champ-full56-v3	Q37	ts	boundary	PASS	20	0	PASS — all hidden range tests passed
q50-champ-full56-v3	Q38	ts	error-handling	PASS	27	0	PASS — all hidden safeJsonParse tests passed
q50-champ-full56-v3	Q39	ts	api-misuse	PASS	12	0	PASS — all hidden makeGrid tests passed
q50-champ-full56-v3	Q40	ts	implement-spec	PASS	14	0	PASS — all hidden EventEmitter tests passed
q50-champ-full56-v3	Q41	ts	perf	PASS	12	0	PASS — correct and fast on large input
q50-champ-full56-v3	Q42	ts	refactor	PASS	30	0	PASS — all hidden isPalindrome tests passed
q50-champ-full56-v3	Q43	shell	bugfix	PASS	17	0	PASS — line counts correct with and without trailing newline
q50-champ-full56-v3	Q44	shell	implement-spec	PASS	17	0	PASS — frequency tally sorted, case-folded, whitespace-split
q50-champ-full56-v3	Q45	shell	bugfix	PASS	17	1	PASS — comments and blank lines stripped, inline # kept
q50-champ-full56-v3	Q46	shell	boundary	PASS	52	0	PASS — inclusive line range correct including edges
q50-champ-full56-v3	Q47	shell	error-handling	PASS	42	0	PASS — divides correctly and handles zero divisor cleanly
q50-champ-full56-v3	Q48	shell	api-misuse	PASS	16	0	PASS — arguments joined with commas, spaces preserved
q50-champ-full56-v3	Q49	shell	multi-file	PASS	12	0	PASS — normalize strips both ends, keeps internal spacing
q50-champ-full56-v3	Q50	shell	implement-spec	PASS	17	0	PASS — extracts Nth comma field, handles missing/empty fields
q50-champ-full56-v3	Q51	python	implement-spec	FAIL	25	1	FAIL — hidden tests failed: >       assert parse_duration("1h 30m") == 5400         Raises ValueError if the input is not a valid duration string.             raise ValueError(f"Expected a string, got {type(s).__name__}")             raise ValueError("Empty duration string") 
q50-champ-full56-v3	Q52	rust	implement-spec	FAIL	27	0	FAIL — hidden tests failed: capacity_zero_never_panics --- FAILED thread 'capacity_zero_never_panics' (8220) panicked at src\lib.rs:29:20: test result: FAILED. 6 passed; 1 failed; 0 ignored; 0 measured; 0 filtered out; finished in 0.00s error: test failed, to rerun pass `--test hidden_gate` 
q50-champ-full56-v3	Q53	js	implement-spec	PASS	105	0	PASS — all hidden parseCsv tests passed
q50-champ-full56-v3	Q54	python	implement-spec	PASS	23	0	PASS — all hidden topological_sort tests passed
q50-champ-full56-v3	Q55	ts	implement-spec	PASS	13	1	PASS — all hidden mergeIntervals tests passed
q50-champ-full56-v3	Q56	rust	implement-spec	PASS	12	0	PASS — all hidden compare_versions tests passed
q50-champ-full56	Q01	rust	implement-spec	PASS	45	0	PASS — all 6 hidden slug tests passed
q50-champ-full56	Q02	rust	boundary	PASS	16	0	PASS — all 6 hidden lower_bound tests passed
q50-champ-full56	Q03	rust	bugfix	FAIL	8	0	FAIL — hidden tests failed: zero_people_no_panic --- FAILED thread 'zero_people_no_panic' (20176) panicked at src\lib.rs:6:17: test result: FAILED. 5 passed; 1 failed; 0 ignored; 0 measured; 0 filtered out; finished in 0.00s error: test failed, to rerun pass `--test hidden_gate` 
q50-champ-full56	Q04	rust	refactor	PASS	9	0	PASS — all 5 hidden parse_int_list tests passed
q50-champ-full56	Q05	rust	error-handling	FAIL	46	0	FAIL — hidden tests failed: blank_lines_skipped --- FAILED thread 'blank_lines_skipped' (15272) panicked at tests\hidden_gate.rs:8:36: assertion `left == right` failed test result: FAILED. 4 passed; 1 failed; 0 ignored; 0 measured; 0 filtered out; finished in 0.00s 
q50-champ-full56	Q06	rust	implement-spec	PASS	8	0	PASS — all hidden int_to_roman tests passed
q50-champ-full56	Q07	rust	api-misuse	PASS	21	0	PASS — all 5 hidden word_frequencies tests passed
q50-champ-full56	Q08	rust	multi-file	PASS	22	0	PASS — all hidden evaluator tests passed
q50-champ-full56	Q09	rust	boundary	PASS	11	0	PASS — all hidden RLE tests passed
q50-champ-full56	Q10	rust	implement-spec	PASS	17	0	PASS — all hidden ipv4 tests passed
q50-champ-full56	Q11	rust	concurrency	PASS	11	0	PASS — concurrent increments not lost
q50-champ-full56	Q12	rust	perf	PASS	33	0	PASS — correct and fast on large input
q50-champ-full56	Q13	python	implement-spec	PASS	49	0	PASS — all hidden CSV tests passed
q50-champ-full56	Q14	python	bugfix	PASS	15	0	PASS — all hidden deep_merge tests passed
q50-champ-full56	Q15	python	error-handling	PASS	11	0	PASS — all hidden retry tests passed
q50-champ-full56	Q16	python	boundary	PASS	20	0	PASS — all hidden paginate tests passed
q50-champ-full56	Q17	python	perf	PASS	11	0	PASS — correct and fast on large input
q50-champ-full56	Q18	python	api-misuse	PASS	17	0	PASS — buckets are independent per call
q50-champ-full56	Q19	python	implement-spec	PASS	85	0	PASS — all hidden size-format tests passed
q50-champ-full56	Q20	python	refactor	PASS	28	0	PASS — keeps falsy-but-present values, drops only None
q50-champ-full56	Q21	python	multi-file	PASS	24	0	PASS — tax applied on subtotal, no per-item drift
q50-champ-full56	Q22	python	concurrency	PASS	25	0	PASS — concurrent increments not lost
q50-champ-full56	Q23	python	boundary	PASS	23	0	PASS — all hidden parse_ranges tests passed
q50-champ-full56	Q24	python	implement-spec	PASS	32	0	PASS — all hidden word_wrap tests passed
q50-champ-full56	Q25	python	api-misuse	FAIL	20	0	FAIL — hidden tests failed: >       assert total_cents(["5"]) == 500 E           ValueError: not enough values to unpack (expected 2, got 1) solution.py:6: ValueError FAILED hidden_gate_test.py::test_integer_dollar_string - ValueError: not enou... 
q50-champ-full56	Q26	js	implement-spec	PASS	33	0	PASS — all hidden deepEqual tests passed
q50-champ-full56	Q27	js	bugfix	PASS	40	0	PASS — all hidden flatten tests passed
q50-champ-full56	Q28	js	boundary	PASS	9	0	PASS — all hidden chunk tests passed
q50-champ-full56	Q29	js	error-handling	PASS	12	0	PASS — all hidden safeGet tests passed
q50-champ-full56	Q30	js	api-misuse	PASS	12	0	PASS — all hidden sortNumbers tests passed
q50-champ-full56	Q31	js	implement-spec	PASS	7	0	PASS — all hidden groupBy tests passed
q50-champ-full56	Q32	js	perf	PASS	8	0	PASS — correct and fast on large input
q50-champ-full56	Q33	js	refactor	PASS	19	0	PASS — all hidden average tests passed
q50-champ-full56	Q34	js	multi-file	PASS	29	0	PASS — all hidden config-merge tests passed
q50-champ-full56	Q35	ts	implement-spec	PASS	47	0	PASS — all hidden parseQueryString tests passed
q50-champ-full56	Q36	ts	bugfix	PASS	13	0	PASS — all hidden deepClone tests passed
q50-champ-full56	Q37	ts	boundary	PASS	22	0	PASS — all hidden range tests passed
q50-champ-full56	Q38	ts	error-handling	PASS	8	0	PASS — all hidden safeJsonParse tests passed
q50-champ-full56	Q39	ts	api-misuse	PASS	9	0	PASS — all hidden makeGrid tests passed
q50-champ-full56	Q40	ts	implement-spec	PASS	20	0	PASS — all hidden EventEmitter tests passed
q50-champ-full56	Q41	ts	perf	PASS	16	0	PASS — correct and fast on large input
q50-champ-full56	Q42	ts	refactor	PASS	20	0	PASS — all hidden isPalindrome tests passed
q50-champ-full56	Q43	shell	bugfix	PASS	17	0	PASS — line counts correct with and without trailing newline
q50-champ-full56	Q44	shell	implement-spec	PASS	24	0	PASS — frequency tally sorted, case-folded, whitespace-split
q50-champ-full56	Q45	shell	bugfix	FAIL	27	1	FAIL — expected [code1
q50-champ-full56	Q46	shell	boundary	PASS	22	0	PASS — inclusive line range correct including edges
q50-champ-full56	Q47	shell	error-handling	PASS	9	0	PASS — divides correctly and handles zero divisor cleanly
q50-champ-full56	Q48	shell	api-misuse	PASS	10	0	PASS — arguments joined with commas, spaces preserved
q50-champ-full56	Q49	shell	multi-file	PASS	16	0	PASS — normalize strips both ends, keeps internal spacing
q50-champ-full56	Q50	shell	implement-spec	FAIL	269	1	FAIL — col 2 on a\,b\,c\\n: expected [b] got []
q50-champ-full56	Q51	python	implement-spec	FAIL	33	0	FAIL — hidden tests failed: >       assert parse_duration("1h 30m") == 5400         Raises ValueError if the input is not a valid duration string.             raise ValueError(f"Expected a string, got {type(s).__name__}")             raise ValueError("Empty duration string") 
q50-champ-full56	Q52	rust	implement-spec	FAIL	27	0	FAIL — hidden tests failed: capacity_zero_never_panics --- FAILED thread 'capacity_zero_never_panics' (1532) panicked at src\lib.rs:29:20: test result: FAILED. 6 passed; 1 failed; 0 ignored; 0 measured; 0 filtered out; finished in 0.00s error: test failed, to rerun pass `--test hidden_gate` 
q50-champ-full56	Q53	js	implement-spec	PASS	65	0	PASS — all hidden parseCsv tests passed
q50-champ-full56	Q54	python	implement-spec	PASS	21	0	PASS — all hidden topological_sort tests passed
q50-champ-full56	Q55	ts	implement-spec	PASS	13	1	PASS — all hidden mergeIntervals tests passed
q50-champ-full56	Q56	rust	implement-spec	PASS	14	0	PASS — all hidden compare_versions tests passed
q50-coder30b-PARTIAL-KILLED-thermal-2026-07-25	Q01	rust	implement-spec	PASS	44	0	PASS — all 6 hidden slug tests passed
q50-coder30b-PARTIAL-KILLED-thermal-2026-07-25	Q02	rust	boundary	PASS	32	0	PASS — all 6 hidden lower_bound tests passed
q50-coder30b-PARTIAL-KILLED-thermal-2026-07-25	Q03	rust	bugfix	PASS	198	0	PASS — all 6 hidden split_bill tests passed
q50-coder30b-PARTIAL-KILLED-thermal-2026-07-25	Q04	rust	refactor	PASS	35	0	PASS — all 5 hidden parse_int_list tests passed
q50-coder30b-PARTIAL-KILLED-thermal-2026-07-25	Q05	rust	error-handling	FAIL	32	0	FAIL — hidden tests failed: blank_lines_skipped --- FAILED thread 'blank_lines_skipped' (10008) panicked at tests\hidden_gate.rs:8:36: assertion `left == right` failed test result: FAILED. 4 passed; 1 failed; 0 ignored; 0 measured; 0 filtered out; finished in 0.00s 
q50-coder30b-PARTIAL-KILLED-thermal-2026-07-25	Q06	rust	implement-spec	PASS	63	0	PASS — all hidden int_to_roman tests passed
q50-coder30b-PARTIAL-KILLED-thermal-2026-07-25	Q07	rust	api-misuse	PASS	68	0	PASS — all 5 hidden word_frequencies tests passed
q50-coder30b-PARTIAL-KILLED-thermal-2026-07-25	Q08	rust	multi-file	PASS	170	0	PASS — all hidden evaluator tests passed
q50-coder30b-PARTIAL-KILLED-thermal-2026-07-25	Q09	rust	boundary	FAIL	56	0	FAIL — hidden tests failed: singletons --- FAILED thread 'singletons' (10328) panicked at tests\hidden_gate.rs:4:27: assertion `left == right` failed test result: FAILED. 6 passed; 1 failed; 0 ignored; 0 measured; 0 filtered out; finished in 0.00s 
q50-coder30b-PARTIAL-KILLED-thermal-2026-07-25	Q10	rust	implement-spec	PASS	79	0	PASS — all hidden ipv4 tests passed
q50-coder30b-PARTIAL-KILLED-thermal-2026-07-25	Q11	rust	concurrency	PASS	34	0	PASS — concurrent increments not lost
q50-coder30b-PARTIAL-KILLED-thermal-2026-07-25	Q12	rust	perf	PASS	57	0	PASS — correct and fast on large input
q50-coder30b-PARTIAL-KILLED-thermal-2026-07-25	Q13	python	implement-spec	FAIL	50	0	FAIL — hidden tests failed: >       assert parse_csv_line('a,"",c') == ["a", "", "c"] E       assert ['a', '"', 'c'] == ['a', '', 'c'] hidden_gate_test.py:18: AssertionError FAILED hidden_gate_test.py::test_quoted_empty_field - assert ['a', '"', 'c'] ... 
q50-coder30b-PARTIAL-KILLED-thermal-2026-07-25	Q14	python	bugfix	PASS	78	0	PASS — all hidden deep_merge tests passed
q50-gptoss20b.PARTIAL-ABORTED-dl-contention	Q01	rust	implement-spec	PASS	15	0	PASS — all 6 hidden slug tests passed
q50-gptoss20b.PARTIAL-ABORTED-dl-contention	Q02	rust	boundary	PASS	6	0	PASS — all 6 hidden lower_bound tests passed
q50-gptoss20b.PARTIAL-ABORTED-dl-contention	Q03	rust	bugfix	PASS	23	0	PASS — all 6 hidden split_bill tests passed
q50-gptoss20b.PARTIAL-ABORTED-dl-contention	Q04	rust	refactor	PASS	8	0	PASS — all 5 hidden parse_int_list tests passed
q50-gptoss20b.PARTIAL-ABORTED-dl-contention	Q05	rust	error-handling	FAIL	4	1	FAIL — hidden tests failed: error[E0308]: mismatched types error[E0308]: mismatched types error[E0308]: mismatched types error[E0599]: no method named `is_err` found for struct `HashMap<K, V, S, A>` in the current scope 
q50-gptoss20b.PARTIAL-ABORTED-dl-contention	Q06	rust	implement-spec	PASS	7	0	PASS — all hidden int_to_roman tests passed
q50-gptoss20b.PARTIAL-ABORTED-dl-contention	Q07	rust	api-misuse	PASS	16	0	PASS — all 5 hidden word_frequencies tests passed
q50-gptoss20b.PARTIAL-ABORTED-dl-contention	Q08	rust	multi-file	PASS	11	0	PASS — all hidden evaluator tests passed
q50-gptoss20b.PARTIAL-ABORTED-dl-contention	Q09	rust	boundary	FAIL	20	1	FAIL — hidden tests failed: decode_basic --- FAILED encode_basic --- FAILED singletons --- FAILED round_trip_long_run --- FAILED 
q50-gptoss20b.PARTIAL-ABORTED-dl-contention	Q10	rust	implement-spec	PASS	11	0	PASS — all hidden ipv4 tests passed
q50-gptoss20b.PARTIAL-ABORTED-dl-contention	Q11	rust	concurrency	PASS	8	0	PASS — concurrent increments not lost
q50-gptoss20b.PARTIAL-ABORTED-dl-contention	Q12	rust	perf	PASS	57	0	PASS — correct and fast on large input
q50-gptoss20b.PARTIAL-ABORTED-dl-contention	Q13	python	implement-spec	PASS	10	0	PASS — all hidden CSV tests passed
q50-gptoss20b.PARTIAL-ABORTED-dl-contention	Q14	python	bugfix	PASS	8	0	PASS — all hidden deep_merge tests passed
q50-gptoss20b.PARTIAL-ABORTED-dl-contention	Q15	python	error-handling	PASS	20	0	PASS — all hidden retry tests passed
q50-gptoss20b.PARTIAL-ABORTED-dl-contention	Q16	python	boundary	FAIL	13	0	FAIL — hidden tests failed: >       assert paginate([1, 2, 3, 4], 2) == [[1, 2], [3, 4]] E       assert [[1, 2], [3, 4], []] == [[1, 2], [3, 4]] hidden_gate_test.py:6: AssertionError >       assert paginate([], 3) == [] 
q50-gptoss20b.PARTIAL-ABORTED-dl-contention	Q17	python	perf	PASS	15	0	PASS — correct and fast on large input
q50-gptoss20b.PARTIAL-ABORTED-dl-contention	Q18	python	api-misuse	PASS	11	0	PASS — buckets are independent per call
q50-gptoss20b.PARTIAL-ABORTED-dl-contention	Q19	python	implement-spec	PASS	11	0	PASS — all hidden size-format tests passed
q50-gptoss20b.PARTIAL-ABORTED-dl-contention	Q20	python	refactor	PASS	6	0	PASS — keeps falsy-but-present values, drops only None
q50-gptoss20b.PARTIAL-ABORTED-dl-contention	Q21	python	multi-file	PASS	7	0	PASS — tax applied on subtotal, no per-item drift
q50-gptoss20b.PARTIAL-ABORTED-dl-contention	Q22	python	concurrency	PASS	16	0	PASS — concurrent increments not lost
q50-gptoss20b.PARTIAL-ABORTED-dl-contention	Q23	python	boundary	PASS	14	0	PASS — all hidden parse_ranges tests passed
q50-gptoss20b.PARTIAL-ABORTED-dl-contention	Q24	python	implement-spec	FAIL	8	0	FAIL — hidden tests failed: =================================== ERRORS ==================================== ____________________ ERROR collecting hidden_gate_test.py _____________________ C:\Users\david\AppData\Local\Programs\Python\Python314\Lib\site-packages\_pytest\assertion\rewrite.py:188: in exec_module E       -    raise NotImplementedError 
q50-gptoss20b.PARTIAL-ABORTED-dl-contention	Q25	python	api-misuse	FAIL	13	0	FAIL — hidden tests failed: >       assert total_cents(["1.00", "2.00"]) == 300 E               UnboundLocalError: cannot access local variable 'total' where it is not associated with a value solution.py:8: UnboundLocalError >       assert total_cents(["4.35"]) == 435 
q50-gptoss20b.PARTIAL-ABORTED-dl-contention	Q26	js	implement-spec	FAIL	11	0	FAIL — hidden tests failed: AssertionError [ERR_ASSERTION]: undefined prop vs missing 
q50-gptoss20b	Q01	rust	implement-spec	PASS	15	0	PASS — all 6 hidden slug tests passed
q50-gptoss20b	Q02	rust	boundary	PASS	6	0	PASS — all 6 hidden lower_bound tests passed
q50-gptoss20b	Q03	rust	bugfix	PASS	23	0	PASS — all 6 hidden split_bill tests passed
q50-gptoss20b	Q04	rust	refactor	PASS	8	0	PASS — all 5 hidden parse_int_list tests passed
q50-gptoss20b	Q05	rust	error-handling	FAIL	3	1	FAIL — hidden tests failed: error[E0308]: mismatched types error[E0308]: mismatched types error[E0308]: mismatched types error[E0599]: no method named `is_err` found for struct `HashMap<K, V, S, A>` in the current scope 
q50-gptoss20b	Q06	rust	implement-spec	PASS	6	0	PASS — all hidden int_to_roman tests passed
q50-gptoss20b	Q07	rust	api-misuse	PASS	16	0	PASS — all 5 hidden word_frequencies tests passed
q50-gptoss20b	Q08	rust	multi-file	PASS	11	0	PASS — all hidden evaluator tests passed
q50-gptoss20b	Q09	rust	boundary	FAIL	21	1	FAIL — hidden tests failed: decode_basic --- FAILED round_trip_long_run --- FAILED decode_multi_digit --- FAILED singletons --- FAILED 
q50-gptoss20b	Q10	rust	implement-spec	PASS	11	0	PASS — all hidden ipv4 tests passed
q50-gptoss20b	Q11	rust	concurrency	PASS	8	0	PASS — concurrent increments not lost
q50-gptoss20b	Q12	rust	perf	PASS	57	0	PASS — correct and fast on large input
q50-gptoss20b	Q13	python	implement-spec	PASS	10	0	PASS — all hidden CSV tests passed
q50-gptoss20b	Q14	python	bugfix	PASS	8	0	PASS — all hidden deep_merge tests passed
q50-gptoss20b	Q15	python	error-handling	PASS	20	0	PASS — all hidden retry tests passed
q50-gptoss20b	Q16	python	boundary	FAIL	12	0	FAIL — hidden tests failed: >       assert paginate([1, 2, 3, 4], 2) == [[1, 2], [3, 4]] E       assert [[1, 2], [3, 4], []] == [[1, 2], [3, 4]] hidden_gate_test.py:6: AssertionError >       assert paginate([], 3) == [] 
q50-gptoss20b	Q17	python	perf	PASS	14	0	PASS — correct and fast on large input
q50-gptoss20b	Q18	python	api-misuse	PASS	11	0	PASS — buckets are independent per call
q50-gptoss20b	Q19	python	implement-spec	PASS	10	0	PASS — all hidden size-format tests passed
q50-gptoss20b	Q20	python	refactor	PASS	6	0	PASS — keeps falsy-but-present values, drops only None
q50-gptoss20b	Q21	python	multi-file	PASS	7	0	PASS — tax applied on subtotal, no per-item drift
q50-gptoss20b	Q22	python	concurrency	PASS	16	0	PASS — concurrent increments not lost
q50-gptoss20b	Q23	python	boundary	PASS	13	0	PASS — all hidden parse_ranges tests passed
q50-gptoss20b	Q24	python	implement-spec	FAIL	9	0	FAIL — hidden tests failed: =================================== ERRORS ==================================== ____________________ ERROR collecting hidden_gate_test.py _____________________ C:\Users\david\AppData\Local\Programs\Python\Python314\Lib\site-packages\_pytest\assertion\rewrite.py:188: in exec_module E       -    raise NotImplementedError 
q50-gptoss20b	Q25	python	api-misuse	FAIL	12	0	FAIL — hidden tests failed: >       assert total_cents(["1.00", "2.00"]) == 300 E               UnboundLocalError: cannot access local variable 'total' where it is not associated with a value solution.py:8: UnboundLocalError >       assert total_cents(["4.35"]) == 435 
q50-gptoss20b	Q26	js	implement-spec	FAIL	12	0	FAIL — hidden tests failed: AssertionError [ERR_ASSERTION]: undefined prop vs missing 
q50-gptoss20b	Q27	js	bugfix	PASS	22	0	PASS — all hidden flatten tests passed
q50-gptoss20b	Q28	js	boundary	FAIL	6	0	FAIL — hidden tests failed: AssertionError [ERR_ASSERTION]: partial last 
q50-gptoss20b	Q29	js	error-handling	FAIL	3	1	FAIL — hidden tests failed: TypeError: Cannot read properties of undefined (reading 'y') 
q50-gptoss20b	Q30	js	api-misuse	PASS	5	0	PASS — all hidden sortNumbers tests passed
q50-gptoss20b	Q31	js	implement-spec	PASS	5	0	PASS — all hidden groupBy tests passed
q50-gptoss20b	Q32	js	perf	PASS	9	0	PASS — correct and fast on large input
q50-gptoss20b	Q33	js	refactor	PASS	7	0	PASS — all hidden average tests passed
q50-gptoss20b	Q34	js	multi-file	FAIL	10	0	FAIL — hidden tests failed: AssertionError [ERR_ASSERTION]: user overrides scalar 
q50-gptoss20b	Q35	ts	implement-spec	PASS	15	0	PASS — all hidden parseQueryString tests passed
q50-gptoss20b	Q36	ts	bugfix	FAIL	10	0	FAIL — hidden tests failed: AssertionError [ERR_ASSERTION]: nested object independence 
q50-gptoss20b	Q37	ts	boundary	FAIL	11	0	FAIL — hidden tests failed: SyntaxError [ERR_INVALID_TYPESCRIPT_SYNTAX]: Return statement is not allowed here 
q50-gptoss20b	Q38	ts	error-handling	PASS	10	0	PASS — all hidden safeJsonParse tests passed
q50-gptoss20b	Q39	ts	api-misuse	PASS	7	0	PASS — all hidden makeGrid tests passed
q50-gptoss20b	Q40	ts	implement-spec	PASS	36	0	PASS — all hidden EventEmitter tests passed
q50-gptoss20b	Q41	ts	perf	FAIL	6	0	FAIL — hidden tests failed: SyntaxError [ERR_INVALID_TYPESCRIPT_SYNTAX]: Return statement is not allowed here 
q50-gptoss20b	Q42	ts	refactor	PASS	8	0	PASS — all hidden isPalindrome tests passed
q50-gptoss20b	Q43	shell	bugfix	PASS	17	0	PASS — line counts correct with and without trailing newline
q50-gptoss20b	Q44	shell	implement-spec	PASS	7	0	PASS — frequency tally sorted, case-folded, whitespace-split
q50-gptoss20b	Q45	shell	bugfix	PASS	8	0	PASS — comments and blank lines stripped, inline # kept
q50-gptoss20b	Q46	shell	boundary	PASS	18	0	PASS — inclusive line range correct including edges
q50-gptoss20b	Q47	shell	error-handling	FAIL	5	0	FAIL — 10/2 expected 5 got ''
q50-gptoss20b	Q48	shell	api-misuse	PASS	8	0	PASS — arguments joined with commas, spaces preserved
q50-gptoss20b	Q49	shell	multi-file	PASS	8	0	PASS — normalize strips both ends, keeps internal spacing
q50-gptoss20b	Q50	shell	implement-spec	PASS	8	0	PASS — extracts Nth comma field, handles missing/empty fields
q50-gptoss20b	Q51	python	implement-spec	FAIL	29	0	FAIL — hidden tests failed: >       assert parse_duration("1h 30m") == 5400         Raises ValueError for invalid formats.             raise ValueError("duration must be a string")             raise ValueError("empty duration string") 
q50-gptoss20b	Q52	rust	implement-spec	FAIL	6	1	FAIL — hidden tests failed: overwrites_oldest --- FAILED capacity_zero_never_panics --- FAILED capacity_one --- FAILED wraps_multiple_times --- FAILED 
q50-gptoss20b	Q53	js	implement-spec	FAIL	11	0	FAIL — hidden tests failed:   const rows = [];\n  let currentRow = [];\n  let field = '';\n  let inQuotes = false;\n  for (let i = 0; i < text.length; i++) {\n    const ch = text[i];\n    if (inQuotes) {\n      if (ch === '"') {\n        // lookahead for doubled quote\n        if (i + 1 < text.length && text[i + 1] === '"') {\n          field += '"';\n          i++;\n        } else {\n          inQuotes = false;\n        }\n      } else {\n        field += ch;\n      }\n    } else {\n      if (ch === ',') {\n        currentRow.push(field);\n        field = '';\n      } else if (ch === '\r' && i + 1 < text.length && text[i + 1] === '\n') {\n        // Windows newline, consume \n as well\n        currentRow.push(field);\n        rows.push(currentRow);\n        currentRow = [];\n        field = '';\n        i++;\n      } else if (ch === '\n') {\n        currentRow.push(field);\n        rows.push(currentRow);\n        currentRow = [];\n        field = '';\n      } else if (ch === '"') {\n        inQuotes = true;\n      } else {\n        field += ch;\n      }\n    }\n  }\n  // after loop, push remaining field and row if needed\n  currentRow.push(field);\n  if (currentRow.length > 0 && !(currentRow.length === 1 && currentRow[0] === '' && text.endsWith('\n') && !text.endsWith('\\r\n'))) {\n    rows.push(currentRow);\n  } SyntaxError: Invalid or unexpected token 
q50-gptoss20b	Q54	python	implement-spec	PASS	24	0	PASS — all hidden topological_sort tests passed
q50-gptoss20b	Q55	ts	implement-spec	PASS	12	0	PASS — all hidden mergeIntervals tests passed
q50-gptoss20b	Q56	rust	implement-spec	PASS	7	0	PASS — all hidden compare_versions tests passed
q50-hard1-probe	Q02	rust	boundary	PASS	15	0	PASS — all 6 hidden lower_bound tests passed
q50-hard1-probe	Q13	python	implement-spec	PASS	159	0	PASS — all hidden CSV tests passed
q50-hard1-probe	Q14	python	bugfix	PASS	22	0	PASS — all hidden deep_merge tests passed
q50-hard1-probe	Q15	python	error-handling	PASS	22	0	PASS — all hidden retry tests passed
q50-hard1-probe	Q19	python	implement-spec	PASS	41	0	PASS — all hidden size-format tests passed
q50-hard1-probe	Q23	python	boundary	PASS	19	0	PASS — all hidden parse_ranges tests passed
q50-hard1-probe	Q24	python	implement-spec	PASS	30	0	PASS — all hidden word_wrap tests passed
q50-hard1-probe	Q25	python	api-misuse	FAIL	8	0	FAIL — hidden tests failed: >       assert total_cents(["5"]) == 500 E           ValueError: not enough values to unpack (expected 2, got 1) solution.py:6: ValueError FAILED hidden_gate_test.py::test_integer_dollar_string - ValueError: not enou... 
q50-hard1-probe	Q29	js	error-handling	PASS	41	0	PASS — all hidden safeGet tests passed
q50-hard1-probe	Q31	js	implement-spec	PASS	7	0	PASS — all hidden groupBy tests passed
q50-hard1-probe	Q35	ts	implement-spec	PASS	31	0	PASS — all hidden parseQueryString tests passed
q50-hard1-probe	Q36	ts	bugfix	PASS	13	0	PASS — all hidden deepClone tests passed
q50-hard1-probe	Q37	ts	boundary	PASS	16	0	PASS — all hidden range tests passed
q50-hard1-probe	Q40	ts	implement-spec	PASS	34	0	PASS — all hidden EventEmitter tests passed
q50-hard1-probe	Q46	shell	boundary	FAIL	31	0	FAIL — range 5..3: expected [] got [5]
q50-hard1-probe	Q48	shell	api-misuse	PASS	18	0	PASS — arguments joined with commas, spaces preserved
q50-iq4xs	Q01	rust	implement-spec	PASS	57	0	PASS — all 6 hidden slug tests passed
q50-iq4xs	Q02	rust	boundary	PASS	31	0	PASS — all 6 hidden lower_bound tests passed
q50-iq4xs	Q03	rust	bugfix	FAIL	52	0	FAIL — hidden tests failed: zero_people_no_panic --- FAILED thread 'zero_people_no_panic' (3368) panicked at src\lib.rs:6:16: test result: FAILED. 5 passed; 1 failed; 0 ignored; 0 measured; 0 filtered out; finished in 0.00s error: test failed, to rerun pass `--test hidden_gate` 
q50-iq4xs	Q04	rust	refactor	PASS	45	0	PASS — all 5 hidden parse_int_list tests passed
q50-iq4xs	Q05	rust	error-handling	PASS	76	0	PASS — all 5 hidden parse_kv tests passed
q50-iq4xs	Q06	rust	implement-spec	PASS	26	0	PASS — all hidden int_to_roman tests passed
q50-iq4xs	Q07	rust	api-misuse	PASS	59	1	PASS — all 5 hidden word_frequencies tests passed
q50-iq4xs	Q08	rust	multi-file	PASS	63	0	PASS — all hidden evaluator tests passed
q50-iq4xs	Q09	rust	boundary	PASS	36	0	PASS — all hidden RLE tests passed
q50-iq4xs	Q10	rust	implement-spec	PASS	39	0	PASS — all hidden ipv4 tests passed
q50-iq4xs	Q11	rust	concurrency	PASS	33	0	PASS — concurrent increments not lost
q50-iq4xs	Q12	rust	perf	PASS	57	0	PASS — correct and fast on large input
q50-iq4xs	Q13	python	implement-spec	FAIL	60	0	FAIL — hidden tests failed: >       assert parse_csv_line('a,"b,c",d') == ["a", "b,c", "d"] E       AssertionError: assert ['a', 'b,c', '', 'd'] == ['a', 'b,c', 'd'] hidden_gate_test.py:9: AssertionError >       assert parse_csv_line("a,b,") == ["a", "b", ""] 
q50-iq4xs	Q14	python	bugfix	FAIL	69	0	FAIL — hidden tests failed: >       assert deep_merge({"k": 1}, {"k": 2}) == {"k": 2} E       AssertionError: assert {'k': 1} == {'k': 2} hidden_gate_test.py:6: AssertionError >       assert deep_merge(a, b) == {"cfg": {"x": 1, "y": 3, "z": 4}} 
q50-iq4xs	Q15	python	error-handling	PASS	64	0	PASS — all hidden retry tests passed
q50-iq4xs	Q16	python	boundary	PASS	34	0	PASS — all hidden paginate tests passed
q50-iq4xs	Q17	python	perf	PASS	50	0	PASS — correct and fast on large input
q50-iq4xs	Q18	python	api-misuse	PASS	37	0	PASS — buckets are independent per call
q50-iq4xs	Q19	python	implement-spec	PASS	71	0	PASS — all hidden size-format tests passed
q50-iq4xs	Q20	python	refactor	PASS	55	0	PASS — keeps falsy-but-present values, drops only None
q50-iq4xs	Q21	python	multi-file	PASS	104	0	PASS — tax applied on subtotal, no per-item drift
q50-iq4xs	Q22	python	concurrency	PASS	56	0	PASS — concurrent increments not lost
q50-iq4xs	Q23	python	boundary	PASS	53	0	PASS — all hidden parse_ranges tests passed
q50-iq4xs	Q24	python	implement-spec	PASS	39	0	PASS — all hidden word_wrap tests passed
q50-iq4xs	Q25	python	api-misuse	FAIL	43	0	FAIL — hidden tests failed: >       assert total_cents(["5"]) == 500 E           ValueError: not enough values to unpack (expected 2, got 1) solution.py:6: ValueError FAILED hidden_gate_test.py::test_integer_dollar_string - ValueError: not enou... 
q50-iq4xs	Q26	js	implement-spec	PASS	94	0	PASS — all hidden deepEqual tests passed
q50-iq4xs	Q27	js	bugfix	PASS	43	0	PASS — all hidden flatten tests passed
q50-iq4xs	Q28	js	boundary	PASS	43	0	PASS — all hidden chunk tests passed
q50-iq4xs	Q29	js	error-handling	PASS	49	0	PASS — all hidden safeGet tests passed
q50-iq4xs	Q30	js	api-misuse	PASS	42	0	PASS — all hidden sortNumbers tests passed
q50-iq4xs	Q31	js	implement-spec	PASS	23	0	PASS — all hidden groupBy tests passed
q50-iq4xs	Q32	js	perf	PASS	47	0	PASS — correct and fast on large input
q50-iq4xs	Q33	js	refactor	PASS	39	0	PASS — all hidden average tests passed
q50-iq4xs	Q34	js	multi-file	PASS	65	0	PASS — all hidden config-merge tests passed
q50-iq4xs	Q35	ts	implement-spec	PASS	61	0	PASS — all hidden parseQueryString tests passed
q50-iq4xs	Q36	ts	bugfix	PASS	92	0	PASS — all hidden deepClone tests passed
q50-iq4xs	Q37	ts	boundary	PASS	67	0	PASS — all hidden range tests passed
q50-iq4xs	Q38	ts	error-handling	PASS	43	0	PASS — all hidden safeJsonParse tests passed
q50-iq4xs	Q39	ts	api-misuse	PASS	51	0	PASS — all hidden makeGrid tests passed
q50-iq4xs	Q40	ts	implement-spec	PASS	86	0	PASS — all hidden EventEmitter tests passed
q50-iq4xs	Q41	ts	perf	PASS	46	0	PASS — correct and fast on large input
q50-iq4xs	Q42	ts	refactor	PASS	98	0	PASS — all hidden isPalindrome tests passed
q50-iq4xs	Q43	shell	bugfix	PASS	51	0	PASS — line counts correct with and without trailing newline
q50-iq4xs	Q44	shell	implement-spec	PASS	49	0	PASS — frequency tally sorted, case-folded, whitespace-split
q50-iq4xs	Q45	shell	bugfix	PASS	55	0	PASS — comments and blank lines stripped, inline # kept
q50-iq4xs	Q46	shell	boundary	PASS	103	0	PASS — inclusive line range correct including edges
q50-iq4xs	Q47	shell	error-handling	PASS	28	0	PASS — divides correctly and handles zero divisor cleanly
q50-iq4xs	Q48	shell	api-misuse	PASS	22	0	PASS — arguments joined with commas, spaces preserved
q50-iq4xs	Q49	shell	multi-file	FAIL	24	1	FAIL — expected [hello
q50-iq4xs	Q50	shell	implement-spec	PASS	89	0	PASS — extracts Nth comma field, handles missing/empty fields
q50-iq4xs	Q51	python	implement-spec	FAIL	140	0	FAIL — hidden tests failed: >       assert parse_duration("1h 30m") == 5400             raise ValueError(f"expected str, got {type(s).__name__}")             raise ValueError("empty duration string") >           raise ValueError(f"invalid duration string: {s!r}") 
q50-iq4xs	Q52	rust	implement-spec	PASS	98	0	PASS — all hidden RingBuffer tests passed
q50-iq4xs	Q53	js	implement-spec	PASS	101	0	PASS — all hidden parseCsv tests passed
q50-iq4xs	Q54	python	implement-spec	PASS	59	0	PASS — all hidden topological_sort tests passed
q50-iq4xs	Q55	ts	implement-spec	PASS	46	0	PASS — all hidden mergeIntervals tests passed
q50-iq4xs	Q56	rust	implement-spec	PASS	32	0	PASS — all hidden compare_versions tests passed
qwen35-4b-v0160-ext	K1	java	locate	PASS	5	0	PASS — located computeTax in TaxCalculator.java
qwen35-4b-v0160-ext	K2	cpp	bugfix	PASS	17	0	PASS — celsiusToFahrenheit now adds 32 (bug fixed)
qwen35-4b-v0160-ext	K3	csharp	locate	PASS	10	0	PASS — located ValidateOrder in OrderValidator.cs
qwen35-4b-v0160-ext	K4	php	bugfix	PASS	20	0	PASS — isEven now tests evenness correctly
qwen35-4b-v0160-ext	K5	kotlin	locate	PASS	5	0	PASS — located data class Invoice in Invoice.kt
qwen35-4b-v0160-ext	K6	ruby	bugfix	PASS	20	0	PASS — passing? now includes exactly 60 (inclusive >= 60)
qwen35-4b-v0160-ext	K7	js	replace-all	PASS	28	0	PASS — renamed all 30 occurrences trackEvent->recordEvent (0 left)
qwen35-4b-v0160-ext	K8	ts	scoped-grep	PASS	11	0	PASS — found API_TIMEOUT_MS=8000 in settings.ts (.ts scope honored)
qwen35-4b-v0160	A1	rust	bugfix	PASS	21	0	PASS — cargo test succeeded (test_average fixed)
qwen35-4b-v0160	A2	rust	add-feature	PASS	22	0	PASS — cargo test succeeded (median added)
qwen35-4b-v0160	A3	rust	run-tests	PASS	4	0	PASS — transcript reports 4 tests passed
qwen35-4b-v0160	A4	rust	refactor	PASS	18	0	PASS — add renamed to sum2 throughout; tests pass
qwen35-4b-v0160	A5	rust	multi-file	PASS	14	1	PASS — MAX_RETRIES raised to 5; retry test passes
qwen35-4b-v0160	A6	rust	explain	PASS	15	0	PASS — explanation covers dedup of consecutive/adjacent duplicates
qwen35-4b-v0160	A7	rust	debug-error	PASS	17	1	PASS — cargo build succeeded (type error fixed)
qwen35-4b-v0160	B1	python	bugfix	PASS	21	1	PASS — test_stats passes (mean fixed): OK
qwen35-4b-v0160	B2	python	add-feature	PASS	21	1	PASS — variance added, test passes: OK
qwen35-4b-v0160	B3	python	multi-file	PASS	14	1	PASS — tests pass and circle.py PI updated to 3.14159
qwen35-4b-v0160	B4	python	create-file	PASS	20	1	PASS — utils.py created and clamp test passes: OK
qwen35-4b-v0160	B5	python	debug-error	PASS	10	0	PASS — app.py runs and counts 'l' as 2: {'h': 1, 'e': 1, 'l': 2, 'o': 1}
qwen35-4b-v0160	B7	python	run-tests	PASS	12	0	PASS — transcript reports 3 tests passing
qwen35-4b-v0160	B8	python	answer-codebase	PASS	7	0	PASS — transcript identifies the real retry count as 2 (MAX_ATTEMPTS)
qwen35-4b-v0160	C1	js	bugfix	PASS	24	1	PASS — test.js passes (cartTotal fixed)
qwen35-4b-v0160	C2	js	add-feature	PASS	20	0	PASS — test.js passes (applyDiscount added)
qwen35-4b-v0160	C3	js	run-tests	FAIL	14	1	FAIL — transcript does not report a standalone 5 (the number that passed)
qwen35-4b-v0160	C4	js	create-file	PASS	16	1	PASS — slug.js created and test.js passes
qwen35-4b-v0160	C5	js	multi-file	PASS	14	1	PASS — tax rate updated to 0.08 and test.js passes
qwen35-4b-v0160	C6	js	explain	PASS	18	0	PASS — explanation covers grouping, object return, and collection-valued buckets
qwen35-4b-v0160	C7	js	debug-error	PASS	9	0	PASS — report.js runs and prints member names (incl. Ada)
qwen35-4b-v0160	D1	ts	bugfix	PASS	20	0	PASS — node test.ts passed — emails without @ are now rejected
qwen35-4b-v0160	D2	ts	locate	PASS	10	0	PASS — located refreshToken in src/auth/session.ts (full path given)
qwen35-4b-v0160	D4	ts	multi-file	PASS	15	1	PASS — User.role added and label() returns 'name (role)'; node test.ts passed
qwen35-4b-v0160	D6	ts	run-tests	PASS	23	1	PASS — tests green and agent reported 6 passed
qwen35-4b-v0160	E1	go	bugfix	PASS	18	0	PASS — calc.go Max fixed to return the larger value (buggy line removed)
qwen35-4b-v0160	E2	go	refactor	PASS	20	0	PASS — GetUserName renamed to DisplayName everywhere (defn in user.go + 2 call sites; 3 total)
qwen35-4b-v0160	E3	go	locate	PASS	8	0	PASS — transcript identifies handlers/checkout.go as defining handleCheckout
qwen35-4b-v0160	E4	go	explain	PASS	13	0	PASS — explanation covers both deduplication and sorting
qwen35-4b-v0160	F1	shell	bugfix	PASS	14	1	PASS — greet.sh prints 'Hello, Ada!' and 'Hello, Grace!'
qwen35-4b-v0160	F2	shell	create-file	PASS	15	0	PASS — count.sh prints 5 for the 5-line data.txt
qwen35-4b-v0160	F3	shell	explain	PASS	11	0	PASS — explanation conveys 3/3 concepts incl. counting unique occurrences
qwen35-4b-v0160	F4	shell	refactor	PASS	23	1	PASS — process_file fully renamed to handle_file (3 occurrences)
qwen35-4b-v0160	G1	html	add-feature	PASS	11	0	PASS — Contact->contact.html added inside nav/ul; Home+About intact (3 nav links)
qwen35-4b-v0160	G4	css	refactor	PASS	20	0	PASS — btn-primary -> button-main renamed in styles.css rule + 2 html usages (3 total); styles intact
qwen35-4b-v0160	H2	sql	add-feature	PASS	11	0	PASS — top_customer.sql returns exactly one row: Ada
qwen35-4b-v0160	H3	sql	create-file	PASS	6	0	PASS — products table created with id/name/price and 2 seeded rows
qwen35-4b-v0160	H4	sql	debug-error	FAIL	14	1	FAIL — report.sql still broken or wrong totals: ERR: OperationalError: no such column: o.total 
qwen35-4b-v0160	I1	bigrepo	enumerate	PASS	26	0	PASS — enumerated 6/6 CLAUDETTE_FORGE_ vars
qwen35-4b-v0160	I2	bigrepo	enumerate	PASS	21	0	PASS — enumerated 8/8 forge roles
qwen35-4b-v0160	I3	bigrepo	locate	FAIL	16	1	FAIL — did not land on source value 3 w/ location (deep-localization weak spot; likely trusted docs=2)
qwen35-4b-v0160	I4	bigrepo	answer-codebase	PASS	17	0	PASS — named qwen3-coder default + source location
qwen35-4b-v0160	I5	bigrepo	locate	FAIL	30	1	FAIL — did not name conversation.rs
qwen35-4b-v0160	I6	bigrepo	enumerate	FAIL	3	1	FAIL — only 0/7 CLI modes (need >=6; enumeration weak spot)
qwen35-4b-v0160	I7	bigrepo	answer-codebase	PASS	22	0	PASS — correctly states no telemetry / local-first
qwen35-4b-v0160	I8	bigrepo	answer-codebase	PASS	26	0	PASS — described threshold+summarize mechanism
qwen35-4b-v0160	J1	git	git-workflow	PASS	9	0	PASS — named the modified file notes.txt
qwen35-4b-v0160	J2	git	git-workflow	PASS	5	0	PASS — committed greet.py with subject: Add greeting script
qwen35-4b-v0160	J3	git	git-workflow	PASS	4	0	PASS — reported the latest commit subject (null pointer in handler)
qwen35-4b-v0160	J4	git	git-workflow	PASS	7	0	PASS — branch feature/login exists
qwen35-4b	A1	rust	bugfix	PASS	11	0	PASS — cargo test succeeded (test_average fixed)
qwen35-4b	A2	rust	add-feature	PASS	15	0	PASS — cargo test succeeded (median added)
qwen35-4b	A3	rust	run-tests	PASS	2	0	PASS — transcript reports 4 tests passed
qwen35-4b	A4	rust	refactor	PASS	14	0	PASS — add renamed to sum2 throughout; tests pass
qwen35-4b	A5	rust	multi-file	PASS	7	0	PASS — MAX_RETRIES raised to 5; retry test passes
qwen35-4b	A6	rust	explain	PASS	8	0	PASS — explanation covers dedup of consecutive/adjacent duplicates
qwen35-4b	A7	rust	debug-error	PASS	13	0	PASS — cargo build succeeded (type error fixed)
qwen35-4b	B1	python	bugfix	PASS	19	0	PASS — test_stats passes (mean fixed): OK
qwen35-4b	B2	python	add-feature	PASS	17	0	PASS — variance added, test passes: OK
qwen35-4b	B3	python	multi-file	PASS	8	0	PASS — tests pass and circle.py PI updated to 3.14159
qwen35-4b	B4	python	create-file	PASS	19	0	PASS — utils.py created and clamp test passes: OK
qwen35-4b	B5	python	debug-error	PASS	7	0	PASS — app.py runs and counts 'l' as 2: {'h': 1, 'e': 1, 'l': 2, 'o': 1}
qwen35-4b	B7	python	run-tests	PASS	6	0	PASS — transcript reports 3 tests passing
qwen35-4b	B8	python	answer-codebase	PASS	6	0	PASS — transcript identifies the real retry count as 2 (MAX_ATTEMPTS)
qwen35-4b	C1	js	bugfix	FAIL	8	0	FAIL — node test.js exited 1:   throw new Error(`cartTotal expected ${want} but got ${got}`);
qwen35-4b	C2	js	add-feature	PASS	14	0	PASS — test.js passes (applyDiscount added)
qwen35-4b	C3	js	run-tests	PASS	6	0	PASS — tests green and agent reported 5 passed
qwen35-4b	C4	js	create-file	PASS	22	0	PASS — slug.js created and test.js passes
qwen35-4b	C5	js	multi-file	PASS	5	0	PASS — tax rate updated to 0.08 and test.js passes
qwen35-4b	C6	js	explain	PASS	9	0	PASS — explanation covers grouping, object return, and collection-valued buckets
qwen35-4b	C7	js	debug-error	PASS	6	0	PASS — report.js runs and prints member names (incl. Ada)
qwen35-4b	D1	ts	bugfix	PASS	11	0	PASS — node test.ts passed — emails without @ are now rejected
qwen35-4b	D2	ts	locate	PASS	3	0	PASS — located refreshToken in src/auth/session.ts (full path given)
qwen35-4b	D4	ts	multi-file	FAIL	11	0	FAIL — src/types.ts does not declare a 'role' field on User
qwen35-4b	D6	ts	run-tests	PASS	7	0	PASS — tests green and agent reported 6 passed
qwen35-4b	E1	go	bugfix	PASS	7	0	PASS — calc.go Max fixed to return the larger value (buggy line removed)
qwen35-4b	E2	go	refactor	PASS	12	0	PASS — GetUserName renamed to DisplayName everywhere (defn in user.go + 2 call sites; 3 total)
qwen35-4b	E3	go	locate	PASS	2	0	PASS — transcript identifies handlers/checkout.go as defining handleCheckout
qwen35-4b	E4	go	explain	PASS	7	0	PASS — explanation covers both deduplication and sorting
qwen35-4b	F1	shell	bugfix	PASS	7	0	PASS — greet.sh prints 'Hello, Ada!' and 'Hello, Grace!'
qwen35-4b	F2	shell	create-file	PASS	10	0	PASS — count.sh prints 5 for the 5-line data.txt
qwen35-4b	F3	shell	explain	PASS	5	0	PASS — explanation conveys 3/3 concepts incl. counting unique occurrences
qwen35-4b	F4	shell	refactor	PASS	13	0	PASS — process_file fully renamed to handle_file (3 occurrences)
qwen35-4b	G1	html	add-feature	PASS	6	0	PASS — Contact->contact.html added inside nav/ul; Home+About intact (3 nav links)
qwen35-4b	G4	css	refactor	PASS	14	0	PASS — btn-primary -> button-main renamed in styles.css rule + 2 html usages (3 total); styles intact
qwen35-4b	H2	sql	add-feature	PASS	13	0	PASS — top_customer.sql returns exactly one row: Ada
qwen35-4b	H3	sql	create-file	PASS	11	0	PASS — products table created with id/name/price and 2 seeded rows
qwen35-4b	H4	sql	debug-error	PASS	11	0	PASS — report.sql runs cleanly; Ada=150, Bob=50 (150.0 BOB=50.0 ROWS=2)
qwen35-4b	I1	bigrepo	enumerate	FAIL	15	0	FAIL — only 2/6 CLAUDETTE_FORGE_ vars (need >=5; enumeration weak spot)
qwen35-4b	I2	bigrepo	enumerate	PASS	14	0	PASS — enumerated 8/8 forge roles
qwen35-4b	I3	bigrepo	locate	FAIL	11	0	FAIL — did not land on source value 3 w/ location (deep-localization weak spot; likely trusted docs=2)
qwen35-4b	I4	bigrepo	answer-codebase	PASS	6	0	PASS — named qwen3-coder default + source location
qwen35-4b	I5	bigrepo	locate	PASS	14	0	PASS — named conversation.rs
qwen35-4b	I6	bigrepo	enumerate	PASS	17	0	PASS — enumerated 7/7 CLI modes
qwen35-4b	I7	bigrepo	answer-codebase	PASS	8	0	PASS — correctly states no telemetry / local-first
qwen35-4b	I8	bigrepo	answer-codebase	FAIL	5	0	FAIL — missing threshold(0) or mechanism(1)
qwen35-4b	J1	git	git-workflow	PASS	4	0	PASS — named the modified file notes.txt
qwen35-4b	J2	git	git-workflow	PASS	3	0	PASS — committed greet.py with subject: Add greeting script
qwen35-4b	J3	git	git-workflow	PASS	3	0	PASS — reported the latest commit subject (null pointer in handler)
qwen35-4b	J4	git	git-workflow	PASS	3	0	PASS — branch feature/login exists
qwen35-9b-v0160-ext	K1	java	locate	PASS	8	0	PASS — located computeTax in TaxCalculator.java
qwen35-9b-v0160-ext	K2	cpp	bugfix	FAIL	12	1	FAIL — conversion still subtracts 32 — bug not fixed
qwen35-9b-v0160-ext	K3	csharp	locate	PASS	10	0	PASS — located ValidateOrder in OrderValidator.cs
qwen35-9b-v0160-ext	K4	php	bugfix	FAIL	12	1	FAIL — isEven still uses the inverted test (% 2 == 1)
qwen35-9b-v0160-ext	K5	kotlin	locate	PASS	8	0	PASS — located data class Invoice in Invoice.kt
qwen35-9b-v0160-ext	K6	ruby	bugfix	FAIL	15	1	FAIL — passing? still uses > 60 — a score of 60 is wrongly excluded
qwen35-9b-v0160-ext	K7	js	replace-all	PASS	34	1	PASS — renamed all 30 occurrences trackEvent->recordEvent (0 left)
qwen35-9b-v0160-ext	K8	ts	scoped-grep	PASS	10	0	PASS — found API_TIMEOUT_MS=8000 in settings.ts (.ts scope honored)
qwen35-9b-v0160	A1	rust	bugfix	FAIL	11	1	FAIL — cargo test failed:\n
qwen35-9b-v0160	A2	rust	add-feature	PASS	22	1	PASS — cargo test succeeded (median added)
qwen35-9b-v0160	A3	rust	run-tests	PASS	6	0	PASS — transcript reports 4 tests passed
qwen35-9b-v0160	A4	rust	refactor	FAIL	20	1	FAIL — old definition 'fn add(' still present in src/lib.rs
qwen35-9b-v0160	A5	rust	multi-file	FAIL	13	1	FAIL — MAX_RETRIES: u32 = 5 not found in src/config.rs
qwen35-9b-v0160	A6	rust	explain	PASS	24	0	PASS — explanation covers dedup of consecutive/adjacent duplicates
qwen35-9b-v0160	A7	rust	debug-error	FAIL	7	1	FAIL — cargo build still failing:\nerror[E0600]: cannot apply unary operator `-` to type `u32`
qwen35-9b-v0160	B1	python	bugfix	FAIL	16	1	FAIL — test_stats still failing (rc=1): Ran 1 test in 0.002s
qwen35-9b-v0160	B2	python	add-feature	FAIL	9	1	FAIL — variance test failing (rc=1): Ran 1 test in 0.000s
qwen35-9b-v0160	B3	python	multi-file	FAIL	16	1	FAIL — geometry tests failing (rc=1): Ran 3 tests in 0.001s
qwen35-9b-v0160	B4	python	create-file	FAIL	9	1	FAIL — utils.py was not created
qwen35-9b-v0160	B5	python	debug-error	FAIL	11	1	FAIL — app.py still crashing (rc=1):     counts[c] += 1
qwen35-9b-v0160	B7	python	run-tests	FAIL	7	1	FAIL — transcript missing '3' and/or passed/ok
qwen35-9b-v0160	B8	python	answer-codebase	PASS	14	0	PASS — transcript identifies the real retry count as 2 (MAX_ATTEMPTS)
qwen35-9b-v0160	C1	js	bugfix	FAIL	14	1	FAIL — node test.js exited 1:   throw new Error(`cartTotal expected ${want} but got ${got}`);
qwen35-9b-v0160	C2	js	add-feature	FAIL	13	1	FAIL — node test.js exited 1: TypeError: applyDiscount is not a function
qwen35-9b-v0160	C3	js	run-tests	FAIL	8	1	FAIL — transcript does not report a standalone 5 (the number that passed)
qwen35-9b-v0160	C4	js	create-file	FAIL	13	1	FAIL — slug.js was not created
qwen35-9b-v0160	C5	js	multi-file	PASS	14	1	PASS — tax rate updated to 0.08 and test.js passes
qwen35-9b-v0160	C6	js	explain	PASS	13	0	PASS — explanation covers grouping, object return, and collection-valued buckets
qwen35-9b-v0160	C7	js	debug-error	FAIL	9	1	FAIL — node report.js exited 1: TypeError: Cannot read properties of undefined (reading 'map')
qwen35-9b-v0160	D1	ts	bugfix	FAIL	13	1	FAIL — node test.ts exited 1: FAIL: foo.com has no @ and should be invalid
qwen35-9b-v0160	D2	ts	locate	PASS	7	0	PASS — located refreshToken in src/auth/session.ts (full path given)
qwen35-9b-v0160	D4	ts	multi-file	PASS	20	1	PASS — User.role added and label() returns 'name (role)'; node test.ts passed
qwen35-9b-v0160	D6	ts	run-tests	PASS	8	1	PASS — tests green and agent reported 6 passed
qwen35-9b-v0160	E1	go	bugfix	FAIL	12	1	FAIL — buggy line still present: 'if a < b { return a' (returns the smaller value)
qwen35-9b-v0160	E2	go	refactor	FAIL	21	1	FAIL — old name 'GetUserName' still present:\n/d/dev/claudette/runs/eval-2026-05-29/battery/work/E2/main.go:9:
qwen35-9b-v0160	E3	go	locate	PASS	8	0	PASS — transcript identifies handlers/checkout.go as defining handleCheckout
qwen35-9b-v0160	E4	go	explain	PASS	19	0	PASS — explanation covers both deduplication and sorting
qwen35-9b-v0160	F1	shell	bugfix	FAIL	7	1	FAIL — missing line 'Hello, Ada!' (got: Hello, Ada
qwen35-9b-v0160	F2	shell	create-file	FAIL	7	0	FAIL — count.sh was not created in workdir
qwen35-9b-v0160	F3	shell	explain	FAIL	7	1	FAIL — explanation does not convey counting unique occurrences
qwen35-9b-v0160	F4	shell	refactor	PASS	18	1	PASS — process_file fully renamed to handle_file (3 occurrences)
qwen35-9b-v0160	G1	html	add-feature	PASS	12	1	PASS — Contact->contact.html added inside nav/ul; Home+About intact (3 nav links)
qwen35-9b-v0160	G4	css	refactor	PASS	25	1	PASS — btn-primary -> button-main renamed in styles.css rule + 2 html usages (3 total); styles intact
qwen35-9b-v0160	H2	sql	add-feature	FAIL	7	1	FAIL — top_customer.sql did not produce a usable result: ERR: query returned no rows 
qwen35-9b-v0160	H3	sql	create-file	FAIL	10	0	FAIL — schema.sql was not created
qwen35-9b-v0160	H4	sql	debug-error	FAIL	9	1	FAIL — report.sql still broken or wrong totals: ERR: OperationalError: no such column: o.total 
qwen35-9b-v0160	I1	bigrepo	enumerate	FAIL	10	1	FAIL — only 0/6 CLAUDETTE_FORGE_ vars (need >=5; enumeration weak spot)
qwen35-9b-v0160	I2	bigrepo	enumerate	FAIL	20	1	FAIL — only 1/8 forge roles (need >=7; enumeration weak spot)
qwen35-9b-v0160	I3	bigrepo	locate	FAIL	19	1	FAIL — did not land on source value 3 w/ location (deep-localization weak spot; likely trusted docs=2)
qwen35-9b-v0160	I4	bigrepo	answer-codebase	PASS	18	0	PASS — named qwen3-coder default + source location
qwen35-9b-v0160	I5	bigrepo	locate	PASS	20	0	PASS — named conversation.rs
qwen35-9b-v0160	I6	bigrepo	enumerate	PASS	66	0	PASS — enumerated 7/7 CLI modes
qwen35-9b-v0160	I7	bigrepo	answer-codebase	PASS	16	0	PASS — correctly states no telemetry / local-first
qwen35-9b-v0160	I8	bigrepo	answer-codebase	FAIL	18	1	FAIL — missing threshold(0) or mechanism(1)
qwen35-9b-v0160	J1	git	git-workflow	PASS	4	0	PASS — named the modified file notes.txt
qwen35-9b-v0160	J2	git	git-workflow	PASS	4	0	PASS — committed greet.py with subject: Add greeting script
qwen35-9b-v0160	J3	git	git-workflow	PASS	6	0	PASS — reported the latest commit subject (null pointer in handler)
qwen35-9b-v0160	J4	git	git-workflow	PASS	6	0	PASS — branch feature/login exists
qwen35-9b	A1	rust	bugfix	PASS	12	0	PASS — cargo test succeeded (test_average fixed)
qwen35-9b	A2	rust	add-feature	PASS	14	0	PASS — cargo test succeeded (median added)
qwen35-9b	A3	rust	run-tests	PASS	3	0	PASS — transcript reports 4 tests passed
qwen35-9b	A4	rust	refactor	PASS	19	0	PASS — add renamed to sum2 throughout; tests pass
qwen35-9b	A5	rust	multi-file	PASS	13	0	PASS — MAX_RETRIES raised to 5; retry test passes
qwen35-9b	A6	rust	explain	PASS	9	0	PASS — explanation covers dedup of consecutive/adjacent duplicates
qwen35-9b	A7	rust	debug-error	PASS	7	0	PASS — cargo build succeeded (type error fixed)
qwen35-9b	B1	python	bugfix	PASS	12	0	PASS — test_stats passes (mean fixed): OK
qwen35-9b	B2	python	add-feature	PASS	8	0	PASS — variance added, test passes: OK
qwen35-9b	B3	python	multi-file	PASS	12	0	PASS — tests pass and circle.py PI updated to 3.14159
qwen35-9b	B4	python	create-file	PASS	36	0	PASS — utils.py created and clamp test passes: OK
qwen35-9b	B5	python	debug-error	PASS	17	0	PASS — app.py runs and counts 'l' as 2: {'h': 1, 'e': 1, 'l': 2, 'o': 1}
qwen35-9b	B7	python	run-tests	PASS	8	0	PASS — transcript reports 3 tests passing
qwen35-9b	B8	python	answer-codebase	PASS	6	0	PASS — transcript identifies the real retry count as 2 (MAX_ATTEMPTS)
qwen35-9b	C1	js	bugfix	PASS	23	0	PASS — test.js passes (cartTotal fixed)
qwen35-9b	C2	js	add-feature	PASS	21	0	PASS — test.js passes (applyDiscount added)
qwen35-9b	C3	js	run-tests	PASS	6	0	PASS — tests green and agent reported 5 passed
qwen35-9b	C4	js	create-file	FAIL	15	0	FAIL — slug.js was not created
qwen35-9b	C5	js	multi-file	PASS	5	0	PASS — tax rate updated to 0.08 and test.js passes
qwen35-9b	C6	js	explain	PASS	9	0	PASS — explanation covers grouping, object return, and collection-valued buckets
qwen35-9b	C7	js	debug-error	PASS	11	0	PASS — report.js runs and prints member names (incl. Ada)
qwen35-9b	D1	ts	bugfix	PASS	22	0	PASS — node test.ts passed — emails without @ are now rejected
qwen35-9b	D2	ts	locate	PASS	4	0	PASS — located refreshToken in src/auth/session.ts (full path given)
qwen35-9b	D4	ts	multi-file	PASS	15	0	PASS — User.role added and label() returns 'name (role)'; node test.ts passed
qwen35-9b	D6	ts	run-tests	PASS	10	0	PASS — tests green and agent reported 6 passed
qwen35-9b	E1	go	bugfix	FAIL	65	1	FAIL — buggy line still present: 'if a < b { return a' (returns the smaller value)
qwen35-9b	E2	go	refactor	PASS	17	0	PASS — GetUserName renamed to DisplayName everywhere (defn in user.go + 2 call sites; 3 total)
qwen35-9b	E3	go	locate	PASS	6	0	PASS — transcript identifies handlers/checkout.go as defining handleCheckout
qwen35-9b	E4	go	explain	PASS	11	0	PASS — explanation covers both deduplication and sorting
qwen35-9b	F1	shell	bugfix	PASS	17	0	PASS — greet.sh prints 'Hello, Ada!' and 'Hello, Grace!'
qwen35-9b	F2	shell	create-file	PASS	12	0	PASS — count.sh prints 5 for the 5-line data.txt
qwen35-9b	F3	shell	explain	PASS	10	0	PASS — explanation conveys 3/3 concepts incl. counting unique occurrences
qwen35-9b	F4	shell	refactor	PASS	26	0	PASS — process_file fully renamed to handle_file (3 occurrences)
qwen35-9b	G1	html	add-feature	PASS	7	0	PASS — Contact->contact.html added inside nav/ul; Home+About intact (3 nav links)
qwen35-9b	G4	css	refactor	PASS	11	0	PASS — btn-primary -> button-main renamed in styles.css rule + 2 html usages (3 total); styles intact
qwen35-9b	H2	sql	add-feature	PASS	13	0	PASS — top_customer.sql returns exactly one row: Ada
qwen35-9b	H3	sql	create-file	PASS	15	0	PASS — products table created with id/name/price and 2 seeded rows
qwen35-9b	H4	sql	debug-error	FAIL	91	1	FAIL — report.sql still broken or wrong totals: ERR: OperationalError: no such column: o.total 
qwen35-9b	I1	bigrepo	enumerate	FAIL	32	0	FAIL — only 2/6 CLAUDETTE_FORGE_ vars (need >=5; enumeration weak spot)
qwen35-9b	I2	bigrepo	enumerate	PASS	25	0	PASS — enumerated 8/8 forge roles
qwen35-9b	I3	bigrepo	locate	FAIL	108	1	FAIL — did not land on source value 3 w/ location (deep-localization weak spot; likely trusted docs=2)
qwen35-9b	I4	bigrepo	answer-codebase	PASS	16	0	PASS — named qwen3-coder default + source location
qwen35-9b	I5	bigrepo	locate	PASS	21	0	PASS — named conversation.rs
qwen35-9b	I6	bigrepo	enumerate	FAIL	88	1	FAIL — only 0/7 CLI modes (need >=6; enumeration weak spot)
qwen35-9b	I7	bigrepo	answer-codebase	PASS	12	0	PASS — correctly states no telemetry / local-first
qwen35-9b	I8	bigrepo	answer-codebase	PASS	12	0	PASS — described threshold+summarize mechanism
qwen35-9b	J1	git	git-workflow	PASS	3	0	PASS — named the modified file notes.txt
qwen35-9b	J2	git	git-workflow	PASS	2	0	PASS — committed greet.py with subject: Add greeting script
qwen35-9b	J3	git	git-workflow	PASS	2	0	PASS — reported the latest commit subject (null pointer in handler)
qwen35-9b	J4	git	git-workflow	PASS	2	0	PASS — branch feature/login exists
qwen36-27b	A1	rust	bugfix	PASS	50	0	PASS — cargo test succeeded (test_average fixed)
qwen36-27b	A2	rust	add-feature	PASS	48	0	PASS — cargo test succeeded (median added)
qwen36-27b	A3	rust	run-tests	PASS	21	0	PASS — transcript reports 4 tests passed
qwen36-27b	A4	rust	refactor	PASS	151	0	PASS — add renamed to sum2 throughout; tests pass
qwen36-27b	A5	rust	multi-file	PASS	67	0	PASS — MAX_RETRIES raised to 5; retry test passes
qwen36-27b	A6	rust	explain	PASS	60	0	PASS — explanation covers dedup of consecutive/adjacent duplicates
qwen36-27b	A7	rust	debug-error	PASS	27	0	PASS — cargo build succeeded (type error fixed)
qwen36-27b	B1	python	bugfix	PASS	72	0	PASS — test_stats passes (mean fixed): OK
qwen36-27b	B2	python	add-feature	PASS	42	0	PASS — variance added, test passes: OK
qwen36-27b	B3	python	multi-file	PASS	105	0	PASS — tests pass and circle.py PI updated to 3.14159
qwen36-27b	B4	python	create-file	FAIL(TIMEOUT)	151	124	FAIL — utils.py was not created
qwen36-27b	B5	python	debug-error	PASS	83	0	PASS — app.py runs and counts 'l' as 2: {'h': 1, 'e': 1, 'l': 2, 'o': 1}
qwen36-27b	B7	python	run-tests	PASS	49	0	PASS — transcript reports 3 tests passing
qwen36-27b	B8	python	answer-codebase	PASS	27	0	PASS — transcript identifies the real retry count as 2 (MAX_ATTEMPTS)
qwen36-27b	C1	js	bugfix	PASS	67	0	PASS — test.js passes (cartTotal fixed)
qwen36-27b	C2	js	add-feature	PASS	64	0	PASS — test.js passes (applyDiscount added)
qwen36-27b	C3	js	run-tests	PASS	54	0	PASS — tests green and agent reported 5 passed
qwen36-27b	C4	js	create-file	FAIL(TIMEOUT)	150	124	FAIL — slug.js was not created
qwen36-27b	C5	js	multi-file	PASS	49	0	PASS — tax rate updated to 0.08 and test.js passes
qwen36-27b	C6	js	explain	PASS	42	0	PASS — explanation covers grouping, object return, and collection-valued buckets
qwen36-27b	C7	js	debug-error	FAIL	25	0	FAIL — node report.js exited 1: TypeError: Cannot read properties of undefined (reading 'map')
qwen36-27b	D1	ts	bugfix	PASS	80	0	PASS — node test.ts passed — emails without @ are now rejected
qwen36-27b	D2	ts	locate	PASS	22	0	PASS — located refreshToken in src/auth/session.ts (full path given)
qwen36-27b	D4	ts	multi-file	PASS	83	0	PASS — User.role added and label() returns 'name (role)'; node test.ts passed
qwen36-27b	D6	ts	run-tests	PASS	31	0	PASS — tests green and agent reported 6 passed
qwen36-27b	E1	go	bugfix	PASS	47	0	PASS — calc.go Max fixed to return the larger value (buggy line removed)
qwen36-27b	E2	go	refactor	PASS	169	0	PASS — GetUserName renamed to DisplayName everywhere (defn in user.go + 2 call sites; 3 total)
qwen36-27b	E3	go	locate	PASS	14	0	PASS — transcript identifies handlers/checkout.go as defining handleCheckout
qwen36-27b	E4	go	explain	PASS	41	0	PASS — explanation covers both deduplication and sorting
qwen36-27b	F1	shell	bugfix	PASS	16	0	PASS — greet.sh prints 'Hello, Ada!' and 'Hello, Grace!'
qwen36-27b	F2	shell	create-file	PASS(TIMEOUT)	120	124	PASS — count.sh prints 5 for the 5-line data.txt
qwen36-27b	F3	shell	explain	PASS	24	0	PASS — explanation conveys 3/3 concepts incl. counting unique occurrences
qwen36-27b	F4	shell	refactor	PASS	40	0	PASS — process_file fully renamed to handle_file (3 occurrences)
qwen36-27b	G1	html	add-feature	PASS	32	0	PASS — Contact->contact.html added inside nav/ul; Home+About intact (3 nav links)
qwen36-27b	G4	css	refactor	PASS	60	0	PASS — btn-primary -> button-main renamed in styles.css rule + 2 html usages (3 total); styles intact
qwen36-27b	H2	sql	add-feature	FAIL(TIMEOUT)	150	124	FAIL — top_customer.sql did not produce a usable result: ERR: query returned no rows 
qwen36-27b	H3	sql	create-file	PASS	146	0	PASS — products table created with id/name/price and 2 seeded rows
qwen36-27b	H4	sql	debug-error	PASS	66	1	PASS — report.sql runs cleanly; Ada=150, Bob=50 (150.0 BOB=50.0 ROWS=3)
qwen36-27b	I1	bigrepo	enumerate	INFRA	0	1	INFRA HALT — model unloaded mid-sweep (HTTP 400 "No models loaded"); task did not execute (not a scored attempt)
qwen36-27b	I2	bigrepo	enumerate	INFRA	1	1	INFRA HALT — model unloaded mid-sweep (HTTP 400 "No models loaded"); task did not execute (not a scored attempt)
qwen36-27b	I3	bigrepo	locate	INFRA	0	1	INFRA HALT — model unloaded mid-sweep (HTTP 400 "No models loaded"); task did not execute (not a scored attempt)
qwen36-27b	I4	bigrepo	answer-codebase	INFRA	1	1	INFRA HALT — model unloaded mid-sweep (HTTP 400 "No models loaded"); task did not execute (not a scored attempt)
qwen36-27b	I5	bigrepo	locate	INFRA	0	1	INFRA HALT — model unloaded mid-sweep (HTTP 400 "No models loaded"); task did not execute (not a scored attempt)
qwen36-27b	I6	bigrepo	enumerate	INFRA	1	1	INFRA HALT — model unloaded mid-sweep (HTTP 400 "No models loaded"); task did not execute (not a scored attempt)
qwen36-27b	I7	bigrepo	answer-codebase	INFRA	0	1	INFRA HALT — model unloaded mid-sweep (HTTP 400 "No models loaded"); task did not execute (not a scored attempt)
qwen36-27b	I8	bigrepo	answer-codebase	INFRA	0	1	INFRA HALT — model unloaded mid-sweep (HTTP 400 "No models loaded"); task did not execute (not a scored attempt)
qwen36-27b	J1	git	git-workflow	INFRA	0	1	INFRA HALT — model unloaded mid-sweep (HTTP 400 "No models loaded"); task did not execute (not a scored attempt)
qwen36-27b	J2	git	git-workflow	INFRA	1	1	INFRA HALT — model unloaded mid-sweep (HTTP 400 "No models loaded"); task did not execute (not a scored attempt)
qwen36-27b	J3	git	git-workflow	INFRA	1	1	INFRA HALT — model unloaded mid-sweep (HTTP 400 "No models loaded"); task did not execute (not a scored attempt)
qwen36-27b	J4	git	git-workflow	INFRA	0	1	INFRA HALT — model unloaded mid-sweep (HTTP 400 "No models loaded"); task did not execute (not a scored attempt)
qwen3coder30b-ext	K1	java	locate	PASS	15	0	PASS — located computeTax in TaxCalculator.java
qwen3coder30b-ext	K2	cpp	bugfix	PASS	23	0	PASS — celsiusToFahrenheit now adds 32 (bug fixed)
qwen3coder30b-ext	K3	csharp	locate	FAIL	8	0	FAIL — transcript does not identify OrderValidator.cs as the definition site
qwen3coder30b-ext	K4	php	bugfix	PASS	18	0	PASS — isEven now tests evenness correctly
qwen3coder30b-ext	K5	kotlin	locate	PASS	13	0	PASS — located data class Invoice in Invoice.kt
qwen3coder30b-ext	K6	ruby	bugfix	PASS	31	0	PASS — passing? now includes exactly 60 (inclusive >= 60)
qwen3coder30b-ext	K7	js	replace-all	PASS	41	0	PASS — renamed all 30 occurrences trackEvent->recordEvent (0 left)
qwen3coder30b-ext	K8	ts	scoped-grep	FAIL	9	0	FAIL — did not report API_TIMEOUT_MS=8000 from the .ts files
qwen3coder30b	A1	rust	bugfix	PASS	24	0	PASS — cargo test succeeded (test_average fixed)
qwen3coder30b	A2	rust	add-feature	PASS	32	0	PASS — cargo test succeeded (median added)
qwen3coder30b	A3	rust	run-tests	PASS	9	0	PASS — transcript reports 4 tests passed
qwen3coder30b	A4	rust	refactor	PASS	34	0	PASS — add renamed to sum2 throughout; tests pass
qwen3coder30b	A5	rust	multi-file	PASS	18	0	PASS — MAX_RETRIES raised to 5; retry test passes
qwen3coder30b	A6	rust	explain	PASS	17	0	PASS — explanation covers dedup of consecutive/adjacent duplicates
qwen3coder30b	A7	rust	debug-error	FAIL	8	0	FAIL — cargo build still failing:\nerror[E0600]: cannot apply unary operator `-` to type `u32`
qwen3coder30b	B1	python	bugfix	PASS	24	0	PASS — test_stats passes (mean fixed): OK
qwen3coder30b	B2	python	add-feature	PASS	22	0	PASS — variance added, test passes: OK
qwen3coder30b	B3	python	multi-file	FAIL	35	0	FAIL — geometry tests failing (rc=1): Ran 3 tests in 0.001s
qwen3coder30b	B4	python	create-file	PASS	32	0	PASS — utils.py created and clamp test passes: OK
qwen3coder30b	B5	python	debug-error	PASS	19	0	PASS — app.py runs and counts 'l' as 2: {'h': 1, 'e': 1, 'l': 2, 'o': 1}
qwen3coder30b	B7	python	run-tests	PASS	16	0	PASS — transcript reports 3 tests passing
qwen3coder30b	B8	python	answer-codebase	PASS	15	0	PASS — transcript identifies the real retry count as 2 (MAX_ATTEMPTS)
qwen3coder30b	C1	js	bugfix	PASS	27	0	PASS — test.js passes (cartTotal fixed)
qwen3coder30b	C2	js	add-feature	PASS	19	0	PASS — test.js passes (applyDiscount added)
qwen3coder30b	C3	js	run-tests	PASS	18	0	PASS — tests green and agent reported 5 passed
qwen3coder30b	C4	js	create-file	PASS	34	0	PASS — slug.js created and test.js passes
qwen3coder30b	C5	js	multi-file	PASS	24	0	PASS — tax rate updated to 0.08 and test.js passes
qwen3coder30b	C6	js	explain	PASS	18	0	PASS — explanation covers grouping, object return, and collection-valued buckets
qwen3coder30b	C7	js	debug-error	PASS	19	0	PASS — report.js runs and prints member names (incl. Ada)
qwen3coder30b	D1	ts	bugfix	PASS	57	0	PASS — node test.ts passed — emails without @ are now rejected
qwen3coder30b	D2	ts	locate	FAIL	7	0	FAIL — transcript does not identify session.ts as the definition site
qwen3coder30b	D4	ts	multi-file	PASS	30	0	PASS — User.role added and label() returns 'name (role)'; node test.ts passed
qwen3coder30b	D6	ts	run-tests	PASS	18	0	PASS — tests green and agent reported 6 passed
qwen3coder30b	E1	go	bugfix	PASS	21	0	PASS — calc.go Max fixed to return the larger value (buggy line removed)
qwen3coder30b	E2	go	refactor	PASS	34	0	PASS — GetUserName renamed to DisplayName everywhere (defn in user.go + 2 call sites; 3 total)
qwen3coder30b	E3	go	locate	PASS	10	0	PASS — transcript identifies handlers/checkout.go as defining handleCheckout
qwen3coder30b	E4	go	explain	PASS	19	0	PASS — explanation covers both deduplication and sorting
qwen3coder30b	F1	shell	bugfix	PASS	17	0	PASS — greet.sh prints 'Hello, Ada!' and 'Hello, Grace!'
qwen3coder30b	F2	shell	create-file	PASS	17	0	PASS — count.sh prints 5 for the 5-line data.txt
qwen3coder30b	F3	shell	explain	FAIL	8	0	FAIL — explanation does not convey counting unique occurrences
qwen3coder30b	F4	shell	refactor	FAIL	9	0	FAIL — old name 'process_file' still present:\n./lib.sh:4:process_file() {
qwen3coder30b	G1	html	add-feature	PASS	23	0	PASS — Contact->contact.html added inside nav/ul; Home+About intact (3 nav links)
qwen3coder30b	G4	css	refactor	PASS	35	0	PASS — btn-primary -> button-main renamed in styles.css rule + 2 html usages (3 total); styles intact
qwen3coder30b	H2	sql	add-feature	PASS	15	0	PASS — top_customer.sql returns exactly one row: Ada
qwen3coder30b	H3	sql	create-file	PASS	13	0	PASS — products table created with id/name/price and 2 seeded rows
qwen3coder30b	H4	sql	debug-error	PASS	38	0	PASS — report.sql runs cleanly; Ada=150, Bob=50 (150.0 BOB=50.0 ROWS=2)
qwen3coder30b	I1	bigrepo	enumerate	PASS	52	0	PASS — enumerated 6/6 CLAUDETTE_FORGE_ vars
qwen3coder30b	I2	bigrepo	enumerate	PASS	43	0	PASS — enumerated 8/8 forge roles
qwen3coder30b	I3	bigrepo	locate	FAIL	8	0	FAIL — did not land on source value 3 w/ location (deep-localization weak spot; likely trusted docs=2)
qwen3coder30b	I4	bigrepo	answer-codebase	PASS	27	0	PASS — named qwen3-coder default + source location
qwen3coder30b	I5	bigrepo	locate	FAIL	9	0	FAIL — did not name conversation.rs
qwen3coder30b	I6	bigrepo	enumerate	PASS	82	0	PASS — enumerated 7/7 CLI modes
qwen3coder30b	I7	bigrepo	answer-codebase	PASS	36	0	PASS — correctly states no telemetry / local-first
qwen3coder30b	I8	bigrepo	answer-codebase	PASS	130	0	PASS — described threshold+summarize mechanism
qwen3coder30b	J1	git	git-workflow	FAIL	7	0	FAIL — did not identify notes.txt as the uncommitted change
qwen3coder30b	J2	git	git-workflow	PASS	14	0	PASS — committed greet.py with subject: Add greeting script
qwen3coder30b	J3	git	git-workflow	FAIL	8	0	FAIL — did not report the most-recent commit message
qwen3coder30b	J4	git	git-workflow	FAIL	9	0	FAIL — feature/login branch was not created
screen-champ-mtp-q4kxl-llsrv	A1	rust	bugfix	PASS	38	0	PASS — cargo test succeeded (test_average fixed)
screen-champ-mtp-q4kxl-llsrv	A7	rust	debug-error	PASS	24	0	PASS — cargo build succeeded (type error fixed)
screen-champ-mtp-q4kxl-llsrv	C1	js	bugfix	PASS	19	0	PASS — test.js passes (cartTotal fixed)
screen-champ-mtp-q4kxl-llsrv	C4	js	create-file	PASS	93	0	PASS — slug.js created and test.js passes
screen-champ-mtp-q4kxl-llsrv	D1	ts	bugfix	PASS	26	0	PASS — node test.ts passed — emails without @ are now rejected
screen-champ-mtp-q4kxl-llsrv	F1	shell	bugfix	PASS	15	0	PASS — greet.sh prints 'Hello, Ada!' and 'Hello, Grace!'
screen-champ-mtp-q4kxl-llsrv	H2	sql	add-feature	PASS	21	0	PASS — top_customer.sql returns exactly one row: Ada
screen-champ-mtp-q4kxl-llsrv	H4	sql	debug-error	PASS	22	0	PASS — report.sql runs cleanly; Ada=150, Bob=50 (150.0 BOB=50.0 ROWS=2)
screen-champ-mtp-q4kxl-llsrv	I6	bigrepo	enumerate	PASS	45	0	PASS — enumerated 7/7 CLI modes
screen-champ-mtp-q4kxl-llsrv	I8	bigrepo	answer-codebase	PASS	106	0	PASS — described threshold+summarize mechanism
screen-gemma4-coder-fable5	A1	rust	bugfix	FAIL	21	1	FAIL — cargo test failed:\n
screen-gemma4-coder-fable5	A7	rust	debug-error	FAIL	18	0	FAIL — cargo build still failing:\nerror[E0600]: cannot apply unary operator `-` to type `u32`
screen-gemma4-coder-fable5	C1	js	bugfix	FAIL	21	0	FAIL — node test.js exited 1:   throw new Error(`cartTotal expected ${want} but got ${got}`);
screen-gemma4-coder-fable5	C4	js	create-file	FAIL	14	0	FAIL — slug.js was not created
screen-gemma4-coder-fable5	D1	ts	bugfix	FAIL	34	0	FAIL — node test.ts exited 1: SyntaxError: The requested module './validate.ts' does not provide an export named 'isValidEmail'
screen-gemma4-coder-fable5	F1	shell	bugfix	FAIL	21	0	FAIL — missing line 'Hello, Ada!' (got: Hello, Ada
screen-gemma4-coder-fable5	H2	sql	add-feature	FAIL	9	0	FAIL — top_customer.sql did not produce a usable result: ERR: query returned no rows 
screen-gemma4-coder-fable5	H4	sql	debug-error	FAIL	11	0	FAIL — report.sql still broken or wrong totals: ERR: OperationalError: no such column: o.total 
screen-gemma4-coder-fable5	I6	bigrepo	enumerate	FAIL	30	0	FAIL — only 0/7 CLI modes (need >=6; enumeration weak spot)
screen-gemma4-coder-fable5	I8	bigrepo	answer-codebase	PASS	45	0	PASS — described threshold+summarize mechanism
screen-glm47-flash	A1	rust	bugfix	PASS	119	0	PASS — cargo test succeeded (test_average fixed)
screen-glm47-flash	A7	rust	debug-error	PASS	41	0	PASS — cargo build succeeded (type error fixed)
screen-glm47-flash	C1	js	bugfix	PASS	64	0	PASS — test.js passes (cartTotal fixed)
screen-glm47-flash	C4	js	create-file	PASS	67	0	PASS — slug.js created and test.js passes
screen-glm47-flash	D1	ts	bugfix	PASS	81	0	PASS — node test.ts passed — emails without @ are now rejected
screen-glm47-flash	F1	shell	bugfix	PASS	71	0	PASS — greet.sh prints 'Hello, Ada!' and 'Hello, Grace!'
screen-glm47-flash	H2	sql	add-feature	PASS	45	0	PASS — top_customer.sql returns exactly one row: Ada
screen-glm47-flash	H4	sql	debug-error	PASS	55	0	PASS — report.sql runs cleanly; Ada=150, Bob=50 (150.0 BOB=50.0 ROWS=2)
screen-glm47-flash	I6	bigrepo	enumerate	FAIL	183	1	FAIL — only 0/7 CLI modes (need >=6; enumeration weak spot)
screen-glm47-flash	I8	bigrepo	answer-codebase	FAIL	2	1	FAIL — missing threshold(0) or mechanism(1)
screen-q36-official-v0160	C1	js	bugfix	PASS	114	0	PASS — test.js passes (cartTotal fixed)
screen-q36-official-v0160	A1	rust	bugfix	PASS	113	0	PASS — cargo test succeeded (test_average fixed)
screen-q36-official-v0160	C4	js	create-file	PASS(TIMEOUT)	150	124	PASS — slug.js created and test.js passes
screen-q36-official-v0160	A7	rust	debug-error	PASS	149	0	PASS — cargo build succeeded (type error fixed)
screen-q36-official-v0160	C1	js	bugfix	PASS	117	0	PASS — test.js passes (cartTotal fixed)
screen-q36-official-v0160	D1	ts	bugfix	PASS(TIMEOUT)	151	124	PASS — node test.ts passed — emails without @ are now rejected
screen-q36-official-v0160	C4	js	create-file	PASS(TIMEOUT)	150	124	PASS — slug.js created and test.js passes
screen-q36-official-v0160	F1	shell	bugfix	PASS	95	0	PASS — greet.sh prints 'Hello, Ada!' and 'Hello, Grace!'
screen-q36-official-v0160	H2	sql	add-feature	PASS	109	0	PASS — top_customer.sql returns exactly one row: Ada
screen-q36-official-v0160	D1	ts	bugfix	PASS(TIMEOUT)	150	124	PASS — node test.ts passed — emails without @ are now rejected
screen-q36-official-v0160	F1	shell	bugfix	PASS	84	0	PASS — greet.sh prints 'Hello, Ada!' and 'Hello, Grace!'
screen-q36-official-v0160	H2	sql	add-feature	PASS	88	0	PASS — top_customer.sql returns exactly one row: Ada
screen-q36-official-v0160	H4	sql	debug-error	FAIL(TIMEOUT)	180	124	FAIL — schema.sql missing
screen-q36-official-v0160	H4	sql	debug-error	FAIL	157	0	FAIL — schema.sql missing
screen-q36-official-v0160	I6	bigrepo	enumerate	FAIL	51	1	FAIL — only 0/7 CLI modes (need >=6; enumeration weak spot)
screen-q36-official-v0160	I6	bigrepo	enumerate	FAIL	215	1	FAIL — only 0/7 CLI modes (need >=6; enumeration weak spot)
screen-q36-official-v0160	I8	bigrepo	answer-codebase	FAIL	3	1	FAIL — missing threshold(0) or mechanism(1)
screen-q36-official-v0160	I8	bigrepo	answer-codebase	FAIL	2	1	FAIL — missing threshold(0) or mechanism(1)
screen-qwen3coder30b	A1	rust	bugfix	PASS	32	0	PASS — cargo test succeeded (test_average fixed)
screen-qwen3coder30b	A7	rust	debug-error	FAIL	9	0	FAIL — cargo build still failing:\nerror[E0600]: cannot apply unary operator `-` to type `u32`
screen-qwen3coder30b	C1	js	bugfix	PASS	24	0	PASS — test.js passes (cartTotal fixed)
screen-qwen3coder30b	C4	js	create-file	PASS	19	0	PASS — slug.js created and test.js passes
screen-qwen3coder30b	D1	ts	bugfix	PASS	52	0	PASS — node test.ts passed — emails without @ are now rejected
screen-qwen3coder30b	F1	shell	bugfix	PASS	20	0	PASS — greet.sh prints 'Hello, Ada!' and 'Hello, Grace!'
screen-qwen3coder30b	H2	sql	add-feature	PASS	15	0	PASS — top_customer.sql returns exactly one row: Ada
screen-qwen3coder30b	H4	sql	debug-error	PASS	21	0	PASS — report.sql runs cleanly; Ada=150, Bob=50 (150.0 BOB=50.0 ROWS=2)
screen-qwen3coder30b	I6	bigrepo	enumerate	PASS	87	0	PASS — enumerated 7/7 CLI modes
screen-qwen3coder30b	I8	bigrepo	answer-codebase	PASS	103	0	PASS — described threshold+summarize mechanism
smoke-champ-bs-mtpgpu2-64k	A1	rust	bugfix	PASS	14	0	PASS — cargo test succeeded (test_average fixed)
smoke-champ-bs-mtpgpu2-lms	A1	rust	bugfix	PASS	14	0	PASS — cargo test succeeded (test_average fixed)
smoke-champ-iq4xs-lms	A1	rust	bugfix	PASS	40	0	PASS — cargo test succeeded (test_average fixed)
smoke-champ-q4kxl-lms	A1	rust	bugfix	PASS	63	0	PASS — cargo test succeeded (test_average fixed)
smoke-coder30b	Q01	rust	implement-spec	PASS	36	0	PASS — all 6 hidden slug tests passed
smoke-coder30b	Q13	python	implement-spec	PASS	65	0	PASS — all hidden CSV tests passed
smoke-coder30b	Q26	js	implement-spec	PASS	52	0	PASS — all hidden deepEqual tests passed
smoke-coder30b	Q35	ts	implement-spec	FAIL	53	0	FAIL — hidden tests failed: AssertionError [ERR_ASSERTION]: split on first = only 
smoke-coder30b	Q43	shell	bugfix	PASS	98	0	PASS — line counts correct with and without trailing newline
smoke-gemma4-26b	A1	rust	bugfix	FAIL	1	1	FAIL — cargo test failed:\n
smoke-glm47-flash	A1	rust	bugfix	FAIL	102	0	FAIL — cargo test failed:\n
smoke-gpt-oss-20b	A1	rust	bugfix	PASS	5	0	PASS — cargo test succeeded (test_average fixed)
smoke-gptoss20b-v0160	A1	rust	bugfix	PASS	18	0	PASS — cargo test succeeded (test_average fixed)
smoke-gptoss20b	Q01	rust	implement-spec	PASS	16	0	PASS — all 6 hidden slug tests passed
smoke-gptoss20b	Q13	python	implement-spec	PASS	7	0	PASS — all hidden CSV tests passed
smoke-gptoss20b	Q26	js	implement-spec	PASS	9	0	PASS — all hidden deepEqual tests passed
smoke-gptoss20b	Q35	ts	implement-spec	FAIL	3	1	FAIL — hidden tests failed: AssertionError [ERR_ASSERTION]: repeated key 
smoke-gptoss20b	Q43	shell	bugfix	PASS	16	0	PASS — line counts correct with and without trailing newline
smoke-granite41-8b	A1	rust	bugfix	FAIL	31	0	FAIL — cargo test failed:\nerror[E0308]: mismatched types
smoke-nemotron-4b	A1	rust	bugfix	FAIL	30	0	FAIL — cargo test failed:\n
smoke-nemotron-omni-r	A1	rust	bugfix	PASS	50	0	PASS — cargo test succeeded (test_average fixed)
smoke-q3-35b-v0160	A1	rust	bugfix	PASS	34	0	PASS — cargo test succeeded (test_average fixed)
smoke-q3-35b	A1	rust	bugfix	FAIL	1	126	FAIL — cargo test failed:\n
smoke-q3-35b	A1	rust	bugfix	PASS	37	0	PASS — cargo test succeeded (test_average fixed)
smoke-q4-35b	A1	rust	bugfix	PASS	46	0	PASS — cargo test succeeded (test_average fixed)
smoke-qwen35-4b-v0160	A1	rust	bugfix	PASS	22	0	PASS — cargo test succeeded (test_average fixed)
smoke-qwen35-4b	A1	rust	bugfix	PASS	13	0	PASS — cargo test succeeded (test_average fixed)
smoke-qwen35-9b-v0160	A1	rust	bugfix	FAIL	13	1	FAIL — cargo test failed:\n
smoke-qwen35-9b	A1	rust	bugfix	PASS	14	0	PASS — cargo test succeeded (test_average fixed)
smoke-qwen36-27b	A1	rust	bugfix	PASS	60	0	PASS — cargo test succeeded (test_average fixed)
smoke-qwen3coder30b	A1	rust	bugfix	PASS	40	0	PASS — cargo test succeeded (test_average fixed)
